{"type": "FeatureCollection", "features": [{"type": "Feature", "properties": {"codigo": "EAa1", "capa_cad": "EAa1_255", "lamina": "edificacion"}, "geometry": {"type": "Polygon", "coordinates": [[[-70.57546626563443, -33.42838438427338], [-70.57561666711106, -33.42838247337592], [-70.57599836863604, -33.428692905373964], [-70.57611173995018, -33.428722992723706], [-70.57630259199391, -33.42887820806344], [-70.57641596364516, -33.42890829512398], [-70.5767971002014, -33.42918720349648], [-70.57683470089394, -33.42918672537569], [-70.57683584110961, -33.42924976735107], [-70.57691218281988, -33.429311853045455], [-70.57691275295798, -33.42934337403141], [-70.5770272657705, -33.429436502475525], [-70.57702783595288, -33.4294680234591], [-70.57714234905326, -33.4295611517867], [-70.57714291927994, -33.429592672767896], [-70.57748760089451, -33.429935099006876], [-70.57748874161453, -33.429998140954794], [-70.57779468408887, -33.430278002626835], [-70.57779582504573, -33.430341044561914], [-70.57783456720524, -33.430403608057134], [-70.57794908240751, -33.43049673556471], [-70.57795022348546, -33.43055977749287], [-70.57814165345651, -33.43074651070423], [-70.57818210794153, -33.43090363695154], [-70.57825845207407, -33.430965721730345], [-70.57826130538545, -33.43112332651402], [-70.57784768881758, -33.4311285902411], [-70.57780951680502, -33.43109754773017], [-70.57683187754745, -33.43110998347574], [-70.57679370589209, -33.431078940641086], [-70.5758160663645, -33.431091368373835], [-70.57577789506637, -33.43106032521546], [-70.57547708288493, -33.43106414748806], [-70.57543891171552, -33.431033104221285], [-70.57510049805781, -33.431037403298724], [-70.57502472552056, -33.43100683751795], [-70.57502130858451, -33.43081771147845], [-70.57505834051246, -33.4307857128689], [-70.57505606252204, -33.43065962884078], [-70.57509309437204, -33.430627630222425], [-70.57508910783406, -33.43040698316949], [-70.57512613956803, -33.43037498454348], [-70.57512500053976, -33.430311942527645], [-70.57516203222119, -33.43027994389202], [-70.57515975412451, -33.43015385985989], [-70.57519678572798, -33.43012186121544], [-70.57519109042138, -33.4298066511273], [-70.57522812187074, -33.42977465247642], [-70.57522413512, -33.42955400540746], [-70.57526116645333, -33.429522006748925], [-70.57526002736427, -33.429458964728504], [-70.57529705864505, -33.429426966060355], [-70.5752947804268, -33.42930088201908], [-70.57533181162964, -33.429268883342104], [-70.57532554646296, -33.42892215221902], [-70.57536257749899, -33.42889015353601], [-70.5753591601044, -33.428701027462665], [-70.57543208276743, -33.42857398804596], [-70.57542980442763, -33.4284479039955], [-70.57546626563443, -33.42838438427338]]]}}, {"type": "Feature", "properties": {"codigo": "EAa1", "capa_cad": "EAa1_255", "lamina": "edificacion"}, "geometry": {"type": "Polygon", "coordinates": [[[-70.59954311950437, -33.418523134407884], [-70.59922151953523, -33.41944159803929], [-70.59740182657704, -33.42069464708684], [-70.595718736064, -33.41913990589641], [-70.59436758377805, -33.41928339563803], [-70.59153521908921, -33.4186261543442], [-70.59118765522858, -33.41812616274383], [-70.59032870220302, -33.418452461862294], [-70.58425171675121, -33.417206050167366], [-70.58395725024342, -33.417556621926614], [-70.58419599150075, -33.41827872235197], [-70.58311715421665, -33.41892306287483], [-70.58162372859009, -33.421590489965766], [-70.58161585877004, -33.42323005883236], [-70.58992591182736, -33.42523618755915], [-70.58982173635331, -33.425710445772836], [-70.58874227868895, -33.426323315170876], [-70.58209448588872, -33.4247373088589], [-70.5813430837848, -33.42477842081982], [-70.58083384568965, -33.425730760244356], [-70.57713487333302, -33.42498965141819], [-70.57591575783098, -33.42412235815179], [-70.57387297093963, -33.42137381099184], [-70.57510685219133, -33.42097980682028], [-70.57471778962848, -33.420259596787865], [-70.56465930739598, -33.41717101011346], [-70.56113263897096, -33.41762531937313], [-70.5607634476521, -33.41800830649461], [-70.55926410857236, -33.41827939248216], [-70.55779559996611, -33.418171732413846], [-70.55746455070279, -33.41858575927604], [-70.55577608223473, -33.41879612143301], [-70.55578612780997, -33.41725110306947], [-70.562759188531, -33.41605994464532], [-70.56343872849308, -33.416209022555655], [-70.56444758351749, -33.4158494893353], [-70.57457995906633, -33.418874101737885], [-70.57447911999789, -33.41953747619162], [-70.57478558417426, -33.41984886816967], [-70.57535067337072, -33.41990474818209], [-70.5760587449919, -33.41954894095946], [-70.57713424873242, -33.420796400104024], [-70.57848374902927, -33.420558533654905], [-70.57955244852576, -33.42142771836492], [-70.5802217746651, -33.42100932447246], [-70.58157971238015, -33.419163376035065], [-70.5816053048744, -33.418500956265866], [-70.5829858976402, -33.415834969177034], [-70.58377882274573, -33.41601401608633], [-70.58437690556677, -33.415817207941075], [-70.58502632697703, -33.416376418882585], [-70.58551047848066, -33.41611800472561], [-70.58572573328995, -33.415547744407874], [-70.58689174050808, -33.41556435970952], [-70.59013809237175, -33.41624793096079], [-70.59018545637616, -33.416783303387476], [-70.59079272674492, -33.41709079803832], [-70.59206290903393, -33.41663310505371], [-70.59719602319639, -33.41767059422038], [-70.59954311950437, -33.418523134407884]]]}}, {"type": "Feature", "properties": {"codigo": "EAa1", "capa_cad": "EAa1_255", "lamina": "edificacion"}, "geometry": {"type": "Polygon", "coordinates": [[[-70.6020781292685, -33.413225213690595], [-70.60121406051636, -33.41326789960086], [-70.6009896571643, -33.41333385267621], [-70.60031297548937, -33.41334258527075], [-70.59982599497758, -33.41344345199948], [-70.59941246656722, -33.41344878516006], [-70.59881270362483, -33.413551102219536], [-70.59809900342746, -33.41359182811135], [-70.59757442497246, -33.41369317048063], [-70.59663573764719, -33.41376831385813], [-70.59641132921098, -33.4138342587839], [-70.59596020453043, -33.413840064352264], [-70.59584627005447, -33.413778473937235], [-70.59543216276043, -33.413752273097536], [-70.59509209031366, -33.41366206238506], [-70.59475374726537, -33.41366641309756], [-70.59445069329034, -33.41354419643155], [-70.59392380645468, -33.41351944025972], [-70.59358316049537, -33.413397704521735], [-70.59316905537561, -33.41337149604877], [-70.5930551233889, -33.41330990298804], [-70.59279139296389, -33.41328176177828], [-70.59279024191066, -33.41321872012774], [-70.59263756594831, -33.41309456776677], [-70.59263353769526, -33.41287392196371], [-70.59270642249267, -33.412746873208285], [-70.5927741275417, -33.41233613694907], [-70.5929996863608, -33.412333240277015], [-70.59341608944644, -33.41248553274704], [-70.59405632551245, -33.41254036272525], [-70.59435937542786, -33.41266258049394], [-70.5948110706167, -33.41268830172331], [-70.59503778277514, -33.41274844290813], [-70.59522517274603, -33.41271450479696], [-70.59755653020974, -33.412716027165075], [-70.59856923628823, -33.4125768666989], [-70.59894285667713, -33.41244593815655], [-70.599954978853, -33.4122752458015], [-70.60017880220438, -33.412177773928576], [-70.60111631126381, -33.412039562904866], [-70.60134071122151, -33.41197360968908], [-70.60160386098003, -33.4119702120608], [-70.60167962532694, -33.41200076190232], [-70.60172184797659, -33.41225244200654], [-70.60187685003568, -33.412502665616024], [-70.60187974400912, -33.412660269060055], [-70.6019954175397, -33.4128164159168], [-70.6020781292685, -33.413225213690595]]]}}, {"type": "Feature", "properties": {"codigo": "EAa1", "capa_cad": "EAa1_255", "lamina": "edificacion"}, "geometry": {"type": "Polygon", "coordinates": [[[-70.58071076651015, -33.40233834146995], [-70.58119999522741, -33.40236363504372], [-70.58195977548667, -33.40279534516597], [-70.58354996155963, -33.40340562290649], [-70.58379437665094, -33.404442937028776], [-70.58406151123778, -33.404660224304415], [-70.58602822054642, -33.40529718891246], [-70.58632779632443, -33.40523030172658], [-70.58654989890745, -33.405038291540535], [-70.58661705552093, -33.40459603650777], [-70.5868021392291, -33.40443602765334], [-70.5871410210964, -33.404463220633524], [-70.58696109709298, -33.40490691859642], [-70.58700728603122, -33.405379252029284], [-70.58720441071911, -33.40588118253652], [-70.58762421425794, -33.40622262147297], [-70.58801503523301, -33.40703735407562], [-70.58819121732765, -33.4084538706214], [-70.58812349283644, -33.40886460517479], [-70.58736331397016, -33.41048227705219], [-70.58748641526587, -33.41104821030317], [-70.58643577793146, -33.41323710223778], [-70.58568104010494, -33.41308911199491], [-70.58640310523488, -33.41144040937034], [-70.586360353905, -33.41115720176453], [-70.58609319322325, -33.41093992041591], [-70.585488846365, -33.410790005452824], [-70.58488106580452, -33.410450961719015], [-70.58030887303983, -33.40713576815683], [-70.57981961761372, -33.407110471865685], [-70.5794118208244, -33.40743094806643], [-70.57835531545197, -33.409304566844476], [-70.578204947061, -33.4093064801029], [-70.5779349614782, -33.40893157498885], [-70.57698205912908, -33.40821854148646], [-70.57440421149524, -33.40705320979039], [-70.57443895888112, -33.40689512698664], [-70.57477500348556, -33.40676474790932], [-70.57968287699336, -33.40578802355342], [-70.57972503272711, -33.40603971335108], [-70.58075425605608, -33.40681481010185], [-70.581094288328, -33.406905061455205], [-70.58135628287927, -33.40683866515215], [-70.58179823196328, -33.406328577310006], [-70.58182953715689, -33.40598136664265], [-70.58167346123639, -33.40566807361377], [-70.58201063249032, -33.405600717423106], [-70.58223274580826, -33.40540871467222], [-70.58226519218557, -33.40512454596179], [-70.58199691754841, -33.40484421267662], [-70.57987532055427, -33.40395692940293], [-70.57983259500783, -33.403673718486175], [-70.58071076651015, -33.40233834146995]], [[-70.58687813448658, -33.40654745083847], [-70.58684111696459, -33.406579452668], [-70.58669075388595, -33.40658137607282], [-70.586653736279, -33.40661337784869], [-70.58661614549266, -33.406613858660634], [-70.58643105697867, -33.406773867329846], [-70.58628069353517, -33.406775790247565], [-70.58624367569315, -33.40680779190695], [-70.5862060848156, -33.40680827259711], [-70.58616906693197, -33.40684027423527], [-70.58613147603907, -33.40684075490324], [-70.58590936808086, -33.40703276444878], [-70.58591051389399, -33.40709580637301], [-70.58587349578066, -33.40712780792832], [-70.5858769331654, -33.40731693369938], [-70.58591509718218, -33.407347974063185], [-70.58591624301314, -33.407411015984025], [-70.58614522785712, -33.40759725789136], [-70.5861828190756, -33.40759677720966], [-70.5862209833239, -33.407627817471166], [-70.58637134823964, -33.407625894582715], [-70.58640951256577, -33.40765693478369], [-70.58648469504362, -33.40765597324726], [-70.58652285942222, -33.407687013411625], [-70.58656045067248, -33.407686532614385], [-70.58675127303586, -33.40784173318603], [-70.5867888643486, -33.40784125231763], [-70.58682702891535, -33.40787229238191], [-70.58686462023987, -33.40787181149017], [-70.5869027848464, -33.407902851529784], [-70.58705315018628, -33.40790092780115], [-70.58709131487065, -33.40793196778027], [-70.58712833285085, -33.40789996586854], [-70.58727869816929, -33.40789804186672], [-70.58731571606451, -33.407866039901364], [-70.58735330737743, -33.40786555886164], [-70.58757541409224, -33.407673546785965], [-70.58757426705141, -33.40761050491853], [-70.5876112847169, -33.407578502870294], [-70.58760554943954, -33.407263293526974], [-70.58756738488137, -33.40723225369966], [-70.58756623786553, -33.407169211827465], [-70.58745174444054, -33.40707609226491], [-70.58744887713344, -33.40691848757037], [-70.587410712785, -33.40688744768708], [-70.58740956589732, -33.40682440580661], [-70.58714241642033, -33.40660712625768], [-70.58710482564558, -33.406607607217595], [-70.58706666155578, -33.4065765672193], [-70.58691629849856, -33.406578490897296], [-70.58687813448658, -33.40654745083847]]]}}, {"type": "Feature", "properties": {"codigo": "EAa1", "capa_cad": "EAa1_255", "lamina": "edificacion"}, "geometry": {"type": "Polygon", "coordinates": [[[-70.5625964669857, -33.400676125661576], [-70.56263349128656, -33.40064413085291], [-70.5627462572325, -33.400642710403645], [-70.56282087009538, -33.40061024203544], [-70.56296896668806, -33.4004822624818], [-70.56308173240684, -33.400480841733724], [-70.5631563450006, -33.40044837317053], [-70.56330444081973, -33.400320393235404], [-70.563454230155, -33.40028697714624], [-70.5636393489664, -33.400127001778465], [-70.56375211419017, -33.40012558043447], [-70.56401240877389, -33.39996465691624], [-70.5641621971976, -33.39993123999584], [-70.56434787890277, -33.39980278494868], [-70.56442305541484, -33.39980183697624], [-70.56457171329733, -33.39970537692525], [-70.5647215010379, -33.39967195934722], [-70.56483257021021, -33.39957597307714], [-70.56494533465789, -33.39957455066943], [-70.56501994575078, -33.3995420810233], [-70.56516803726126, -33.39941409896925], [-70.56528080148175, -33.39941267626275], [-70.56539243503045, -33.399348210828414], [-70.56554278719308, -33.39934631359506], [-70.56558320223682, -33.39950344580643], [-70.56565950930923, -33.39956553970887], [-70.56566064017527, -33.39962858232401], [-70.56573807834125, -33.39975371878434], [-70.56574090567499, -33.39991132531021], [-70.5655557912877, -33.40007130369453], [-70.56555692210053, -33.40013434630765], [-70.56551989911632, -33.400166341954055], [-70.5655238569002, -33.40038699109742], [-70.56556201080184, -33.40041803805834], [-70.56556314163404, -33.400481080667745], [-70.56579206578678, -33.400667362158195], [-70.56594298575085, -33.40069698567256], [-70.56605688278725, -33.400758604805496], [-70.56613206006094, -33.40075765577383], [-70.56620780298698, -33.40078822798998], [-70.5663985748465, -33.40094346154503], [-70.5668900575525, -33.40109489705899], [-70.5668940189389, -33.40131554602457], [-70.56681997299059, -33.40137953809413], [-70.56678464761185, -33.40150609795669], [-70.56667357829042, -33.40160208595519], [-70.56663825262088, -33.40172864578051], [-70.56656477194763, -33.401824158991616], [-70.56656590356431, -33.40188720155646], [-70.56645483352634, -33.40198318937454], [-70.56641950740551, -33.4021097491438], [-70.56627197909194, -33.402269254003244], [-70.56608403265933, -33.402271626803326], [-70.56585680022883, -33.40217990991422], [-70.56578162172043, -33.40218085881461], [-70.5654387951352, -33.40193295791627], [-70.56536305144878, -33.40190238525702], [-70.56506177301277, -33.40187465805629], [-70.56490915562178, -33.401750469602575], [-70.56468192571718, -33.4016587504779], [-70.56453156950998, -33.40166064678357], [-70.56449341540021, -33.401629599516795], [-70.56441823731669, -33.40163054757746], [-70.56422746730148, -33.401475310933954], [-70.56400023879037, -33.40138359051469], [-70.563925060901, -33.40138453827042], [-70.56381116445372, -33.401322917165665], [-70.56373598660979, -33.401323864805335], [-70.56354578316167, -33.401200148381534], [-70.5633185560441, -33.401108426667676], [-70.56324337836716, -33.40110937400356], [-70.56312948274267, -33.40104775224569], [-70.56297856298053, -33.40101812529913], [-70.56278779681928, -33.400862886312886], [-70.56259872439261, -33.40080221105323], [-70.5625964669857, -33.400676125661576]]]}}, {"type": "Feature", "properties": {"codigo": "EAa1", "capa_cad": "EAa1_255", "lamina": "edificacion"}, "geometry": {"type": "Polygon", "coordinates": [[[-70.57495398901513, -33.40001540437802], [-70.57491810721385, -33.40011044505792], [-70.5748070488559, -33.400206440047306], [-70.57477173556119, -33.40033300185493], [-70.57466067676367, -33.400428996722944], [-70.57455302971395, -33.40071411850434], [-70.57440551892552, -33.400873632569386], [-70.57437191064227, -33.40109475777977], [-70.57418681019497, -33.40125474862758], [-70.57418794729153, -33.40131779096753], [-70.57411447539629, -33.401413308405886], [-70.57385135395482, -33.401416646801245], [-70.5737374508331, -33.401355035018824], [-70.57339744720167, -33.40126476255911], [-70.57313091712714, -33.401078972301704], [-70.57298056252775, -33.40108087881595], [-70.57267758129515, -33.400958606521364], [-70.57248907033406, -33.400929467744085], [-70.57226126736936, -33.40080624146422], [-70.57211091317684, -33.40080814691105], [-70.57199701202985, -33.40074653346516], [-70.57184665792107, -33.400748438588806], [-70.57143034634834, -33.400596070665706], [-70.57097871725945, -33.4005702621858], [-70.57086481718626, -33.400508647665376], [-70.57071446340542, -33.40051055140526], [-70.57060113082404, -33.40048045786235], [-70.57033460891925, -33.40029466132875], [-70.569844826236, -33.400237803213074], [-70.56965461694614, -33.400114096320635], [-70.56942738674674, -33.400022385888285], [-70.56935221022495, -33.40002333689798], [-70.56916143537882, -33.39986810795864], [-70.56904810411778, -33.399838012953566], [-70.56881917551233, -33.39965173758846], [-70.5687815874005, -33.39965221291013], [-70.56877875460526, -33.39949460660726], [-70.56888811916542, -33.399304053057776], [-70.56888698598272, -33.399241010536834], [-70.56903450449646, -33.399081502780724], [-70.56922244379541, -33.39907912571121], [-70.56944967129746, -33.399170836610516], [-70.56971335341416, -33.399199028993884], [-70.56997987060808, -33.39938482703061], [-70.57032043080011, -33.39950663044111], [-70.57058411414047, -33.39953482093387], [-70.5706222693928, -33.399565866300506], [-70.57065929019716, -33.39953386919009], [-70.5708096422999, -33.39953196556597], [-70.57088425102839, -33.399499492456584], [-70.5712550240311, -33.39921104135984], [-70.57151757161412, -33.39917618744219], [-70.5716662202636, -33.39907971913859], [-70.57192876725325, -33.39904486436615], [-70.5721144352101, -33.39891639806302], [-70.57237754933578, -33.39891306357007], [-70.57298292933518, -33.39912608817682], [-70.57324661214517, -33.39915427301915], [-70.57351313640594, -33.39934006324841], [-70.57366462460475, -33.39940119855155], [-70.57373980043506, -33.3994002449449], [-70.57415610992555, -33.39955260519314], [-70.57430646180785, -33.39955069733122], [-70.57438220632511, -33.39958126450777], [-70.57457298947644, -33.399736485169875], [-70.5749511450378, -33.399857798551835], [-70.57495398901513, -33.40001540437802]]]}}, {"type": "Feature", "properties": {"codigo": "EAa1", "capa_cad": "EAa1_255", "lamina": "edificacion"}, "geometry": {"type": "Polygon", "coordinates": [[[-70.5384730516219, -33.38653751741713], [-70.5387361326606, -33.386534255318075], [-70.53911862957031, -33.38690785545134], [-70.53999415999876, -33.38752756552557], [-70.54057403871126, -33.38843469806344], [-70.54141590597817, -33.38927551594826], [-70.54157125118691, -33.38955734374089], [-70.54199247142196, -33.38999351057423], [-70.5420328393576, -33.39015065203497], [-70.5425292341786, -33.39058588263016], [-70.54328984228796, -33.39108088230438], [-70.5437032758979, -33.391075739239255], [-70.54403708013292, -33.39081935684901], [-70.54407076272987, -33.390598237397995], [-70.54443378506932, -33.389868561152774], [-70.5444674663885, -33.389647441600815], [-70.54479289781456, -33.38891823221895], [-70.54498081740894, -33.38891589248995], [-70.54509524250281, -33.38900905352567], [-70.54502899881066, -33.38951433623332], [-70.54437868826017, -33.39100427700526], [-70.54438314882742, -33.39125645036106], [-70.54468940514792, -33.39156792405548], [-70.54499175902943, -33.39165874531608], [-70.54625104775434, -33.39271503038608], [-70.54625495573195, -33.39293568181692], [-70.5457752724058, -33.39344611639335], [-70.54573991899865, -33.393572671206954], [-70.54544369577685, -33.3938285900597], [-70.54521762169456, -33.39379987726116], [-70.54216396585744, -33.39118946695615], [-70.54185493641384, -33.390720378167664], [-70.54105119128137, -33.38991061890775], [-70.540741616291, -33.389410005219915], [-70.54005286918485, -33.3887249255434], [-70.53993567010446, -33.38847415094403], [-70.53928396469635, -33.38775707830784], [-70.53924360295511, -33.38759993572036], [-70.53859302068786, -33.386945902554594], [-70.53847638368788, -33.38672664809758], [-70.5384730516219, -33.38653751741713]]]}}, {"type": "Feature", "properties": {"codigo": "EAa1", "capa_cad": "EAa1_255", "lamina": "edificacion"}, "geometry": {"type": "Polygon", "coordinates": [[[-70.48350489502913, -33.38597723435559], [-70.48351239201283, -33.386418550511664], [-70.48347534359249, -33.38645052241797], [-70.4829115846111, -33.38645726092771], [-70.48290355537537, -33.38598442206195], [-70.48350489502913, -33.38597723435559]]]}}, {"type": "Feature", "properties": {"codigo": "EAa2", "capa_cad": "EAa2", "lamina": "edificacion"}, "geometry": {"type": "Polygon", "coordinates": [[[-70.587559879861, -33.41095268527782], [-70.5878611946364, -33.41098035664946], [-70.58854245365428, -33.411223859719414], [-70.58888193639622, -33.41128256801519], [-70.58937408765973, -33.411465432203], [-70.58960021893658, -33.41149406266176], [-70.58990325936826, -33.411616291633166], [-70.59012939117147, -33.41164492110955], [-70.59043243282343, -33.41176714874743], [-70.59054521163014, -33.41176570261292], [-70.5913392628242, -33.41200774363874], [-70.59235772621057, -33.412183842265414], [-70.59236290436891, -33.41246752979465], [-70.59232588650697, -33.412499533246844], [-70.59229404662065, -33.412815224211464], [-70.59222173647392, -33.41297379357813], [-70.59199962733126, -33.41316581391469], [-70.59196490995815, -33.413323900619325], [-70.59192789159488, -33.41335590396355], [-70.5916647364147, -33.41335928119191], [-70.59140273124687, -33.41342569955407], [-70.59118061913013, -33.413617718497584], [-70.59114475023135, -33.41371276331509], [-70.59118751863002, -33.41399596866263], [-70.59141653220078, -33.41418219980153], [-70.59171843416716, -33.414241382258304], [-70.59172130998255, -33.4143989864396], [-70.59161542939653, -33.41477868378193], [-70.59135169484539, -33.41475053963422], [-70.59123718723279, -33.41465742409031], [-70.59089711507194, -33.41456720186137], [-70.59063453088329, -33.41460209786239], [-70.59029848208272, -33.414732519950824], [-70.58988494564218, -33.41473782153427], [-70.58943209182101, -33.41464904090041], [-70.58931816062224, -33.41458744438956], [-70.58803536755536, -33.4143516493526], [-70.58799146150417, -33.414005400846534], [-70.58772428788332, -33.41378812348577], [-70.5872691467396, -33.413573251105646], [-70.58681687465143, -33.413515981560806], [-70.58647623780631, -33.41339422600516], [-70.58647394481882, -33.41326814231877], [-70.58683726717103, -33.412569873078816], [-70.58687199365647, -33.41241178752563], [-70.58701835281792, -33.41218921717662], [-70.58705307885036, -33.412031131577535], [-70.58716299085395, -33.411872083914474], [-70.587559879861, -33.41095268527782]]]}}, {"type": "Feature", "properties": {"codigo": "EAa2", "capa_cad": "EAa2", "lamina": "edificacion"}, "geometry": {"type": "Polygon", "coordinates": [[[-70.5684564711447, -33.41084890574083], [-70.56931203670509, -33.410333630364605], [-70.56995394860162, -33.410483149283856], [-70.57040392684699, -33.410414396423235], [-70.57373027737414, -33.411381145541775], [-70.57407373354944, -33.41166054249904], [-70.57520835852385, -33.41202447849623], [-70.57584858367592, -33.41207940292451], [-70.57675652061475, -33.412383147694115], [-70.58019464990934, -33.41328524301951], [-70.58284623014269, -33.41435492310612], [-70.5829248504491, -33.414543089380736], [-70.58256206060612, -33.415272869079445], [-70.58229889844858, -33.41527622661106], [-70.57934425969547, -33.41408428145442], [-70.57280067909306, -33.41196044652469], [-70.57098654820469, -33.41144745460714], [-70.57034746448576, -33.4114555471988], [-70.56952892091746, -33.41193883289465], [-70.56930392757333, -33.411973208055706], [-70.56884203657206, -33.41138001201418], [-70.56845930457784, -33.41100651177928], [-70.5684564711447, -33.41084890574083]]]}}, {"type": "Feature", "properties": {"codigo": "EAa2", "capa_cad": "EAa2", "lamina": "edificacion"}, "geometry": {"type": "Polygon", "coordinates": [[[-70.5687719444083, -33.40539050566579], [-70.56892230673493, -33.40538860403549], [-70.56941438568495, -33.40557154980514], [-70.56986717466236, -33.405660405645406], [-70.5700949873882, -33.405783635958315], [-70.57024535029664, -33.405781732705044], [-70.57058650351837, -33.405935055725884], [-70.57190956223198, -33.406328166146096], [-70.57240392440703, -33.4066371843782], [-70.57274849347613, -33.4069796282118], [-70.57301276832138, -33.407039333984194], [-70.57368941008411, -33.40703075171547], [-70.57691200297704, -33.40850318711301], [-70.57733007119589, -33.40875009831412], [-70.57778972384725, -33.40921717740033], [-70.57848577044865, -33.41028028468959], [-70.57879164419772, -33.41056014669454], [-70.5787973483556, -33.41087535721478], [-70.57830750185477, -33.410818534519144], [-70.57377077886001, -33.40945740269023], [-70.57362040987356, -33.40945931040013], [-70.5716918476764, -33.40885319438283], [-70.5688577072219, -33.40806933426121], [-70.5685911650187, -33.40788353476842], [-70.56825227349229, -33.40785629133197], [-70.56783989803212, -33.40792456094836], [-70.5678364996546, -33.407735433551515], [-70.5687719444083, -33.40539050566579]]]}}, {"type": "Feature", "properties": {"codigo": "EAa2", "capa_cad": "EAa2", "lamina": "edificacion"}, "geometry": {"type": "Polygon", "coordinates": [[[-70.5536116244962, -33.3922762675551], [-70.55410191545644, -33.392364712965296], [-70.56125116991194, -33.39482876633352], [-70.56151709227031, -33.39498306219974], [-70.56196981900872, -33.39507194885137], [-70.56666105713649, -33.39671533595372], [-70.56652258902488, -33.39737918187034], [-70.56679079138549, -33.39765955107835], [-70.56727999206058, -33.39768490046495], [-70.56776409758966, -33.397426556338836], [-70.56795203344068, -33.397424181296806], [-70.56814676471336, -33.39780006133244], [-70.56639373537543, -33.39857888977823], [-70.5660223827515, -33.39883580545523], [-70.56561061298201, -33.39893558787255], [-70.5653378878588, -33.39840304562923], [-70.56510897078158, -33.398216763033616], [-70.56442843985103, -33.39800464719543], [-70.56449796504252, -33.39768848587945], [-70.56482551446416, -33.39708531417791], [-70.56478114667696, -33.39670753224376], [-70.56447649672099, -33.396490675035075], [-70.55657136847634, -33.39381559774134], [-70.55616129570564, -33.39400991292372], [-70.55540676927802, -33.39386173165922], [-70.55506961948163, -33.39392901492538], [-70.55481157077622, -33.394216005776556], [-70.55493499639935, -33.39481350107478], [-70.55410978156382, -33.39491842619506], [-70.55402843644383, -33.39457263122125], [-70.55413502222575, -33.39422448223835], [-70.55386687040767, -33.39394408402933], [-70.55366267253129, -33.39303231347876], [-70.5536116244962, -33.3922762675551]]]}}, {"type": "Feature", "properties": {"codigo": "EAa2", "capa_cad": "EAa2", "lamina": "edificacion"}, "geometry": {"type": "Polygon", "coordinates": [[[-70.48358907097553, -33.38871924913147], [-70.48359871153403, -33.38928665533913], [-70.48295976396265, -33.38929429332861], [-70.48295012755237, -33.38872688695727], [-70.48358907097553, -33.38871924913147]]]}}, {"type": "Feature", "properties": {"codigo": "EAa3", "capa_cad": "EAa3", "lamina": "edificacion"}, "geometry": {"type": "Polygon", "coordinates": [[[-70.5836326258831, -33.41831744531521], [-70.58378300940912, -33.41831552502386], [-70.58382117768497, -33.418346565859245], [-70.5838587735769, -33.41834608574598], [-70.58389694189258, -33.41837712655671], [-70.58397213369919, -33.4183761662721], [-70.58401030206737, -33.41840720704622], [-70.58408549389577, -33.418406246692136], [-70.58412366231646, -33.41843728742965], [-70.58412595235664, -33.41856337115445], [-70.5840889288746, -33.41859537228278], [-70.58409007387468, -33.418658414144986], [-70.58405305034013, -33.41869041526371], [-70.58405362282883, -33.41872193619496], [-70.58401659925445, -33.41875393730367], [-70.58401774420913, -33.41881697916647], [-70.58398072058226, -33.41884898026557], [-70.58383033615105, -33.418850900823536], [-70.5837921676438, -33.41881985999999], [-70.58375457154645, -33.41882034009905], [-70.58371640307901, -33.41878929925085], [-70.58364121090702, -33.418790259390896], [-70.58360304249209, -33.41875921850606], [-70.58356544641744, -33.41875969854704], [-70.58352727804234, -33.41872865763756], [-70.58348968197947, -33.4187291376552], [-70.58348739284448, -33.418603053894905], [-70.58352441655795, -33.418571052939626], [-70.58352384426374, -33.418539531999535], [-70.58356086793738, -33.41850753103426], [-70.58356029563137, -33.4184760100944], [-70.58359731926518, -33.41844400911911], [-70.5835961746305, -33.418380967239685], [-70.58363319821179, -33.418348966254776], [-70.5836326258831, -33.41831744531521]]]}}, {"type": "Feature", "properties": {"codigo": "EAa3", "capa_cad": "EAa3", "lamina": "edificacion"}, "geometry": {"type": "Polygon", "coordinates": [[[-70.56580707156601, -33.40359931681036], [-70.56628272776517, -33.402868158382915], [-70.56642686237461, -33.4025195258128], [-70.56675724440392, -33.40207395572404], [-70.5670107472367, -33.40153477062381], [-70.56708479316738, -33.40147077844214], [-70.5672727377857, -33.401468404176285], [-70.56920450735724, -33.40226372272234], [-70.56954677865012, -33.402480091614166], [-70.57037884819702, -33.402753317019666], [-70.57579681434433, -33.405049240687184], [-70.57674226734751, -33.405352510525375], [-70.57802433137783, -33.40555690641531], [-70.5780271815191, -33.40571451186314], [-70.57394515691026, -33.406617638279805], [-70.57338185990558, -33.406656312666016], [-70.57182927013957, -33.40604542819074], [-70.5698626380314, -33.40540823593462], [-70.56903167783035, -33.40519805032733], [-70.56868939681297, -33.40498168037926], [-70.56838810698046, -33.40495396161351], [-70.56581103059109, -33.403819965801176], [-70.56580707156601, -33.40359931681036]]]}}, {"type": "Feature", "properties": {"codigo": "EAa3", "capa_cad": "EAa3", "lamina": "edificacion"}, "geometry": {"type": "Polygon", "coordinates": [[[-70.4836040675166, -33.38960188098653], [-70.48360781675399, -33.389822538929714], [-70.48357076697405, -33.3898545108865], [-70.48357558736765, -33.39013821394753], [-70.48312456117517, -33.390143605847626], [-70.48308751108092, -33.39017557766713], [-70.48297475447087, -33.390176925353636], [-70.48296511764059, -33.38960951906695], [-70.4836040675166, -33.38960188098653]]]}}, {"type": "Feature", "properties": {"codigo": "EAa4", "capa_cad": "EAa4", "lamina": "edificacion"}, "geometry": {"type": "Polygon", "coordinates": [[[-70.60223313417816, -33.413475436735006], [-70.60223544995533, -33.41360151944877], [-70.60208797037578, -33.41376106526771], [-70.59990985354138, -33.4139152928907], [-70.59949805680661, -33.41401518855241], [-70.59818400785956, -33.414126711909375], [-70.59735925257918, -33.41426344909925], [-70.597062541122, -33.41448796727938], [-70.59703014091941, -33.41477213812328], [-70.59729849438573, -33.415052436116724], [-70.59899658958169, -33.41537736575747], [-70.59904169576382, -33.415786650408535], [-70.5988947844449, -33.41597771337612], [-70.5988652788256, -33.41641948805293], [-70.59879124477838, -33.41648349874804], [-70.59856567586746, -33.41648640626662], [-70.59822327953223, -33.41627012169529], [-70.59644997999251, -33.41594614977107], [-70.59640834712992, -33.415725988374106], [-70.59610355340523, -33.415509213784425], [-70.59569001445243, -33.41551453482649], [-70.59543031243076, -33.41570704486327], [-70.59516715060843, -33.41571042972986], [-70.59335627760686, -33.41538689636109], [-70.59305149237375, -33.41517011399759], [-70.59252402037043, -33.41511383134595], [-70.59229672814669, -33.41502216489417], [-70.59229442660673, -33.41489608159746], [-70.59251538840775, -33.41464101902863], [-70.59254377512241, -33.41413620315631], [-70.59265367939938, -33.41397715089609], [-70.59268379173847, -33.4135668974469], [-70.59279484614507, -33.41347088672584], [-70.59343566498131, -33.41355724051442], [-70.5940365873345, -33.41351799088475], [-70.59426387726567, -33.41360965423063], [-70.59531938165452, -33.41375372375009], [-70.59554667345968, -33.413845384683015], [-70.59611230965845, -33.41393269165805], [-70.5966744852149, -33.41383087144522], [-70.5975009694146, -33.413788701141655], [-70.59832514244015, -33.4136204424009], [-70.60110417301185, -33.41342695897527], [-70.60192833468271, -33.413258676584356], [-70.60211630151451, -33.41325624879165], [-70.60223313417816, -33.413475436735006]]]}}, {"type": "Feature", "properties": {"codigo": "EAa4", "capa_cad": "EAa4", "lamina": "edificacion"}, "geometry": {"type": "Polygon", "coordinates": [[[-70.5752255271832, -33.40672749931473], [-70.57522780335246, -33.40685358381958], [-70.57515375919249, -33.406917580768535], [-70.57515489723171, -33.40698062302154], [-70.57511787508567, -33.407012621481186], [-70.57512128914851, -33.40720174823856], [-70.57515944942402, -33.407232792026825], [-70.57516172554143, -33.407358876525414], [-70.57501136027128, -33.40736078581569], [-70.57493503973322, -33.40729869813675], [-70.57489744843882, -33.40729917540696], [-70.57485928822317, -33.407268131536526], [-70.57482169694056, -33.407268608783404], [-70.57474537661602, -33.40720652098054], [-70.57470778535789, -33.40720699819212], [-70.57466962524899, -33.40717595425971], [-70.57459444275545, -33.40717690862484], [-70.57451812266977, -33.40711482067414], [-70.57448053144704, -33.40711529781573], [-70.57440421149524, -33.40705320979039], [-70.57436662029698, -33.407053686896695], [-70.57432846037446, -33.407022642853036], [-70.57432618548984, -33.40689655829704], [-70.57440136775158, -33.40689560410149], [-70.57443839012149, -33.40686360584891], [-70.57451357235078, -33.4068626515862], [-70.57455059466466, -33.40683065330159], [-70.57470095905482, -33.40682874459632], [-70.57473798128375, -33.40679674625803], [-70.57485075452372, -33.40679531457712], [-70.57488777668217, -33.406763316195956], [-70.57500054987082, -33.40676188438015], [-70.57503757195877, -33.40672988595613], [-70.5752255271832, -33.40672749931473]]]}}, {"type": "Feature", "properties": {"codigo": "EAa4", "capa_cad": "EAa4", "lamina": "edificacion"}, "geometry": {"type": "Polygon", "coordinates": [[[-70.57709824164662, -33.406325364059626], [-70.57710165991173, -33.406514490657536], [-70.57706463869474, -33.40654648967393], [-70.57706520839601, -33.40657801077339], [-70.57699116585525, -33.40664200877574], [-70.57699230520976, -33.40670505097575], [-70.57695528387332, -33.4067370499621], [-70.576956423206, -33.40680009216224], [-70.57691940181708, -33.40683209113897], [-70.57691997147208, -33.4068636122392], [-70.57688295004334, -33.40689561120592], [-70.576732585696, -33.40689752255882], [-70.57673201610795, -33.406866001455946], [-70.57669385545887, -33.40683495816151], [-70.57669271631433, -33.40677191595376], [-70.57646375316301, -33.40658565591189], [-70.5764261622034, -33.406586133636296], [-70.57642331485897, -33.40642852808898], [-70.57649849664163, -33.40642757263448], [-70.5765355180247, -33.406395573781886], [-70.57668588152157, -33.406393662693034], [-70.57672290281971, -33.40636166378677], [-70.57687326624456, -33.40635975247254], [-70.57691028745776, -33.4063277535126], [-70.57709824164662, -33.406325364059626]]]}}, {"type": "Feature", "properties": {"codigo": "EAa4", "capa_cad": "EAa4", "lamina": "edificacion"}, "geometry": {"type": "Polygon", "coordinates": [[[-70.48354496458994, -33.39054845662841], [-70.48354550019067, -33.39057997918826], [-70.48362174285056, -33.39064212550379], [-70.48362709919161, -33.39095735107897], [-70.48355299868854, -33.39102129500849], [-70.48355353430178, -33.39105281756583], [-70.48298974563245, -33.39105955724698], [-70.4829811791744, -33.39055519618118], [-70.48354496458994, -33.39054845662841]]]}}, {"type": "Feature", "properties": {"codigo": "EAa+ca", "capa_cad": "EAa + ca", "lamina": "edificacion"}, "geometry": {"type": "Polygon", "coordinates": [[[-70.55536245500335, -33.416688905224646], [-70.55540792007815, -33.417129732988734], [-70.55548592250906, -33.417286396857705], [-70.55548985748592, -33.41750704644761], [-70.55552801568382, -33.41753809629953], [-70.55553195080469, -33.417758745876064], [-70.55557010913088, -33.4177897957102], [-70.55557516876503, -33.418073488004154], [-70.55561332724841, -33.41810453781904], [-70.55561557605525, -33.41823062327572], [-70.55565373462355, -33.418261673075], [-70.55565598350219, -33.41838775852605], [-70.55569414215545, -33.418418808309745], [-70.5556992023136, -33.41870250055817], [-70.5556251336405, -33.41876648643645], [-70.55551234389043, -33.41876790108843], [-70.5554753094698, -33.41879989397944], [-70.55532492306632, -33.41880177997934], [-70.55525029194324, -33.41883424427727], [-70.55499104954283, -33.41905819377012], [-70.5546908376494, -33.4190934858126], [-70.55465380278387, -33.41912547846932], [-70.55442822224343, -33.419128305931224], [-70.55439118726406, -33.419160298512566], [-70.5542408001618, -33.41916218321608], [-70.5542037650975, -33.41919417574365], [-70.55401578112776, -33.41919653131267], [-70.55397874596403, -33.41922852377567], [-70.5538283587147, -33.41923040798258], [-70.55379132346604, -33.41926240039184], [-70.55319033544717, -33.41930145661885], [-70.55315329992747, -33.41933344884482], [-70.55300291243832, -33.41933533205626], [-70.55289124429851, -33.41939978714295], [-70.55274085667628, -33.419401670039996], [-70.55270269859285, -33.419370619334224], [-70.55240136234185, -33.419342863079855], [-70.55236320440163, -33.41931181226507], [-70.55221281689337, -33.41931369451764], [-70.55217465903112, -33.4192826436424], [-70.55194907781873, -33.41928546660789], [-70.55183516548168, -33.41922383510648], [-70.5516847780874, -33.41922571671456], [-70.5516466204463, -33.419194665669856], [-70.55160958438503, -33.41922665745027], [-70.55145919696982, -33.41922853878502], [-70.55134752776534, -33.41929299251148], [-70.55119714021707, -33.41929487353183], [-70.55108266778392, -33.41920171989807], [-70.55089300196813, -33.41910950644867], [-70.55089075991191, -33.41898342072715], [-70.55092779614608, -33.41895142915561], [-70.55092499353194, -33.418793822001874], [-70.55099794470142, -33.41866679597028], [-70.55099458145126, -33.41847766738289], [-70.55103161743885, -33.4184456757851], [-70.55106416891138, -33.41816151272385], [-70.55144069358892, -33.41818833180104], [-70.55147772928882, -33.41815634007684], [-70.55162811485442, -33.41815445877265], [-70.55170274684416, -33.41812199662935], [-70.55192495987718, -33.417930045677466], [-70.55192383815175, -33.4178670028359], [-70.55199678712201, -33.417739976262666], [-70.5519939827054, -33.417582369158005], [-70.5521045274308, -33.417454872068845], [-70.5521034055958, -33.41739182922781], [-70.55214044071815, -33.41735983731848], [-70.55229082486349, -33.41735795525033], [-70.55258766548822, -33.41713354066829], [-70.55270045328204, -33.417132128736064], [-70.55273748807163, -33.41710013665662], [-70.5530758512759, -33.417095900147565], [-70.55311288590832, -33.41706390796024], [-70.55326326947416, -33.41706202472793], [-70.55337493440233, -33.41699756937714], [-70.55356291369111, -33.41699521491533], [-70.55359994809761, -33.41696322258843], [-70.55375033145512, -33.4169613387707], [-70.55378736577666, -33.41692934639005], [-70.55412572814987, -33.41692510703653], [-70.5541638856161, -33.416956157332464], [-70.55423907727038, -33.41695521510475], [-70.55427611140412, -33.41692322258335], [-70.55442649464436, -33.416921337947954], [-70.55461222642676, -33.41679289635412], [-70.55476260941835, -33.416791011317756], [-70.55479964328633, -33.41675901864672], [-70.55513744283718, -33.41672325517273], [-70.55517447653526, -33.41669126239422], [-70.55536245500335, -33.416688905224646]], [[-70.55345798573308, -33.41743792724568], [-70.55342038968442, -33.4174383981345], [-70.55338223225546, -33.417407347610535], [-70.55330704018091, -33.41740828933011], [-70.55326888280449, -33.41737723876958], [-70.55311849869571, -33.417379122024286], [-70.55308034139723, -33.417348071403296], [-70.55292995732529, -33.41734995442801], [-70.55289292250633, -33.417381946564724], [-70.55274253836261, -33.41738382936392], [-70.55270550345872, -33.417415821446895], [-70.55266790740616, -33.4174162921074], [-70.55244569732609, -33.417608244321094], [-70.55244625837142, -33.41763976573548], [-70.55240922325035, -33.41767175773496], [-70.55241034531824, -33.41773480056399], [-70.55237331014463, -33.41776679255381], [-70.5523749932149, -33.417861356797275], [-70.55233795797604, -33.41789334877784], [-70.55233908000186, -33.417956391606744], [-70.55230204471044, -33.41798838357765], [-70.55230541073263, -33.41817751206269], [-70.55234356814003, -33.41820856291565], [-70.55234469018332, -33.41827160574118], [-70.55257363537119, -33.41845791058397], [-70.55261123187431, -33.41845743993915], [-70.55264938951335, -33.41848849068996], [-70.55268698602829, -33.418488020021805], [-70.55272514370718, -33.41851907074798], [-70.55287552980906, -33.41851718791367], [-70.55291368756589, -33.4185482385794], [-70.55295072285475, -33.41851624642819], [-70.55310110893565, -33.41851436332057], [-70.55313814413958, -33.41848237111562], [-70.55321333714588, -33.418481429471825], [-70.55325037229375, -33.418449437234784], [-70.55336316175332, -33.41844802465119], [-70.5534001968307, -33.418416032371226], [-70.55347538977048, -33.418415090570235], [-70.5535124247918, -33.41838309825819], [-70.55355002124593, -33.41838262732978], [-70.55377223071713, -33.41819067317334], [-70.55377110764572, -33.418127630389705], [-70.55380814243715, -33.418095637994554], [-70.55380421162583, -33.41787498824926], [-70.5537660538676, -33.417843937855], [-70.55376436929065, -33.41774937367372], [-70.5537262116029, -33.417718323264594], [-70.55372508858486, -33.41765528047477], [-70.55345798573308, -33.41743792724568]]]}}, {"type": "Feature", "properties": {"codigo": "EAa+ca", "capa_cad": "EAa + ca", "lamina": "edificacion"}, "geometry": {"type": "Polygon", "coordinates": [[[-70.48348284056149, -33.386891838546255], [-70.48355907985416, -33.38695398502628], [-70.4835671129339, -33.387426823677536], [-70.48292817895906, -33.38743446113052], [-70.4829190787336, -33.386898577168324], [-70.48348284056149, -33.386891838546255]]]}}, {"type": "Feature", "properties": {"codigo": "EAa+cm", "capa_cad": "EAa+ cm", "lamina": "edificacion"}, "geometry": {"type": "Polygon", "coordinates": [[[-70.5978520146654, -33.41447779927098], [-70.59786067549337, -33.41495061037034], [-70.59771029879666, -33.41495254755553], [-70.59767212729327, -33.414921511081715], [-70.59752175063286, -33.41492344803689], [-70.5974835792073, -33.41489241150251], [-70.59740839089706, -33.41489337988786], [-70.59737021952398, -33.41486234331685], [-70.59725743708988, -33.414863795773584], [-70.59721926578194, -33.414832759153995], [-70.59710648337779, -33.414834211472375], [-70.59706831213502, -33.41480317480418], [-70.59699312388642, -33.41480414293557], [-70.59695495269615, -33.414773106230754], [-70.59680457623887, -33.41477504230908], [-70.59676640512642, -33.414744005543696], [-70.59669121691773, -33.41474497349062], [-70.59668890905175, -33.41461889045836], [-70.59695206738645, -33.414615502461], [-70.59698908435786, -33.41458349766194], [-70.59725224254727, -33.414580109031014], [-70.59728925939025, -33.41454810414589], [-70.59743963542083, -33.41454616749163], [-70.5974766521788, -33.41451416255286], [-70.59766462212446, -33.414511741424825], [-70.59770163878294, -33.4144797364216], [-70.5978520146654, -33.41447779927098]]]}}, {"type": "Feature", "properties": {"codigo": "EAa+cm", "capa_cad": "EAa+ cm", "lamina": "edificacion"}, "geometry": {"type": "Polygon", "coordinates": [[[-70.56535348706906, -33.40975308150837], [-70.5656166347157, -33.40974976040425], [-70.5656547928822, -33.4097808071712], [-70.56572997794154, -33.409779858157954], [-70.56576813616054, -33.40981090488833], [-70.56599425716651, -33.40983957875419], [-70.56603241550323, -33.40987062539945], [-70.56618335158852, -33.40990024811261], [-70.56622151001757, -33.40993129469666], [-70.5662624978442, -33.4101199474949], [-70.56656776704858, -33.41036831957987], [-70.56664351860071, -33.41039889123657], [-70.56671870415697, -33.41039794160874], [-70.56675686299482, -33.410428988013756], [-70.56690723414752, -33.410427088573684], [-70.56702114481749, -33.410488706337674], [-70.56717151605405, -33.41048680657431], [-70.56720967508751, -33.41051785283373], [-70.56743523199202, -33.41051500277545], [-70.56747339112873, -33.410546048950486], [-70.56754857678189, -33.41054509881609], [-70.56770008088785, -33.410606240852545], [-70.56785045227801, -33.41060434026045], [-70.56788861159762, -33.41063538630181], [-70.56796323081137, -33.410602914696845], [-70.56811360217685, -33.41060101378598], [-70.56878517198716, -33.41030876658679], [-70.56893384225305, -33.410212301082815], [-70.56908421287545, -33.41021039901513], [-70.5690864804723, -33.410336483821254], [-70.56901242880375, -33.410400477286714], [-70.56886319149304, -33.410465421685075], [-70.56875211353716, -33.410561411677655], [-70.56871452072566, -33.41056188711542], [-70.56841717819546, -33.41075481746582], [-70.56830496611826, -33.41078776465855], [-70.56800818841764, -33.41101221528318], [-70.56797059539853, -33.411012690501174], [-70.56774786943164, -33.41117314765799], [-70.56771027633854, -33.41117362279912], [-70.56763622294089, -33.411237615484595], [-70.56748698313024, -33.41130255828993], [-70.5673759025807, -33.41139854711255], [-70.56733830938379, -33.411399022143776], [-70.56707912038384, -33.41162299562262], [-70.56704265946657, -33.41168651301749], [-70.56700846322437, -33.411876115302945], [-70.56697143598542, -33.41190811145405], [-70.56697483302577, -33.41209723880195], [-70.56693780568354, -33.412129234945006], [-70.56694007034399, -33.412255319841805], [-70.56690304292385, -33.41228731597602], [-70.56690417523399, -33.4123503584242], [-70.56686714776134, -33.41238235454878], [-70.56667917960301, -33.412384728881754], [-70.56664101990731, -33.412353682486405], [-70.5663772985719, -33.41232548475881], [-70.56637390279724, -33.41213635736377], [-70.56641093035623, -33.41210436138302], [-70.5664439960134, -33.41185171676213], [-70.56648102342929, -33.411819720763305], [-70.56647932545815, -33.411725157063515], [-70.56651635280885, -33.41169316105545], [-70.56651465480756, -33.41159859735534], [-70.56655168209305, -33.411566601338045], [-70.56654715402689, -33.41131443146679], [-70.56650899486057, -33.41128338501063], [-70.56650786288174, -33.41122034253967], [-70.5662407496796, -33.41100301698113], [-70.56616499772498, -33.41097244509242], [-70.56605221861692, -33.41097386903529], [-70.56601405977447, -33.41094282241572], [-70.56593887372338, -33.410943771630144], [-70.56578737016683, -33.41088262742622], [-70.56567459115443, -33.410884051022464], [-70.56563643248222, -33.41085300428118], [-70.56563416982576, -33.410726919277145], [-70.56567119708832, -33.4106949235198], [-70.56566950006713, -33.41060035976619], [-70.5657065272645, -33.4105683639996], [-70.56570483021318, -33.410473800245654], [-70.56574185734533, -33.410441804469826], [-70.56573733181239, -33.41018963445502], [-70.56569917343269, -33.41015858772152], [-70.56569804208715, -33.41009554521466], [-70.56546909255215, -33.40990926453843], [-70.56535574923645, -33.40987916654916], [-70.56535348706906, -33.40975308150837]]]}}, {"type": "Feature", "properties": {"codigo": "EAa+cm", "capa_cad": "EAa+ cm", "lamina": "edificacion"}, "geometry": {"type": "Polygon", "coordinates": [[[-70.56240749467166, -33.406921137476594], [-70.56440831248085, -33.407368846598224], [-70.5654529572307, -33.40691426987409], [-70.566257651247, -33.40775537900147], [-70.56734780864699, -33.40774160928893], [-70.56773222021273, -33.40820967739862], [-70.56893289069144, -33.40806838334986], [-70.57830750185477, -33.410818534519144], [-70.57909751991568, -33.41084000787523], [-70.5831998610151, -33.41312080711307], [-70.58318343365896, -33.41428756285549], [-70.5843990416591, -33.414965662237954], [-70.58549329011329, -33.4151723769846], [-70.58597743362147, -33.41491396119389], [-70.58607416910732, -33.414029933179144], [-70.5853530088625, -33.41366081387146], [-70.58572149855051, -33.41324623605429], [-70.58723499413493, -33.41376285764182], [-70.58762297983405, -33.41441998513676], [-70.59007349134252, -33.414766932753714], [-70.59100874765012, -33.41450271350581], [-70.59222384098022, -33.4151492134379], [-70.59543146550017, -33.4157700864074], [-70.5957778898906, -33.41620702432327], [-70.59656391776821, -33.416007739513915], [-70.59841414131871, -33.41642530293961], [-70.5990081460612, -33.41600778010404], [-70.59912847555998, -33.41436676396997], [-70.60198097822652, -33.41407772877562], [-70.60242573356041, -33.41372517386836], [-70.60186816825045, -33.41202985525856], [-70.60204397685727, -33.4113654931317], [-70.60145173698183, -33.409828260408126], [-70.60072071975554, -33.408923378887366], [-70.60113133424026, -33.40876043840462], [-70.60193695907694, -33.40963282578742], [-70.60276055151105, -33.41148234852327], [-70.60508723074337, -33.41123156503137], [-70.60524582809224, -33.41372023597181], [-70.60441065449562, -33.413289648094974], [-70.60381437660817, -33.4135811130513], [-70.60378199869355, -33.413865285034014], [-70.60560795686241, -33.41500820215379], [-70.6063784131718, -33.416007125872845], [-70.60470347811486, -33.416943123597925], [-70.60204350086013, -33.41748196118601], [-70.59959516783957, -33.41931066682532], [-70.59973225419789, -33.41858375127645], [-70.59946388178327, -33.41830345925958], [-70.59727121390783, -33.41766962589304], [-70.58658983670607, -33.41550516555146], [-70.58565054398484, -33.415548705683875], [-70.58524559556183, -33.41602680580696], [-70.58279048793038, -33.41542759558923], [-70.58300118302427, -33.414605171718726], [-70.58273287565127, -33.414324841366565], [-70.58008129763702, -33.41325515878321], [-70.57558656887088, -33.41214578812199], [-70.57036633412864, -33.410414872359645], [-70.57050365458822, -33.40968798138006], [-70.5701972424749, -33.40937657683732], [-70.56766553176233, -33.408683446071095], [-70.56720536852114, -33.40818480651322], [-70.56573985270614, -33.40823484197795], [-70.56488767720568, -33.408939220524786], [-70.56326330586575, -33.408518304689885], [-70.56336139746418, -33.40769732960445], [-70.56241313886949, -33.40723635066149], [-70.56240749467166, -33.406921137476594]]]}}, {"type": "Feature", "properties": {"codigo": "EAa+cm", "capa_cad": "EAa+ cm", "lamina": "edificacion"}, "geometry": {"type": "Polygon", "coordinates": [[[-70.55991744697857, -33.406448020356656], [-70.56006781176376, -33.40644612940383], [-70.56010596653212, -33.40647717799349], [-70.56014355773891, -33.40647670521487], [-70.56025802224481, -33.40656985087187], [-70.56029561348879, -33.40656937804604], [-70.56037192332042, -33.406631475063435], [-70.5604095145889, -33.40663100220234], [-70.56052397957792, -33.406724147597515], [-70.56056157088359, -33.40672367468919], [-70.56067603615486, -33.40681681993443], [-70.5607136274977, -33.406816346978886], [-70.56075178265509, -33.406847395356664], [-70.56078937400974, -33.40684692237779], [-70.56082752920695, -33.406877970730946], [-70.56083091228584, -33.40706709878789], [-70.56079388467309, -33.40709909312487], [-70.5607950123477, -33.407162135809955], [-70.56075798468243, -33.4071941301373], [-70.56076023999141, -33.40732021550701], [-70.56008359179445, -33.4073287273322], [-70.56004656379129, -33.40736072145593], [-70.55963305626094, -33.407365921192216], [-70.55962798549052, -33.407082228956156], [-70.55966501353835, -33.40705023495497], [-70.55966275983465, -33.40692414951391], [-70.5596997878046, -33.40689215550389], [-70.55969866093264, -33.40682911278313], [-70.55973568885007, -33.40679711876348], [-70.5597351254027, -33.406765597403236], [-70.55977215328032, -33.40673360337355], [-70.55977102636285, -33.40667056065337], [-70.55980805418795, -33.406638566614035], [-70.55980749071786, -33.40660704525407], [-70.55984451850314, -33.40657505120471], [-70.55984395502121, -33.406543529844974], [-70.55991801048499, -33.40647954171579], [-70.55991744697857, -33.406448020356656]]]}}, {"type": "Feature", "properties": {"codigo": "EAa+cm", "capa_cad": "EAa+ cm", "lamina": "edificacion"}, "geometry": {"type": "Polygon", "coordinates": [[[-70.48357353953273, -33.387805094571334], [-70.4835837152264, -33.38840402343704], [-70.48294477410776, -33.38841166117191], [-70.4829346027926, -33.38781273213343], [-70.48357353953273, -33.387805094571334]]]}}, {"type": "Feature", "properties": {"codigo": "EAm1", "capa_cad": "EAm1", "lamina": "edificacion"}, "geometry": {"type": "Polygon", "coordinates": [[[-70.58831577854792, -33.42768449018436], [-70.58831807545185, -33.4278105734647], [-70.5866513195017, -33.42921915052724], [-70.58609706030465, -33.42976222015531], [-70.58568975831254, -33.43011423916399], [-70.58531718812544, -33.43030817194044], [-70.58505799269126, -33.43053218264003], [-70.58421035091764, -33.43148886025227], [-70.58387136422422, -33.431461662444605], [-70.58383032657724, -33.431273017506], [-70.58375397834057, -33.43121093628615], [-70.58359555629737, -33.43077156493398], [-70.58351920867611, -33.430709483546856], [-70.58351520080468, -33.43048883739443], [-70.58362399608433, -33.430266750690244], [-70.58361998801502, -33.43004610453324], [-70.5835806693853, -33.42995202207882], [-70.58335162910518, -33.4297657776495], [-70.5831254517555, -33.42973713721137], [-70.58304910539398, -33.42967505548824], [-70.58289812991865, -33.429645454569965], [-70.58289526838682, -33.429487850101765], [-70.58296818049074, -33.429360806570955], [-70.58426644643012, -33.428366852850175], [-70.58474780070098, -33.427950835747694], [-70.58485487097671, -33.42763418543999], [-70.58485028722767, -33.42738201844589], [-70.58488731401735, -33.42735001703218], [-70.58491803793899, -33.42697128598235], [-70.58521883463055, -33.42696744122652], [-70.58533277963697, -33.42702904099419], [-70.58548317805926, -33.42702711820162], [-70.58571049547265, -33.4271187962612], [-70.58586089402219, -33.427116873006106], [-70.58616341138206, -33.42720758851719], [-70.5863138100517, -33.42720566470845], [-70.58654112874841, -33.42729734120297], [-70.5866539278474, -33.42729589801661], [-70.58680547397415, -33.42735701529936], [-70.58695587285466, -33.42735509070456], [-70.58718319257358, -33.42744676598826], [-70.58748456449347, -33.427474436525614], [-70.58759851169155, -33.427536034139216], [-70.5877489108229, -33.42753410857379], [-70.5879386319728, -33.42762626384093], [-70.58808903123494, -33.42762433785853], [-70.58831577854792, -33.42768449018436]]]}}, {"type": "Feature", "properties": {"codigo": "EAm1", "capa_cad": "EAm1", "lamina": "edificacion"}, "geometry": {"type": "Polygon", "coordinates": [[[-70.59617729019197, -33.42159320176849], [-70.59617959792878, -33.42171928469032], [-70.59606853725415, -33.421815298521125], [-70.59603094009013, -33.42181578237875], [-70.59547505614066, -33.42226432922758], [-70.59543745877222, -33.42226481291104], [-70.5952523549871, -33.42242483486356], [-70.59521475754538, -33.422425318481565], [-70.59484454779398, -33.42274536149792], [-70.59480695020665, -33.42274584499639], [-70.59454780166377, -33.42296987441286], [-70.59451020397422, -33.42297035782424], [-70.59428807550596, -33.42316238256757], [-70.59425047772866, -33.423162865902675], [-70.59384323950549, -33.42351491017326], [-70.59380564156808, -33.423515393378025], [-70.59336137776738, -33.423899440107], [-70.59332377965539, -33.423899923170595], [-70.59310164620189, -33.42409194590808], [-70.59306404800216, -33.42409242889539], [-70.59280489096956, -33.42431645487313], [-70.59276729266763, -33.42431693777334], [-70.59265622491719, -33.42441294871804], [-70.59246823317699, -33.424415362886045], [-70.59235428689793, -33.42435376969954], [-70.5922038935875, -33.42435570068765], [-70.59197657717274, -33.42426403448367], [-70.59190138058284, -33.42426499976925], [-70.59189735248579, -33.42404435428493], [-70.59197197341959, -33.42401186822438], [-70.59219410925004, -33.423819847440946], [-70.59219353370885, -33.42378832666021], [-70.59223113179341, -33.423787843940616], [-70.5924532664834, -33.42359582271994], [-70.59249086448023, -33.42359533992405], [-70.5926759759028, -33.42343532189982], [-70.59271357382636, -33.423434839038464], [-70.5936767179557, -33.42263426160023], [-70.59371431551567, -33.422633778445736], [-70.59389942264818, -33.42247375869789], [-70.59393702013487, -33.42247327547794], [-70.59464099715625, -33.42189671861053], [-70.59467859438062, -33.42189623517315], [-70.59493773950074, -33.42167220555053], [-70.59497418362513, -33.42160868052798], [-70.59497303063092, -33.4215456390292], [-70.59538659831834, -33.42154031953369], [-70.59542477203499, -33.42157135661742], [-70.59598872798745, -33.42156410035964], [-70.59602690192142, -33.4215951372512], [-70.59617729019197, -33.42159320176849]]]}}, {"type": "Feature", "properties": {"codigo": "EAm1", "capa_cad": "EAm1", "lamina": "edificacion"}, "geometry": {"type": "Polygon", "coordinates": [[[-70.48360290420696, -33.39174586436967], [-70.48364102606857, -33.39177693749581], [-70.48364959673454, -33.392281298311275], [-70.48361201030198, -33.392281747746615], [-70.4835749595152, -33.39231371972119], [-70.48312392208686, -33.392319111927684], [-70.48308580015873, -33.39228803864671], [-70.48301062726779, -33.39228893716467], [-70.48300152486064, -33.39175305364221], [-70.48360290420696, -33.39174586436967]]]}}, {"type": "Feature", "properties": {"codigo": "EAm1", "capa_cad": "EAm1", "lamina": "edificacion"}, "geometry": {"type": "Polygon", "coordinates": [[[-70.53071380491286, -33.38565608796731], [-70.53079118065095, -33.38578124830997], [-70.53094372235664, -33.385905481245025], [-70.53094703803974, -33.38609461261284], [-70.53057562836462, -33.38635142413574], [-70.52905679983647, -33.38763129808403], [-70.5271289106755, -33.38916841885633], [-70.52686526906402, -33.38914013463771], [-70.52526635331631, -33.387993236523705], [-70.52526360029682, -33.387835626680996], [-70.52559744869593, -33.38757929259127], [-70.52586053445906, -33.38757605769552], [-70.52658454356198, -33.38813466954609], [-70.52684873323777, -33.38819447639864], [-70.52714830204226, -33.388127732359024], [-70.52751917814412, -33.38783940873061], [-70.52781488452592, -33.3875520095915], [-70.52784750442176, -33.387267849428774], [-70.52780826638865, -33.38717374638485], [-70.52712018746713, -33.386520113212256], [-70.52711743125636, -33.38636250346842], [-70.5284162893483, -33.385400649851704], [-70.52864178551228, -33.38539787215575], [-70.52894520641861, -33.385551777558305], [-70.52920883764166, -33.38558005766168], [-70.52954873875036, -33.38567045453613], [-70.53011137593437, -33.385600460517914], [-70.53014840636908, -33.3855684751728], [-70.53044906824834, -33.385564767274936], [-70.53071380491286, -33.38565608796731]]]}}, {"type": "Feature", "properties": {"codigo": "EAm1", "capa_cad": "EAm1", "lamina": "edificacion"}, "geometry": {"type": "Polygon", "coordinates": [[[-70.59808907222707, -33.384302210983954], [-70.59809195627311, -33.38445981543709], [-70.59805495203055, -33.38449182032285], [-70.5980555288298, -33.384523341213374], [-70.5980179477609, -33.38452382519822], [-70.59798094346414, -33.3845558300632], [-70.59794336237988, -33.384556314025886], [-70.59783234928365, -33.384652328526116], [-70.59779476815515, -33.38465281244503], [-70.59775776372108, -33.384684817246864], [-70.59772018257725, -33.38468530114362], [-70.59768317810163, -33.38471730592425], [-70.59764559694244, -33.38471778979883], [-70.59760859242529, -33.384749794558296], [-70.59742068654361, -33.384752213706605], [-70.5974183802483, -33.38462613010904], [-70.5974553847871, -33.384594125405194], [-70.59745250187487, -33.38443652090648], [-70.59756351513884, -33.38434050673868], [-70.59756293852114, -33.38430898583966], [-70.59763694720299, -33.38424497634334], [-70.59763579391965, -33.38418193454641], [-70.59786127947918, -33.384179031187124], [-70.59793759482532, -33.38424110509742], [-70.59797517577407, -33.384240621140506], [-70.59801333350043, -33.38427165806468], [-70.59805091446094, -33.38427117408444], [-70.59808907222707, -33.384302210983954]]]}}, {"type": "Feature", "properties": {"codigo": "EAm1", "capa_cad": "EAm1", "lamina": "edificacion"}, "geometry": {"type": "Polygon", "coordinates": [[[-70.5938564115454, -33.38306398809828], [-70.59386158885522, -33.38334767675337], [-70.59371126628977, -33.38334960748533], [-70.59367426083955, -33.383381611103594], [-70.59352393820198, -33.3833835416104], [-70.59348693266688, -33.383415545175076], [-70.5934493519908, -33.38341602776255], [-70.59322731812438, -33.38360804886759], [-70.59322846820115, -33.38367109080592], [-70.5931914624366, -33.38370309428787], [-70.59319203746367, -33.38373461525719], [-70.59315445664492, -33.38373509775943], [-70.59308044498029, -33.38379910467133], [-70.59293012158082, -33.383801034480186], [-70.59289196580826, -33.38376999593041], [-70.59289081597002, -33.38370695398276], [-70.59285266025344, -33.383675915418785], [-70.59284748615565, -33.38339222663932], [-70.59280933059617, -33.38336118805597], [-70.59280760595634, -33.38326662512421], [-70.5927694504673, -33.383235586525934], [-70.59276600129847, -33.383046460653375], [-70.59348003120769, -33.38303729356702], [-70.5935181868505, -33.38306833194276], [-70.5938564115454, -33.38306398809828]]]}}, {"type": "Feature", "properties": {"codigo": "EAm1p", "capa_cad": "EAm1 prima", "lamina": "edificacion"}, "geometry": {"type": "Polygon", "coordinates": [[[-70.5460820997973, -33.39378910781116], [-70.54838826173099, -33.39451703447655], [-70.54948889342374, -33.39510233643007], [-70.55355047493238, -33.399402481731585], [-70.55524138488997, -33.39934976727876], [-70.55596061835698, -33.39962450530674], [-70.55658290998383, -33.402895661901546], [-70.55688756414175, -33.40311253820415], [-70.55767638745635, -33.40307110740644], [-70.5578368749455, -33.403636604650046], [-70.55825768220566, -33.40404118957649], [-70.55932090883944, -33.40462687020083], [-70.5597451082294, -33.40522057790246], [-70.56042681318297, -33.40549576060939], [-70.56077302332596, -33.405932803329065], [-70.56130042468077, -33.40598922334001], [-70.56123765024718, -33.40668363905479], [-70.56021479486365, -33.406255110137664], [-70.5595825064797, -33.40664140251714], [-70.55952084484412, -33.40739886042347], [-70.55990126912505, -33.40764630461545], [-70.56039052504134, -33.40767167956882], [-70.56017962918366, -33.40849407163097], [-70.55841223770112, -33.40848476024097], [-70.55795719253081, -33.40826977718637], [-70.55653094451318, -33.408413796047434], [-70.55256524707961, -33.40953546328434], [-70.55180610540582, -33.40913509247265], [-70.5460449472736, -33.40867104736333], [-70.54611175362453, -33.4081972869262], [-70.54652135682572, -33.40797148128022], [-70.54658648405935, -33.407403155963934], [-70.54809127576877, -33.40744744238416], [-70.54868491255321, -33.40699863328123], [-70.5492510256575, -33.40711767827674], [-70.54967293140821, -33.40758533579673], [-70.55129218313164, -33.40772273877729], [-70.55186278907374, -33.40809394339708], [-70.552951836136, -33.408017257129174], [-70.55328230813153, -33.40757172072188], [-70.5536554197597, -33.40740940572224], [-70.55441118484292, -33.407620636897256], [-70.55620996842195, -33.407282798721134], [-70.55654266997692, -33.40696333977303], [-70.55591928568069, -33.40574155014499], [-70.55526844119247, -33.40508761380503], [-70.55540981444271, -33.404581385593616], [-70.55397237836719, -33.40198253536803], [-70.55411824536876, -33.40172848008475], [-70.55538785353585, -33.401239641119595], [-70.55534183841395, -33.40076729055993], [-70.5550371963707, -33.40055041003295], [-70.5542483938522, -33.400591823437416], [-70.55268482282027, -33.399350261796585], [-70.54946473482283, -33.395859323560266], [-70.54832259337593, -33.39505383967205], [-70.54745530985383, -33.39490701706778], [-70.54488192491202, -33.39607411604541], [-70.54476023897062, -33.39557117385324], [-70.54505312256487, -33.39512612664241], [-70.54590924081371, -33.39464253354855], [-70.54586160728897, -33.39407561251204], [-70.5460820997973, -33.39378910781116]]]}}, {"type": "Feature", "properties": {"codigo": "EAm1p", "capa_cad": "EAm1 prima", "lamina": "edificacion"}, "geometry": {"type": "Polygon", "coordinates": [[[-70.62168986591183, -33.392098752536185], [-70.62184020146866, -33.392096787467025], [-70.62206746167591, -33.39218840095962], [-70.62222014012106, -33.392312517333444], [-70.62259890895787, -33.392465205033986], [-70.62282734271265, -33.39261985800824], [-70.6231685297358, -33.39277303548161], [-70.62332121074701, -33.39289715041062], [-70.62351030409974, -33.39295773242916], [-70.62370057019021, -33.39308135504896], [-70.62438823045143, -33.39367138791228], [-70.62438881695704, -33.39370290834729], [-70.62465601488158, -33.393920106501575], [-70.62465718809811, -33.393983147360515], [-70.624886802818, -33.39420083712668], [-70.62508059417979, -33.39451357999307], [-70.62519510922466, -33.39460666428775], [-70.62534897008277, -33.39479381733164], [-70.62535014383846, -33.39485685816], [-70.62546465962632, -33.39494994217852], [-70.62554217752451, -33.395075038947404], [-70.6263449711341, -33.39578966409371], [-70.62635554193788, -33.3963570311525], [-70.62552865770631, -33.396367868078606], [-70.62457259049394, -33.395497604307685], [-70.62457141727111, -33.3954345634615], [-70.62434121341217, -33.39518535279939], [-70.62426311060783, -33.395028734802864], [-70.62414859594688, -33.39493564964045], [-70.62387846430424, -33.394560848292386], [-70.62353433793444, -33.3942500708378], [-70.6235337517251, -33.39421855039219], [-70.62284667851506, -33.393660033256516], [-70.62273333897932, -33.393629987589414], [-70.62261882778886, -33.393536900889664], [-70.62250548848435, -33.393506855006564], [-70.62239097769508, -33.39341376808244], [-70.6222776386218, -33.39338372198337], [-70.62204920374019, -33.39322906804599], [-70.62193586501378, -33.393199021622955], [-70.62155533760637, -33.392951770527716], [-70.62125232206658, -33.39282961792997], [-70.62124939530541, -33.39267201548576], [-70.62136039157144, -33.39257598061563], [-70.62135922079749, -33.39251293963925], [-70.62147021674365, -33.39241690467823], [-70.62146904589748, -33.392353863703654], [-70.62161704001166, -33.39222581694702], [-70.621615869068, -33.39216277597511], [-70.62168986591183, -33.392098752536185]]]}}, {"type": "Feature", "properties": {"codigo": "EAm1p", "capa_cad": "EAm1 prima", "lamina": "edificacion"}, "geometry": {"type": "Polygon", "coordinates": [[[-70.48361950961998, -33.392723063432356], [-70.48362111663796, -33.39281763107502], [-70.48365923898889, -33.39284870417726], [-70.48366513161066, -33.39319545217969], [-70.48355397810505, -33.39329136813644], [-70.4830277618641, -33.39329765895759], [-70.48301865900355, -33.392761775526516], [-70.48309383230125, -33.392760876992504], [-70.48313088345328, -33.39272890515376], [-70.483318816611, -33.3927266585654], [-70.48335693881697, -33.392757731765066], [-70.48339398986826, -33.392725759850414], [-70.48361950961998, -33.392723063432356]]]}}, {"type": "Feature", "properties": {"codigo": "EAm1p", "capa_cad": "EAm1 prima", "lamina": "edificacion"}, "geometry": {"type": "Polygon", "coordinates": [[[-70.59772594944445, -33.38500051008296], [-70.59832148077098, -33.384677557430926], [-70.59877130014387, -33.38460870597814], [-70.60044046436505, -33.38543845278763], [-70.60218077491082, -33.38604655985126], [-70.60677790892771, -33.38664920928816], [-70.60983307449071, -33.38720864584868], [-70.61062811041228, -33.38751361074606], [-70.61229045304277, -33.38796494477594], [-70.61282184482279, -33.388241792627895], [-70.61334974548174, -33.38832951428661], [-70.61418413377613, -33.388728528854124], [-70.6144853772101, -33.388756137679884], [-70.61668617617393, -33.38986249620617], [-70.61669084532815, -33.39011466079864], [-70.61606651770548, -33.39091099867021], [-70.61584160014175, -33.390945456205436], [-70.61428727148332, -33.39024054045769], [-70.61322795193833, -33.3898759798758], [-70.61196792379369, -33.38882039712341], [-70.60966143394779, -33.388093663129986], [-70.60807600683744, -33.3877358815963], [-70.60698380037407, -33.38762391877459], [-70.60456984705245, -33.387182234803554], [-70.60276185568299, -33.38698490392257], [-70.60211775599785, -33.38670946753447], [-70.60147886298374, -33.38671771511438], [-70.59977670250794, -33.386140634849475], [-70.59772883291171, -33.38515811454629], [-70.59772594944445, -33.38500051008296]]]}}, {"type": "Feature", "properties": {"codigo": "EAm1p", "capa_cad": "EAm1 prima", "lamina": "edificacion"}, "geometry": {"type": "Polygon", "coordinates": [[[-70.52751568643072, -33.379042931927486], [-70.52868066531676, -33.37902858694617], [-70.5323110320882, -33.382420445763096], [-70.5323121381531, -33.382483489548115], [-70.53365239439569, -33.38388572462335], [-70.53365460858801, -33.384011812083656], [-70.53220826593567, -33.38513318424241], [-70.53187168205953, -33.38523192597847], [-70.53164950378435, -33.38542384085644], [-70.53161413251036, -33.38555039229482], [-70.53135437007656, -33.385742770556014], [-70.53120403890115, -33.38574462570115], [-70.53078344498458, -33.38533994172115], [-70.53055629181905, -33.38524815759201], [-70.53033024386748, -33.38521941684769], [-70.52984332679206, -33.38532000703336], [-70.52931716979252, -33.38532649276724], [-70.52901540476851, -33.38526715404664], [-70.52886341870762, -33.38517444054778], [-70.52886121133355, -33.38504835282834], [-70.52986213459985, -33.38424779851502], [-70.53001246329364, -33.38424594506826], [-70.53073757453168, -33.384867576813775], [-70.53100175671729, -33.38492737505288], [-70.53118911626504, -33.38489353455258], [-70.53181806522215, -33.384318255184084], [-70.5318506712641, -33.384034094231716], [-70.53169592033085, -33.38378377474127], [-70.53119961781097, -33.383348497686484], [-70.5312283570684, -33.38284368346524], [-70.5311504308698, -33.38268700137328], [-70.52786438204652, -33.379637685887154], [-70.52751789136022, -33.379169019848355], [-70.52751568643072, -33.379042931927486]]]}}, {"type": "Feature", "properties": {"codigo": "EAm2", "capa_cad": "EAm2", "lamina": "edificacion"}, "geometry": {"type": "Polygon", "coordinates": [[[-70.5314935709142, -33.42366998371062], [-70.5314957853288, -33.423796070488976], [-70.53010461515503, -33.42381324239734], [-70.5297678811779, -33.42391198214832], [-70.5295456030393, -33.42410389503924], [-70.52950966237817, -33.4241989239278], [-70.52952293213102, -33.42495544519515], [-70.52929788667655, -33.42498974910584], [-70.52677815083048, -33.42498926731573], [-70.52651605604525, -33.42505555086593], [-70.52629376769839, -33.42524745817872], [-70.52625782303329, -33.42534248622168], [-70.52624891427772, -33.42698208046902], [-70.52613666407838, -33.427014990468905], [-70.52587290779819, -33.42698670754687], [-70.52576065743727, -33.42701961721049], [-70.5254593005715, -33.42699179601669], [-70.5253846507103, -33.42702424281284], [-70.52354221650724, -33.42704689179661], [-70.52357651236662, -33.42685729907744], [-70.52434738889913, -33.42577585480644], [-70.52586417257727, -33.424338416431056], [-70.52616165851009, -33.42414558451542], [-70.52668694659029, -33.42407606201883], [-70.52694683045644, -33.423883691142514], [-70.52776793992352, -33.42352676449041], [-70.52884394574367, -33.42269376223316], [-70.52943889159225, -33.4223080840151], [-70.52985136988143, -33.42223993945102], [-70.5314935709142, -33.42366998371062]]]}}, {"type": "Feature", "properties": {"codigo": "EAm2", "capa_cad": "EAm2", "lamina": "edificacion"}, "geometry": {"type": "Polygon", "coordinates": [[[-70.56289255458476, -33.41930568677598], [-70.5630782783072, -33.419177232762706], [-70.564205046023, -33.41909997022877], [-70.56457309532603, -33.41865393077608], [-70.56483626991614, -33.418650610550145], [-70.5663110187571, -33.419104919930035], [-70.56675289350109, -33.42067575572965], [-70.5655133169141, -33.42075446574467], [-70.56522045903301, -33.42119955897137], [-70.56522786721135, -33.42580260215445], [-70.5649064440895, -33.42675250828446], [-70.56543372674152, -33.42888977848399], [-70.56574019379893, -33.42920119235228], [-70.57353323248401, -33.429638529873], [-70.5739405830974, -33.429286549405255], [-70.5742630901551, -33.426318799178496], [-70.5746749768345, -33.426218984962475], [-70.575003692456, -33.42567883004506], [-70.57645581388637, -33.42487217247727], [-70.5773302802867, -33.42539703346126], [-70.57800649258077, -33.425356902502955], [-70.57876189712779, -33.42553645741959], [-70.57844347696833, -33.426643999216616], [-70.57755591541003, -33.42747502759143], [-70.57759864848443, -33.42775823812059], [-70.57867142606067, -33.428848073893214], [-70.57736681351135, -33.42949524027886], [-70.57667745755089, -33.42881038589678], [-70.57557394005761, -33.42809926201141], [-70.57500993626707, -33.42810642668945], [-70.57471653533898, -33.4285200201216], [-70.57431086591049, -33.431047430890544], [-70.56381208564694, -33.430738881338655], [-70.56243364472377, -33.425175743119546], [-70.5628803155315, -33.42491788800813], [-70.56345590332056, -33.4234603291461], [-70.56352518176158, -33.42103177283202], [-70.56321931732064, -33.4207518732651], [-70.56289255458476, -33.41930568677598]]]}}, {"type": "Feature", "properties": {"codigo": "EAm2", "capa_cad": "EAm2", "lamina": "edificacion"}, "geometry": {"type": "Polygon", "coordinates": [[[-70.55721353897171, -33.41505772893438], [-70.55721578983123, -33.415183814357064], [-70.55725394757117, -33.4152148637007], [-70.55725788671019, -33.41543551317877], [-70.55718382189545, -33.41549949990722], [-70.55714622674867, -33.41549997190111], [-70.5569240315663, -33.415691931771114], [-70.55692515681218, -33.41575497448501], [-70.55688812416139, -33.41578696776096], [-70.55689206246069, -33.41600761725707], [-70.55693022046202, -33.41603866668925], [-70.55693359626797, -33.41622779481783], [-70.55689600080291, -33.41622826674492], [-70.5568589679472, -33.41626026001594], [-70.5566333950517, -33.41626309127444], [-70.55659636208216, -33.41629508447006], [-70.55644598007652, -33.41629697170468], [-70.55640894702204, -33.41632896484656], [-70.55633375598505, -33.416329908373896], [-70.55629672287454, -33.41636190148368], [-70.55610874519452, -33.41636426004862], [-70.55607171198461, -33.41639625309385], [-70.55592132976705, -33.41639813969752], [-70.55588429647221, -33.41643013268903], [-70.55573391418284, -33.416432019067194], [-70.55569688080305, -33.41646401200495], [-70.55550890284941, -33.41646636966732], [-70.55547186937024, -33.41649836254051], [-70.55524629571029, -33.41650119129461], [-70.55524404758457, -33.416375105780595], [-70.55528164314246, -33.416374634352294], [-70.55554087707675, -33.41615068441074], [-70.55557847253264, -33.41615021289526], [-70.55580067190238, -33.41595825533062], [-70.55583826727069, -33.4159577837388], [-70.55598639958315, -33.41582981177706], [-70.55602399489278, -33.41582934013055], [-70.55628322529337, -33.41560538872006], [-70.556320820501, -33.41560491698639], [-70.55646895150349, -33.41547694447898], [-70.55650654665246, -33.41547647269062], [-70.55680280723891, -33.41522052708846], [-70.55684040227142, -33.4152200552021], [-70.55691446711768, -33.41515606867559], [-70.55695206212043, -33.4151555967562], [-70.55706315914291, -33.41505961685571], [-70.55721353897171, -33.41505772893438]]]}}, {"type": "Feature", "properties": {"codigo": "EAm2", "capa_cad": "EAm2", "lamina": "edificacion"}, "geometry": {"type": "Polygon", "coordinates": [[[-70.56322627858113, -33.408550299737904], [-70.56462283613699, -33.40884797618436], [-70.56469971628553, -33.40894159164405], [-70.56470876098301, -33.40944593201479], [-70.56532041878492, -33.41000572598968], [-70.56577379311555, -33.410126117419736], [-70.56567345979555, -33.41082100852225], [-70.56594170261977, -33.41110137785626], [-70.56616839289705, -33.411161572541914], [-70.5659609396989, -33.41217310008193], [-70.5662673473595, -33.4124845151117], [-70.56653163517714, -33.41254423428811], [-70.56683125252448, -33.41247739311204], [-70.5670534172683, -33.412285416265945], [-70.56719246652005, -33.41165309194518], [-70.56808450756121, -33.41107430723854], [-70.56834822549806, -33.41110250143507], [-70.56854129124734, -33.41138381549736], [-70.56911596051587, -33.41197558605495], [-70.56911936221289, -33.41216471320637], [-70.56897125582393, -33.4122927001877], [-70.5677431302894, -33.41300185314354], [-70.56707493382615, -33.413483222579934], [-70.56708569258231, -33.41408212564547], [-70.5665639000637, -33.41434094404159], [-70.56630470057758, -33.41456491611207], [-70.56619644443163, -33.41481851009825], [-70.5657823369721, -33.41479221012562], [-70.56544059068119, -33.41460735362813], [-70.56502591882543, -33.414549529853545], [-70.56468530582006, -33.41442771368401], [-70.56468078265662, -33.41417554370396], [-70.5655310067016, -33.4112642040056], [-70.56552704726685, -33.41104355525029], [-70.56525880592396, -33.41076318497278], [-70.56457874080176, -33.41058259449878], [-70.56389133306047, -33.40999222356473], [-70.56347781382055, -33.40999743647515], [-70.56318046105987, -33.41019035456694], [-70.56303009004702, -33.41019224947844], [-70.56276242384631, -33.40994339475173], [-70.56260810137243, -33.40972464003404], [-70.56260414955898, -33.409503990915525], [-70.56301145508607, -33.40915204670697], [-70.56322627858113, -33.408550299737904]]]}}, {"type": "Feature", "properties": {"codigo": "EAm2", "capa_cad": "EAm2", "lamina": "edificacion"}, "geometry": {"type": "Polygon", "coordinates": [[[-70.54407306835569, -33.40560581206296], [-70.5444512111044, -33.40572721882421], [-70.54517437376941, -33.40622266968987], [-70.54548068754943, -33.40653413911343], [-70.5457140538297, -33.406972630835796], [-70.54598110494892, -33.407190002577465], [-70.54635813981885, -33.407248360101235], [-70.54636484339272, -33.407626618785706], [-70.54599450892404, -33.40794652006407], [-70.54589234370636, -33.40854683519983], [-70.54548943631822, -33.409150897620435], [-70.54463652487544, -33.409823620312324], [-70.54414837466466, -33.4098612265843], [-70.54385153548427, -33.41008562113035], [-70.5424124581638, -33.41376083257046], [-70.54222727121565, -33.41392077786775], [-70.54204877018891, -33.41445898194201], [-70.54167282047023, -33.414463655375634], [-70.54148261751212, -33.41433990528876], [-70.54144279458735, -33.41421428612873], [-70.54121388385222, -33.414027959608255], [-70.54064495147243, -33.41375127097469], [-70.54060457336432, -33.413594129880615], [-70.54082513023694, -33.41330763348451], [-70.54226649729341, -33.40975852492802], [-70.5427137109673, -33.409532264005776], [-70.5435396377769, -33.40945893216669], [-70.54376575221976, -33.409487646803726], [-70.54447610923208, -33.4092581043928], [-70.54469943304598, -33.409129209465476], [-70.545106253333, -33.40874580044285], [-70.54532399209785, -33.408301688762364], [-70.545390243891, -33.40779640701238], [-70.54527467654756, -33.40764020409469], [-70.54527076886839, -33.40741955308518], [-70.545036845352, -33.40694953895026], [-70.54450163462506, -33.40645174740655], [-70.54378070434309, -33.4060823789912], [-70.5438475216327, -33.405608619286696], [-70.54407306835569, -33.40560581206296]]]}}, {"type": "Feature", "properties": {"codigo": "EAm2", "capa_cad": "EAm2", "lamina": "edificacion"}, "geometry": {"type": "Polygon", "coordinates": [[[-70.48363558013745, -33.39366873979094], [-70.48367370287698, -33.393699812874196], [-70.48368281008136, -33.394235696064996], [-70.48353460367318, -33.39436358403485], [-70.48353567502302, -33.394426629115856], [-70.48349862332772, -33.39445860108287], [-70.48350183732092, -33.394647736324075], [-70.48353996045576, -33.394678809433195], [-70.48354103182227, -33.39474185451086], [-70.48369352474798, -33.394866146815566], [-70.48370102521308, -33.395307462300956], [-70.48306203361722, -33.39531510202742], [-70.48303418755775, -33.3936759295856], [-70.48363558013745, -33.39366873979094]]]}}, {"type": "Feature", "properties": {"codigo": "EAm2", "capa_cad": "EAm2", "lamina": "edificacion"}, "geometry": {"type": "Polygon", "coordinates": [[[-70.5463424100675, -33.39362822082208], [-70.54633961841938, -33.393470612682165], [-70.54726027031323, -33.39238716309086], [-70.5474050249197, -33.39207007198243], [-70.54751554572383, -33.3919425792162], [-70.54769564864672, -33.39149893253963], [-70.54787910282064, -33.39124441532744], [-70.54834925909277, -33.390198105711654], [-70.54849959672035, -33.39019622958016], [-70.54861402717094, -33.39028938719486], [-70.54880250852531, -33.3903185632033], [-70.54906839590437, -33.390472886899396], [-70.5494083346125, -33.390563228150015], [-70.54959849510827, -33.39068696770819], [-70.54971124889472, -33.39068555947357], [-70.55020376619825, -33.39090010703135], [-70.55031652022753, -33.39089869823893], [-70.55058241195947, -33.39105301854753], [-70.55077089550845, -33.39108219149498], [-70.551036788576, -33.39123651078585], [-70.55137673210639, -33.39132684648668], [-70.5515668969768, -33.3914505828839], [-70.55175538165736, -33.39147975429931], [-70.55213459287897, -33.391664182465284], [-70.55224734779155, -33.391662771890296], [-70.55247509961174, -33.39178603661598], [-70.55330757789834, -33.39209090304183], [-70.55331374689821, -33.39243763987664], [-70.55308823517838, -33.39244046291954], [-70.5529743579065, -33.39237883121796], [-70.55274828568476, -33.392350132101456], [-70.55236907020377, -33.39216570595493], [-70.55214299869063, -33.39213700571257], [-70.55180137045951, -33.39195210757418], [-70.55168861514952, -33.391953517754715], [-70.55142383900603, -33.39186224309642], [-70.55134754866297, -33.39180013987329], [-70.55081855841287, -33.39164911003725], [-70.55059080917245, -33.39152584218948], [-70.55047805434809, -33.39152725125435], [-70.5501364318953, -33.391342348342164], [-70.54972131977344, -33.391252948107216], [-70.54960688687761, -33.391159791598504], [-70.54945598826697, -33.39113014752517], [-70.54907678473556, -33.390945710924754], [-70.54873740396529, -33.390886890409824], [-70.54855003953449, -33.39092075755698], [-70.54814275580165, -33.39127265449692], [-70.54781566826229, -33.39190730700456], [-70.54778478893367, -33.39228603523527], [-70.54771073589293, -33.392350016170084], [-70.54763947662093, -33.39257160513326], [-70.54745657781993, -33.39285764365404], [-70.54686693730974, -33.39352709662187], [-70.54679567503696, -33.39374868514915], [-70.54657015923493, -33.39375149644487], [-70.5463424100675, -33.39362822082208]]]}}, {"type": "Feature", "properties": {"codigo": "EAm4", "capa_cad": "EAm4", "lamina": "edificacion"}, "geometry": {"type": "Polygon", "coordinates": [[[-70.5536437973158, -33.42364669777397], [-70.5536819576566, -33.42367774810575], [-70.55368645065083, -33.423929919021006], [-70.55372461113438, -33.42396096933427], [-70.55372910430019, -33.4242131402329], [-70.55376726492652, -33.424244190527645], [-70.55377175826388, -33.42449636140962], [-70.55380991903299, -33.42452741168585], [-70.55381385085023, -33.424748061193625], [-70.55385201174768, -33.42477911145208], [-70.55385425857743, -33.424905196878456], [-70.55389241955983, -33.4249362471213], [-70.55389916030647, -33.42531450337548], [-70.55371116311913, -33.42531685886183], [-70.55367300202681, -33.42528580856798], [-70.55356020374202, -33.425287221687235], [-70.55352204271499, -33.425256171344834], [-70.55340924446044, -33.42525758432571], [-70.55337108349866, -33.4252265339348], [-70.55322068586452, -33.42522841770202], [-70.55318252498071, -33.42519736725061], [-70.5528065309612, -33.42520207575179], [-70.55280372428787, -33.425044468897525], [-70.55284076228024, -33.42501247673068], [-70.55283963959161, -33.42494943398858], [-70.55287667753142, -33.42491744181207], [-70.55287555482087, -33.42485439907008], [-70.55294963056818, -33.42479041468731], [-70.55294850781031, -33.4247273719462], [-70.55302258339817, -33.42466338752323], [-70.55302146059299, -33.42460034478303], [-70.55309553602139, -33.42453636031987], [-70.55309441316888, -33.42447331758055], [-70.55316848843785, -33.424409333077215], [-70.55316736553802, -33.42434629033877], [-70.55320440310635, -33.424314298072225], [-70.55320271872503, -33.424219733964506], [-70.55327679370401, -33.42415574940243], [-70.55327567073668, -33.424092706664666], [-70.55331270816004, -33.424060714368764], [-70.55331158517079, -33.4239976716311], [-70.55334862254158, -33.42396567932554], [-70.55334749953043, -33.42390263658798], [-70.55342157413972, -33.423838651947115], [-70.55342045108124, -33.42377560921045], [-70.55349452553108, -33.42371162452938], [-70.55349340242529, -33.42364858179362], [-70.5536437973158, -33.42364669777397]]]}}, {"type": "Feature", "properties": {"codigo": "EAm4", "capa_cad": "EAm4", "lamina": "edificacion"}, "geometry": {"type": "Polygon", "coordinates": [[[-70.58150166193067, -33.41900673004839], [-70.58150509138613, -33.41919585585715], [-70.58143104188791, -33.41925985660431], [-70.58143161344158, -33.41929137757265], [-70.58135756380939, -33.41935537827894], [-70.58135813533856, -33.41938689924791], [-70.58124706064864, -33.41948290023044], [-70.58124820363355, -33.419545942170274], [-70.58117415365378, -33.41960994277482], [-70.5811747251222, -33.4196414637453], [-70.5811377000789, -33.41967346403234], [-70.58113827153552, -33.419704985003044], [-70.58102719620467, -33.419800985802894], [-70.5810283390445, -33.41986402774621], [-70.58095428863744, -33.419928028228945], [-70.58095543143007, -33.41999107017319], [-70.58091840616045, -33.42002307039974], [-70.580920120318, -33.420117633316025], [-70.5808460696212, -33.420181633740285], [-70.58084664098347, -33.42021315471285], [-70.58051341138979, -33.42050115610998], [-70.58051398263876, -33.42053267708598], [-70.58040290558078, -33.4206286773654], [-70.5804034767926, -33.42066019834243], [-70.58036645103961, -33.420692198415125], [-70.58036759344051, -33.42075524036951], [-70.58029354180235, -33.42081924048526], [-70.58029411297878, -33.42085076146298], [-70.5801460093259, -33.42097876157108], [-70.58014658045245, -33.42101028255025], [-70.58007252843774, -33.42107428254259], [-70.58007367064279, -33.42113732450202], [-70.58003664456933, -33.42116932448338], [-70.58003778675254, -33.42123236644293], [-70.58000076062656, -33.42126436641465], [-70.58000133170682, -33.42129588739457], [-70.57989025312791, -33.42139188724846], [-70.57973986401544, -33.42139380297584], [-70.57962535933291, -33.42130067669594], [-70.5796225046193, -33.42114307176614], [-70.57973358319747, -33.42104707214908], [-70.57973244124213, -33.42098403017836], [-70.57991757153589, -33.420824030612245], [-70.57991700049611, -33.42079250962863], [-70.5802502332002, -33.420504509756874], [-70.58024909089497, -33.42044146779639], [-70.58032314225758, -33.420377467711894], [-70.58032257108093, -33.42034594673218], [-70.58035959670883, -33.42031394667472], [-70.58035845433281, -33.420250904715616], [-70.58058060737784, -33.420058904156846], [-70.58057946485316, -33.41999586220187], [-70.58061649024026, -33.41996386207309], [-70.58061534769377, -33.41990082011825], [-70.58068939833579, -33.41983681983103], [-70.5806888270385, -33.41980529885416], [-70.58079990275986, -33.41970929834639], [-70.58079876009184, -33.41964625639456], [-70.58087281038627, -33.419582256005576], [-70.58087223902822, -33.4195507350302], [-70.58094628918867, -33.419486734600355], [-70.58094571780615, -33.41945521362562], [-70.58105679280517, -33.41935921290391], [-70.58105622138548, -33.41932769193022], [-70.58113027122371, -33.41926369139781], [-70.58112912833626, -33.41920064945149], [-70.58120317801514, -33.41913664887901], [-70.58120260654738, -33.41910512790641], [-70.58127665609231, -33.41904112729308], [-70.58127608460008, -33.41900960632111], [-70.58150166193067, -33.41900673004839]]]}}, {"type": "Feature", "properties": {"codigo": "EAm4", "capa_cad": "EAm4", "lamina": "edificacion"}, "geometry": {"type": "Polygon", "coordinates": [[[-70.53815207923157, -33.41952040172753], [-70.53905552469953, -33.419572250899186], [-70.5401878943013, -33.41981042178783], [-70.54019290429918, -33.420094116054095], [-70.54001716260811, -33.420789925323824], [-70.53999373416454, -33.42372236566066], [-70.53955280920752, -33.426439289205106], [-70.53956505402103, -33.42713276351939], [-70.53986975471078, -33.42734967959963], [-70.54352481757746, -33.42774563784206], [-70.54353207212066, -33.42815541727513], [-70.54345910251764, -33.42828243926698], [-70.54342987186662, -33.428755729661276], [-70.54332041645715, -33.42894626255428], [-70.54279344192362, -33.42892129143044], [-70.54256616163869, -33.42882953353462], [-70.54196398559394, -33.428805494302374], [-70.54166150419101, -33.42871466978955], [-70.5404947551647, -33.42866611244348], [-70.54004131449568, -33.4285456306955], [-70.53928817978462, -33.42849192460417], [-70.53924334420172, -33.428082611096904], [-70.53904476777262, -33.42748603485902], [-70.53903809089866, -33.42710777608123], [-70.53855462481754, -33.4252851234901], [-70.53837808871191, -33.42380547463844], [-70.53822435624733, -33.42361821058665], [-70.53809710378168, -33.422800048009236], [-70.53785928263352, -33.42210937028317], [-70.53815207923157, -33.41952040172753]]]}}, {"type": "Feature", "properties": {"codigo": "EAm4", "capa_cad": "EAm4", "lamina": "edificacion"}, "geometry": {"type": "Polygon", "coordinates": [[[-70.57660331973219, -33.41847005766224], [-70.57679130010463, -33.41846766791136], [-70.57686763202274, -33.41852975401479], [-70.57690522811994, -33.41852927600654], [-70.57713422460195, -33.41871553394038], [-70.57713536458152, -33.418778576013196], [-70.57724986327578, -33.41887170480433], [-70.57725100334567, -33.41893474687205], [-70.57736550237102, -33.41902787554448], [-70.57736664253123, -33.419090917607086], [-70.57748114188769, -33.41918404616084], [-70.5774822821382, -33.419247088218356], [-70.57759678182576, -33.41934021665343], [-70.5775979221666, -33.41940325870582], [-70.57771242218524, -33.41949638702221], [-70.57771356261642, -33.4195594290695], [-70.57782806296618, -33.419652557267206], [-70.57782920348767, -33.4197155993094], [-70.57794370416853, -33.4198087273884], [-70.57794427447399, -33.419840248407034], [-70.57805877544259, -33.419933376369556], [-70.57805991614295, -33.41999641840187], [-70.57813682069603, -33.42009002465823], [-70.57813796145956, -33.420153066686574], [-70.57821429582759, -33.42021515187328], [-70.5782171478966, -33.420372756933816], [-70.5781795510287, -33.420373235362845], [-70.57814252454921, -33.42040523479323], [-70.57810492766596, -33.42040571320004], [-70.57806790114486, -33.42043771260918], [-70.57803030424627, -33.42043819099379], [-70.57795625109371, -33.42050218975917], [-70.57791865416529, -33.42050266811075], [-70.57788162753383, -33.420534667467], [-70.57784403059006, -33.42053514579638], [-70.57776997721675, -33.42059914445597], [-70.5776947832687, -33.42060010103727], [-70.5776577565124, -33.4206321003298], [-70.57762015952257, -33.420632578592546], [-70.57758313272464, -33.42066457786384], [-70.57754553571948, -33.42066505610438], [-70.57750850887994, -33.42069705535443], [-70.57747091185942, -33.42069753357276], [-70.57739685806997, -33.42076153201996], [-70.57735926101964, -33.42076201020526], [-70.57724761001252, -33.42082648674142], [-70.57709722168305, -33.42082839923664], [-70.57709608164244, -33.42076535718351], [-70.57698158053539, -33.42067222834587], [-70.57698044058509, -33.42060918628764], [-70.57686593980917, -33.4205160573313], [-70.57686536987875, -33.42048453629973], [-70.57671270261544, -33.42036036417725], [-70.57671213274375, -33.42032884314255], [-70.57667396601026, -33.42029780007946], [-70.57667282629848, -33.42023475800807], [-70.57655832634767, -33.42014162873819], [-70.57655718672619, -33.420078586661724], [-70.5764426871065, -33.419985457273164], [-70.57644154757533, -33.419922415191586], [-70.57636521468913, -33.41986032886611], [-70.57636407521936, -33.41979728678089], [-70.57628774249962, -33.4197352004017], [-70.57628717279498, -33.41970367935737], [-70.57624900649029, -33.41967263614799], [-70.576248436801, -33.41964111510275], [-70.57613393809318, -33.419547985396235], [-70.57613108987697, -33.41939038015643], [-70.57624217027738, -33.419294383593915], [-70.57624103092098, -33.419231341499206], [-70.57627805764143, -33.419199342624985], [-70.57627236078574, -33.4188841321453], [-70.57634641389147, -33.418820134373604], [-70.57634584418541, -33.41878861332549], [-70.57645692360232, -33.41869261659102], [-70.57645635385909, -33.41866109554394], [-70.57656743299361, -33.41856509871689], [-70.5765668632132, -33.41853357767086], [-70.57660388952439, -33.41850157870806], [-70.57660331973219, -33.41847005766224]]]}}, {"type": "Feature", "properties": {"codigo": "EAm4", "capa_cad": "EAm4", "lamina": "edificacion"}, "geometry": {"type": "Polygon", "coordinates": [[[-70.58417824346925, -33.41730157340213], [-70.58448015215099, -33.41736077328048], [-70.58452290128767, -33.41764398135216], [-70.58405362282883, -33.41872193619496], [-70.58357059727564, -33.41904338698599], [-70.58284613258309, -33.4205659908416], [-70.58236366437526, -33.420918958213925], [-70.58200370453555, -33.42180634120252], [-70.58204644844787, -33.422089550105106], [-70.58227546518528, -33.42227579784287], [-70.59232014217343, -33.42454337711694], [-70.59195221467554, -33.42498949508046], [-70.58868890506983, -33.42752206966044], [-70.58109932587213, -33.42585348865948], [-70.58141713786786, -33.42471442004036], [-70.5887046794476, -33.426323796865105], [-70.58900432446768, -33.426256901358336], [-70.58926234810119, -33.42596984130457], [-70.58967478856144, -33.42590149861434], [-70.58993280892554, -33.425614437245656], [-70.58989003729803, -33.42533123202403], [-70.58950945251027, -33.42508388528959], [-70.58169219831102, -33.4232921416962], [-70.58193994564216, -33.42243771930433], [-70.58189720185628, -33.422154510375194], [-70.58163058873428, -33.42196874139714], [-70.58177011583302, -33.421367925281025], [-70.582024147485, -33.42086023313527], [-70.5827236172217, -33.42003157427356], [-70.58312115932443, -33.4191437094817], [-70.5834555195635, -33.41891874330022], [-70.58352384426374, -33.418539531999535], [-70.5838547667247, -33.41812543918949], [-70.58417824346925, -33.41730157340213]]]}}, {"type": "Feature", "properties": {"codigo": "EAm4", "capa_cad": "EAm4", "lamina": "edificacion"}, "geometry": {"type": "Polygon", "coordinates": [[[-70.55326721329291, -33.41939507910314], [-70.55465436465933, -33.41915699984294], [-70.55517509870559, -33.418835187164454], [-70.5560403830969, -33.41885586256588], [-70.5571654672202, -33.41868409991089], [-70.55757171095819, -33.4182691295214], [-70.55865975103124, -33.41812934706574], [-70.55911485027607, -33.418344325670994], [-70.56061419100251, -33.41807324144519], [-70.56109617132132, -33.41768883515902], [-70.56345793855145, -33.417280745180925], [-70.56432207642204, -33.41723832070054], [-70.56511441542285, -33.41738596644562], [-70.56602350615721, -33.41775283146201], [-70.56670249806996, -33.41787036969798], [-70.56772495512989, -33.41826731825032], [-70.56908465375271, -33.41859693540606], [-70.56950218325163, -33.418812350692065], [-70.57067277868117, -33.41908128642955], [-70.57105271771755, -33.41929717242474], [-70.57184508518397, -33.419444774233284], [-70.57275422401348, -33.41981158832982], [-70.5742273231725, -33.42017123845197], [-70.57487102317789, -33.420415292519415], [-70.57529597685553, -33.42104046128513], [-70.57288747970061, -33.420944917300744], [-70.57141494016517, -33.42061677263727], [-70.5696724242647, -33.419913687635116], [-70.56846422351703, -33.41964521819938], [-70.56797093237911, -33.41939922897392], [-70.56680033991664, -33.419130267622826], [-70.5663828151609, -33.418914843099], [-70.56585476698137, -33.418826925981136], [-70.56475711858391, -33.41843091066953], [-70.56438228655482, -33.418498695873076], [-70.56416010046881, -33.418690668379725], [-70.56412646110257, -33.418911791158685], [-70.56273651987037, -33.41899236927138], [-70.56180112145124, -33.41925637898745], [-70.56108114234425, -33.41895015962481], [-70.5533570039559, -33.42021369349244], [-70.55326721329291, -33.41939507910314]]]}}, {"type": "Feature", "properties": {"codigo": "EAm4", "capa_cad": "EAm4", "lamina": "edificacion"}, "geometry": {"type": "Polygon", "coordinates": [[[-70.58287139716421, -33.41574184570173], [-70.5829095639624, -33.41577288687287], [-70.58291242403259, -33.41593049168887], [-70.58287540116746, -33.41596249244813], [-70.58287711718219, -33.4160570553369], [-70.58280307129445, -33.41612105682661], [-70.582804215258, -33.41618409875321], [-70.58276719224804, -33.41621609948325], [-70.582768908162, -33.41631066237311], [-70.58269486198455, -33.41637466380433], [-70.58269543393229, -33.41640618476807], [-70.58265841079017, -33.41643818546847], [-70.58265955466295, -33.416501227396274], [-70.58258550824657, -33.41656522876744], [-70.58258665207217, -33.41662827069616], [-70.58254962879789, -33.41666027136693], [-70.58255134450494, -33.41675483425996], [-70.58247729779885, -33.41681883557265], [-70.58247844155726, -33.41688187750209], [-70.58240439469186, -33.41694587877474], [-70.58240553840311, -33.41700892070511], [-70.58233149137838, -33.41707292193771], [-70.58233263504248, -33.41713596386902], [-70.58229561146403, -33.417167964470494], [-70.58229732692878, -33.41726252736739], [-70.58222327961437, -33.417326528541516], [-70.58222385141237, -33.41735804950762], [-70.58218682770175, -33.41739005007945], [-70.58218797127505, -33.41745309201194], [-70.58215094751192, -33.417485092574175], [-70.5821526628405, -33.41757965547284], [-70.58207861515672, -33.417643656568465], [-70.58207975866281, -33.41770669850168], [-70.58204273475484, -33.41773869903467], [-70.58185475642969, -33.41774109669704], [-70.5817402545299, -33.41764797224285], [-70.58170265890026, -33.41764845170528], [-70.58169980082923, -33.417490846840764], [-70.58177384867544, -33.41742684596549], [-70.58177327703854, -33.417395324992874], [-70.58181030090824, -33.41736332454003], [-70.58180915761174, -33.4173002825951], [-70.58184618142893, -33.41726828213263], [-70.58184560976933, -33.417236761160325], [-70.5818826335467, -33.41720476068784], [-70.5818814902048, -33.417141718743515], [-70.58195553762735, -33.41707771776891], [-70.58195439423828, -33.4170146758255], [-70.58202844150152, -33.416950674810856], [-70.58202729806528, -33.41688763286838], [-70.58206432163082, -33.41685563234624], [-70.58206260644509, -33.41676106943247], [-70.58213665341862, -33.41669706835935], [-70.58213550991519, -33.416634026417576], [-70.58217253333588, -33.416602025866204], [-70.58217138981064, -33.41653898392458], [-70.58224543651986, -33.416474982792174], [-70.5822448647332, -33.41644346182191], [-70.5822818880344, -33.416411461240486], [-70.5822807444384, -33.41634841930026], [-70.58231776768712, -33.41631641870923], [-70.58231719587775, -33.41628489773927], [-70.58235421908664, -33.41625289713822], [-70.58235307544525, -33.41618985519859], [-70.5823900986016, -33.41615785458794], [-70.58238895493841, -33.416094812648424], [-70.58242597804228, -33.41606281202816], [-70.58242540619933, -33.416031291058545], [-70.58246242926336, -33.415999290428275], [-70.58246128555479, -33.41593624848936], [-70.58253533155069, -33.41587224719915], [-70.58253418779493, -33.415809205261176], [-70.58260823363155, -33.41574520393093], [-70.58287139716421, -33.41574184570173]]]}}, {"type": "Feature", "properties": {"codigo": "EAm4", "capa_cad": "EAm4", "lamina": "edificacion"}, "geometry": {"type": "Polygon", "coordinates": [[[-70.555550995597, -33.416718069142966], [-70.5594485456282, -33.41597550054202], [-70.55974536256733, -33.415751069446216], [-70.55977732125768, -33.41543538351415], [-70.56003879551864, -33.4153375098065], [-70.56273829382414, -33.414893657630415], [-70.56315522555856, -33.41507757411636], [-70.5634172596308, -33.415011214684625], [-70.56371236762064, -33.414692210667525], [-70.56468869822962, -33.41461684116196], [-70.5651420960182, -33.414737234143026], [-70.56540865273186, -33.41492304045547], [-70.5661252165519, -33.41504010807806], [-70.56718523240214, -33.41543658758485], [-70.56865823667835, -33.41579630694224], [-70.56888664180754, -33.415951059734915], [-70.57005719680227, -33.41622000257979], [-70.57066382869019, -33.41649607688795], [-70.57179680042645, -33.41676547900831], [-70.57217673177384, -33.41698136185045], [-70.57289332008413, -33.4170983895638], [-70.57376484243389, -33.41746567374923], [-70.57512454850774, -33.4177952244101], [-70.57476623308472, -33.41877715181172], [-70.57446660117168, -33.41884401255105], [-70.57385937257138, -33.41853643669136], [-70.57287846156515, -33.418359710592505], [-70.57196933764301, -33.41799289689698], [-70.57091210877, -33.41775406566986], [-70.57038122627624, -33.41750856202994], [-70.56732010610126, -33.41666448920533], [-70.56694018757362, -33.416448591080375], [-70.56573204258964, -33.41618009323285], [-70.5651248619664, -33.415872473031186], [-70.56440885769202, -33.41578692104691], [-70.56388309077624, -33.41582507987952], [-70.56350431406169, -33.415672213358434], [-70.5632422780979, -33.41573857302313], [-70.56290900488354, -33.41602652850443], [-70.55604817459466, -33.41718475888126], [-70.5555958994701, -33.41712737543826], [-70.555550995597, -33.416718069142966]]]}}, {"type": "Feature", "properties": {"codigo": "EAm4", "capa_cad": "EAm4", "lamina": "edificacion"}, "geometry": {"type": "Polygon", "coordinates": [[[-70.58747437064902, -33.410386270993165], [-70.58766233261812, -33.41038386528093], [-70.58770049863493, -33.410414905022115], [-70.58773809103876, -33.41041442383356], [-70.58777625709537, -33.41044546355008], [-70.58781384951097, -33.410444982338184], [-70.58785201560741, -33.410476022030046], [-70.58796479288686, -33.41047457829019], [-70.58800295904845, -33.41050561793349], [-70.58804055148582, -33.41050513665215], [-70.58807871768724, -33.41053617627079], [-70.58811631013639, -33.4105356949661], [-70.5881544763776, -33.410566734560085], [-70.58822966129858, -33.41056577189264], [-70.58826782759228, -33.41059681145002], [-70.58838060500507, -33.4105953673276], [-70.58841877136392, -33.41062640683641], [-70.58845636384575, -33.41062592542754], [-70.58849453024442, -33.4106569649117], [-70.588532122738, -33.41065648347949], [-70.58857028917649, -33.41068752293897], [-70.58868306668995, -33.41068607853818], [-70.58872123319358, -33.410717117949105], [-70.58879641822345, -33.410716154934406], [-70.58883458477956, -33.410747194308726], [-70.5888380290535, -33.41093631969757], [-70.58876399187969, -33.41100032454027], [-70.58861362132436, -33.41100225049922], [-70.5885754547286, -33.410971211059106], [-70.58850026947093, -33.41097217394636], [-70.58846210292765, -33.410941134469645], [-70.58842451031013, -33.41094161588424], [-70.58838634380666, -33.410910576382854], [-70.58831115859434, -33.41091153915398], [-70.58827299214336, -33.41088049961597], [-70.58819780695279, -33.41088146231763], [-70.5881596405543, -33.41085042274303], [-70.58812204797034, -33.41085090406483], [-70.58808388161167, -33.41081986446556], [-70.58800869646645, -33.41082082705109], [-70.58797053016025, -33.410789787415204], [-70.5878953450368, -33.410790749931294], [-70.58785717878308, -33.410759710258816], [-70.58778199368142, -33.41076067270544], [-70.58774382748018, -33.41072963299632], [-70.5877062349407, -33.410730114190606], [-70.58766806877927, -33.41069907445684], [-70.58759288372293, -33.41070003678734], [-70.58755471761403, -33.41066899701698], [-70.58744194006086, -33.41067044039147], [-70.58743849884726, -33.41048131486632], [-70.58747551773841, -33.41044931283543], [-70.58747437064902, -33.410386270993165]]]}}, {"type": "Feature", "properties": {"codigo": "EAm4", "capa_cad": "EAm4", "lamina": "edificacion"}, "geometry": {"type": "Polygon", "coordinates": [[[-70.60068486308417, -33.40901842616732], [-70.60068601965688, -33.40908146761766], [-70.60080052941667, -33.40917457443444], [-70.60080110774777, -33.40920609515712], [-70.60087744775224, -33.40926816630327], [-70.6008780261132, -33.409299687024294], [-70.60099253636679, -33.40939279364598], [-70.60099311477202, -33.409424314364585], [-70.6011463740119, -33.40957997706139], [-70.60114753094263, -33.40964301849178], [-70.60126204193965, -33.40973612483763], [-70.60130252642999, -33.40989324310766], [-70.60137886740034, -33.409955313909975], [-70.60138002451548, -33.41001835532938], [-70.6014181950703, -33.41004939070998], [-70.60141993079316, -33.410143952835575], [-70.60145810141852, -33.41017498820123], [-70.60145983719288, -33.410269550323044], [-70.60149800788878, -33.410300585673745], [-70.60149974371465, -33.41039514779181], [-70.60153791448109, -33.410426183127576], [-70.60153907173179, -33.41048922453729], [-70.60161541340393, -33.410551295167664], [-70.60161714937354, -33.41064585727648], [-70.6016553202937, -33.410676892570365], [-70.60169696337817, -33.41089705205563], [-70.60173513443942, -33.410928087319625], [-70.60173629185462, -33.41099112871813], [-70.6018132128543, -33.41108471990251], [-70.60181494907336, -33.411179281994016], [-70.60185312030283, -33.41121031721541], [-70.60185427781565, -33.411273358607396], [-70.6018924491012, -33.41130439381458], [-70.60189418542059, -33.41139895589907], [-70.60193235677669, -33.4114299910913], [-70.60193525073268, -33.41158759455833], [-70.60174728747862, -33.41159002197023], [-70.60171027353759, -33.411622028114806], [-70.60155990286025, -33.41162396979619], [-70.60152288883421, -33.41165597588716], [-70.60141011077333, -33.411657431996225], [-70.60137309667674, -33.41168943804438], [-70.60126031856434, -33.41169089401856], [-70.60122330439721, -33.4117229000239], [-70.6011105262333, -33.411724355863214], [-70.60107351199564, -33.4117563618257], [-70.6009607337802, -33.41175781753014], [-70.60092371947198, -33.41178982344983], [-70.60081094120504, -33.411791279019376], [-70.60077392682628, -33.41182328489626], [-70.60066114850783, -33.41182474033093], [-70.60062413405852, -33.41185674616496], [-70.60051135568855, -33.41185820146475], [-70.6004743411687, -33.41189020725597], [-70.60036156274722, -33.41189166242088], [-70.60032454815682, -33.41192366816929], [-70.60013658403068, -33.41192609316241], [-70.6000995693408, -33.41195809884637], [-70.5999491979658, -33.41196003859271], [-70.59991218319091, -33.411992044223055], [-70.5997994046068, -33.41199349888085], [-70.59976238976137, -33.41202550446837], [-70.59946164671507, -33.41202938296844], [-70.5994552897636, -33.411682654940456], [-70.59952931938011, -33.411618643936905], [-70.59964209749464, -33.41161718953896], [-70.5996791122188, -33.41158518398916], [-70.59979189028182, -33.41158372945633], [-70.59982890493544, -33.411551723863724], [-70.59994168294695, -33.411550269196006], [-70.59997869753002, -33.411518263560566], [-70.60001629018426, -33.41151777863776], [-70.60023837702595, -33.41132574454189], [-70.60023722067818, -33.41126270310057], [-70.60027423503149, -33.411230697382344], [-70.60027076593383, -33.41104157305676], [-70.60023259532319, -33.41101053732851], [-70.60023143899345, -33.4109474958838], [-70.60015509791145, -33.41088542438619], [-70.60011345870392, -33.4106652642667], [-70.60007528831757, -33.410634228481634], [-70.60007413211795, -33.41057118702825], [-70.59999721341501, -33.410477594688594], [-70.5999949011459, -33.41035151177314], [-70.60003249329723, -33.4103510268603], [-70.6000695073555, -33.41031902120793], [-70.60018228376066, -33.41031756636867], [-70.60021929774838, -33.41028556067349], [-70.60033149591672, -33.410252584974934], [-70.60070221205281, -33.40996404785145], [-70.6007010554297, -33.40990100641058], [-70.6007380690502, -33.40986900056941], [-70.60073459912647, -33.409679876245185], [-70.60069642897325, -33.40964884064032], [-70.60069527236814, -33.40958579919607], [-70.600657102271, -33.40955476357702], [-70.6006553674135, -33.40946020140712], [-70.60061719738688, -33.40942916577312], [-70.60061546258088, -33.40933460359946], [-70.6005772926248, -33.40930356795051], [-70.6005755578703, -33.40920900577309], [-70.60053738798476, -33.40917797010919], [-70.60053449681757, -33.409020366473044], [-70.60068486308417, -33.40901842616732]]]}}, {"type": "Feature", "properties": {"codigo": "EAm4", "capa_cad": "EAm4", "lamina": "edificacion"}, "geometry": {"type": "Polygon", "coordinates": [[[-70.56125511578779, -33.40135511137624], [-70.56155413564434, -33.40125676247121], [-70.56200068961644, -33.40099891305233], [-70.56226324705726, -33.400964078470544], [-70.5623777062699, -33.40105722239539], [-70.56279344109376, -33.401178099748684], [-70.56305995038778, -33.401363912851714], [-70.56343753387314, -33.40145374023666], [-70.5636283024844, -33.40160897813803], [-70.56400588755427, -33.40169880374133], [-70.56393635797421, -33.40201496472942], [-70.56353360624651, -33.40261908188765], [-70.56357797271585, -33.40299686399084], [-70.56388320878514, -33.403245243906966], [-70.56528477105938, -33.403826607240376], [-70.56566519496135, -33.40407403386604], [-70.5659670467931, -33.404133280644466], [-70.56634690813327, -33.40434918379714], [-70.56653542486674, -33.404378331739316], [-70.56683954211793, -33.40456366140832], [-70.56733161231806, -33.40474661572875], [-70.56748423845175, -33.40487080089024], [-70.56797574527086, -33.405022231309005], [-70.5682041202361, -33.40517698647614], [-70.56831689173725, -33.405175560794575], [-70.56828496626737, -33.40549124842115], [-70.56817502670103, -33.405650280281705], [-70.5680696182484, -33.406061481964414], [-70.56799556930773, -33.40612547478106], [-70.56742185940165, -33.40767761682128], [-70.56705047231327, -33.40793453625461], [-70.56686251375149, -33.4079369105876], [-70.5661067188818, -33.40772575626146], [-70.5658008948504, -33.40744586136646], [-70.56568472662678, -33.40725815724001], [-70.56538003658909, -33.40704130374502], [-70.56515392303062, -33.4070126285296], [-70.5647791400635, -33.40708041361585], [-70.56451882627286, -33.407241339142274], [-70.56436846043728, -33.40724323552875], [-70.5632726603815, -33.40694176583033], [-70.56240523701712, -33.4067950521979], [-70.56237871062909, -33.405313549970984], [-70.56233942689623, -33.405219459425986], [-70.56203475216469, -33.40500259719428], [-70.56128181330283, -33.404949019003816], [-70.5609181263978, -33.403534815551346], [-70.56091361598514, -33.40328264467418], [-70.56067511181578, -33.40256049092676], [-70.56062963082985, -33.40211966464713], [-70.56073845283176, -33.40189759637795], [-70.56096060545443, -33.401705630524894], [-70.56099537562758, -33.40154755070927], [-70.56125511578779, -33.40135511137624]]]}}, {"type": "Feature", "properties": {"codigo": "EAm4", "capa_cad": "EAm4", "lamina": "edificacion"}, "geometry": {"type": "Polygon", "coordinates": [[[-70.48367308093005, -33.39587531737302], [-70.4836816531135, -33.39637967784763], [-70.483343359318, -33.39638372287966], [-70.48330630674725, -33.39641569480435], [-70.48311836564858, -33.39641794159184], [-70.48308024187477, -33.39638686837841], [-70.48307167316294, -33.39588250776684], [-70.48367308093005, -33.39587531737302]]]}}, {"type": "Feature", "properties": {"codigo": "EAm4", "capa_cad": "EAm4", "lamina": "edificacion"}, "geometry": {"type": "Polygon", "coordinates": [[[-70.55634922524412, -33.394007555665624], [-70.5565741786284, -33.393973205107685], [-70.55699155862268, -33.39418866765645], [-70.55755759767575, -33.39430767705059], [-70.5579373954963, -33.394523608135344], [-70.55861675905375, -33.394672718072854], [-70.55907229641407, -33.39491922260232], [-70.55948687131132, -33.394977069285005], [-70.55997887240997, -33.39516005506951], [-70.5602447936652, -33.395314353691546], [-70.5606217846495, -33.39537266917136], [-70.56096231695304, -33.395494499189184], [-70.56137971460194, -33.39570994639489], [-70.56175670792187, -33.39576825834986], [-70.56213482985989, -33.39588961190325], [-70.56251464547273, -33.39610552838999], [-70.56300496567468, -33.396193937668635], [-70.56319459271248, -33.396286133996384], [-70.56338309105998, -33.39631528730441], [-70.56361143480201, -33.39647005203868], [-70.56372419530408, -33.396468630856795], [-70.56391382366513, -33.39656082604152], [-70.56417749655934, -33.3965890304874], [-70.56451803823954, -33.39671085043733], [-70.56467064598269, -33.39683503974249], [-70.56467347107665, -33.39699264642308], [-70.56441827081768, -33.39743726315172], [-70.56438350821513, -33.397595343799836], [-70.56430946340753, -33.3976593343692], [-70.56423880777824, -33.397912452925375], [-70.5640884579911, -33.39791434850728], [-70.56382195743795, -33.397728537271846], [-70.56299221286773, -33.397581351103], [-70.56265166969698, -33.39745952701706], [-70.56238799451994, -33.39743131939347], [-70.56204745271825, -33.397309493604155], [-70.56178377813876, -33.39728128467652], [-70.56166988859792, -33.39721966136637], [-70.56140621437996, -33.39719145162425], [-70.56023481358237, -33.39685937532139], [-70.55985781634467, -33.396801058857896], [-70.55959189110068, -33.39664675955352], [-70.5590639842816, -33.39655880910173], [-70.55887436074259, -33.39646660635323], [-70.55845977905012, -33.396408757830216], [-70.55804351001267, -33.39625634358817], [-70.55781742640778, -33.396227654067516], [-70.5572867119442, -33.395982088674494], [-70.55573947543135, -33.395654686204985], [-70.55580734542943, -33.39524396435235], [-70.55588139470429, -33.39517997871318], [-70.55634922524412, -33.394007555665624]]]}}, {"type": "Feature", "properties": {"codigo": "EAb4", "capa_cad": "EAb4", "lamina": "edificacion"}, "geometry": {"type": "Polygon", "coordinates": [[[-70.52811423043, -33.41538812673991], [-70.52830662671617, -33.415637984920174], [-70.52672429554606, -33.4154683005525], [-70.52639475992095, -33.41597681397882], [-70.52711287655319, -33.41833261845427], [-70.5277193959989, -33.41860890624796], [-70.52937366354358, -33.418588518446924], [-70.52938527104887, -33.41925047520272], [-70.52905352727613, -33.41963290836229], [-70.52940130108466, -33.42016460583858], [-70.52939521208133, -33.42196180861415], [-70.527613125849, -33.42327644310427], [-70.52585810523298, -33.423991676901906], [-70.52404438380412, -33.42565346465468], [-70.5224699591266, -33.42810050307424], [-70.52181899735074, -33.42959033573961], [-70.5217564485276, -33.430316260168375], [-70.52142297998193, -33.43060410897392], [-70.52132227477423, -33.431298972726324], [-70.52099210095712, -33.43177595131848], [-70.52016538876546, -33.431817617426404], [-70.51901233359091, -33.4325569045134], [-70.51728807323049, -33.43289330040694], [-70.5150961202621, -33.43228953039216], [-70.51438439868683, -33.4324558673566], [-70.51448735090133, -33.43188709538146], [-70.51556742427009, -33.43127485620999], [-70.51695159238005, -33.43084805967824], [-70.51746869938383, -33.430305746939794], [-70.51791307442022, -33.42774649289558], [-70.5186354491528, -33.426035104840395], [-70.5194406856168, -33.4247640977585], [-70.51981143141629, -33.42230032402308], [-70.52058121836124, -33.42115585847678], [-70.52074832252181, -33.41995572244565], [-70.52020931733081, -33.41923717222658], [-70.52016292934184, -33.41873328289636], [-70.51932425982608, -33.418081458269505], [-70.51878198507518, -33.41717376950578], [-70.51813406549624, -33.41667724355651], [-70.5177581020145, -33.41668184478908], [-70.51742412179927, -33.41693816041693], [-70.51770100913498, -33.417722988608375], [-70.51603524337938, -33.417081259268244], [-70.51476079196974, -33.41731753116664], [-70.51286741722414, -33.41872790167104], [-70.51272632219708, -33.419265609913744], [-70.51212858682938, -33.4194935996222], [-70.51207841981338, -33.41876905195028], [-70.51181032087197, -33.418488562180585], [-70.51068404137723, -33.41859687170138], [-70.51093739331326, -33.41802626938142], [-70.51149861768695, -33.41786178778208], [-70.51216607263164, -33.41731766447566], [-70.5128084971259, -33.41749900238725], [-70.5134040293973, -33.41714492179233], [-70.51361648113996, -33.41638564125907], [-70.51428828927114, -33.41609368301038], [-70.51430782696079, -33.41505299838694], [-70.51509624170419, -33.414980312894734], [-70.51576474754441, -33.41449921517767], [-70.51696944589011, -33.414579073264164], [-70.51741291485708, -33.41413224753402], [-70.51790329864102, -33.41422083329921], [-70.51932642896973, -33.41388812279], [-70.51977866869325, -33.41394563971043], [-70.52052507695652, -33.41362120545782], [-70.52169162079115, -33.4136699568661], [-70.52396273737234, -33.41452487498992], [-70.52580821489781, -33.41469135816714], [-70.52683211686762, -33.4151832159406], [-70.52811423043, -33.41538812673991]]]}}, {"type": "Feature", "properties": {"codigo": "EAb4", "capa_cad": "EAb4", "lamina": "edificacion"}, "geometry": {"type": "Polygon", "coordinates": [[[-70.4836659491106, -33.39987957655059], [-70.4836664849446, -33.39991109906124], [-70.48374273610051, -33.39997324498439], [-70.48374970239279, -33.40038303758936], [-70.4837126483351, -33.400415009658275], [-70.48314879925236, -33.40042175172275], [-70.48313969318906, -33.39988586893708], [-70.4836659491106, -33.39987957655059]]]}}, {"type": "Feature", "properties": {"codigo": "EAb4", "capa_cad": "EAb4", "lamina": "edificacion"}, "geometry": {"type": "Polygon", "coordinates": [[[-70.50636780055609, -33.39947989211737], [-70.50620324567052, -33.40083762796265], [-70.50526513315977, -33.40094360034906], [-70.50496876320632, -33.4011994263003], [-70.50497528589933, -33.40157769265563], [-70.50527981213743, -33.40179469953358], [-70.50591993248979, -33.40184998844539], [-70.50647834384239, -33.40152792092559], [-70.50654753848491, -33.40118026406174], [-70.50846788964222, -33.401346101515166], [-70.50881382804036, -33.40178329741085], [-70.50930467966603, -33.401903441677995], [-70.50930849561698, -33.40212409658903], [-70.5073559362914, -33.406624920714805], [-70.50620903146124, -33.4098863130735], [-70.5058369034955, -33.410111532331506], [-70.50588755499292, -33.41086760723423], [-70.50543751413312, -33.41093612748631], [-70.50561134110798, -33.41011427037484], [-70.50492867284635, -33.409775738359095], [-70.50440671059384, -33.410034299869515], [-70.50419147396721, -33.41063595638808], [-70.50464912531565, -33.41100875081552], [-70.50532581962246, -33.411000540510685], [-70.50533452187011, -33.411504894765166], [-70.50582977713321, -33.411877228271244], [-70.50599756793787, -33.41288411062487], [-70.5068551472831, -33.4146393037729], [-70.50698971702175, -33.41589881737076], [-70.50682133919776, -33.41703589653942], [-70.50717169237969, -33.417725271101006], [-70.50766753645473, -33.418129117770846], [-70.50842384053014, -33.41837215146193], [-70.50790728855111, -33.41894594914149], [-70.50711556210175, -33.4188294575981], [-70.50575008062226, -33.418152411271905], [-70.50595661498622, -33.41704639891866], [-70.5059332136081, -33.41569094836242], [-70.50560796128282, -33.414276104468], [-70.50332898475646, -33.41077252736324], [-70.50343361904201, -33.41029832786394], [-70.50301465631037, -33.4099881175108], [-70.50304247542275, -33.409420262713326], [-70.50213154857447, -33.40892683674372], [-70.50190002025238, -33.40858282372971], [-70.50233391522629, -33.40539316287248], [-70.50165146138531, -33.40287912218768], [-70.5014658486353, -33.40083199628851], [-70.50180307206706, -33.40076485688417], [-70.50263276037286, -33.40091245440232], [-70.50296564052701, -33.40059313401268], [-70.5028065977106, -33.40009059975775], [-70.50446162005827, -33.40013359835554], [-70.50636780055609, -33.39947989211737]]]}}, {"type": "Feature", "properties": {"codigo": "EAb4", "capa_cad": "EAb4", "lamina": "edificacion"}, "geometry": {"type": "Polygon", "coordinates": [[[-70.5912636141484, -33.39548790076014], [-70.59133763674139, -33.39542389471497], [-70.59152556614255, -33.395421484099046], [-70.59160188731455, -33.39548356164113], [-70.59163947321741, -33.3954830794599], [-70.59167763385675, -33.395514118199955], [-70.59182797750994, -33.395512189313486], [-70.59186613822705, -33.395543227993016], [-70.59197889599552, -33.395541781172845], [-70.59201705677773, -33.39557281980385], [-70.59216740050717, -33.395570890503194], [-70.59220556136714, -33.395601929073685], [-70.59224314730992, -33.39560144670812], [-70.59228130820968, -33.39563248525397], [-70.59231889416422, -33.395632002865085], [-70.59250854904654, -33.395724153506976], [-70.59262130701342, -33.3957227060962], [-70.5927352152214, -33.39578430041329], [-70.5928479732535, -33.395782852794284], [-70.59288613444257, -33.395813891144435], [-70.59303647852347, -33.39581196077865], [-70.59307463979032, -33.3958429990683], [-70.59326256993462, -33.39584058579531], [-70.59329958063059, -33.39580858220049], [-70.59356268269381, -33.39580520306481], [-70.5935996932615, -33.39577319938395], [-70.59375003722009, -33.39577126815576], [-70.59386164411697, -33.39570677781936], [-70.59431267554908, -33.395700982646716], [-70.59438899888414, -33.39576305840502], [-70.59442658485632, -33.395762575376104], [-70.59442888780585, -33.395888658931156], [-70.59439187750552, -33.395920662851296], [-70.59439245323247, -33.39595218374004], [-70.59435486717805, -33.395952666761026], [-70.59416866383474, -33.39604964437087], [-70.5940934916329, -33.39605061026838], [-70.59405648113916, -33.39608261409331], [-70.59401889502244, -33.3960830970142], [-70.59353775594826, -33.39649914565173], [-70.5935383313795, -33.396530666550646], [-70.59350132047899, -33.39656267021963], [-70.59346373414547, -33.396563152978466], [-70.59338971223421, -33.396627160263606], [-70.59320178040855, -33.39662957377909], [-70.59316476933998, -33.39666157735204], [-70.59301442380551, -33.39666350791641], [-70.592977412652, -33.39669551143575], [-70.5929398262517, -33.39669599403759], [-70.59282879258508, -33.396792004500824], [-70.5917011988585, -33.39680647629292], [-70.59169487639335, -33.396459746100774], [-70.59165671532043, -33.39642870738301], [-70.59165154260499, -33.39614501902205], [-70.59161338168927, -33.39611398028492], [-70.59161050806203, -33.39595637563032], [-70.5915723472457, -33.395925336876765], [-70.59157119782998, -33.39586229501226], [-70.59126591250664, -33.39561398451496], [-70.5912636141484, -33.39548790076014]]]}}, {"type": "Feature", "properties": {"codigo": "EAb4", "capa_cad": "EAb4", "lamina": "edificacion"}, "geometry": {"type": "Polygon", "coordinates": [[[-70.50496576672332, -33.394483826743496], [-70.50500389716424, -33.39451489304537], [-70.50500444059223, -33.39454641527607], [-70.50504257107468, -33.39457748156461], [-70.50504311451793, -33.39460900379443], [-70.5050812450419, -33.39464007006962], [-70.5050817885004, -33.39467159229855], [-70.50511991906589, -33.3947026585604], [-70.50512046253965, -33.39473418078846], [-70.50515859314666, -33.394765247036965], [-70.50515913663567, -33.39479676926415], [-70.50519726728422, -33.39482783549931], [-70.50519781078847, -33.394859357725615], [-70.50523594147855, -33.39489042394742], [-70.50523648499805, -33.39492194617284], [-70.50527461572965, -33.39495301238132], [-70.5052751592644, -33.39498453460587], [-70.5053906388236, -33.39514077759767], [-70.50539172598549, -33.3952038220413], [-70.50542985689758, -33.395234888195695], [-70.50543040049419, -33.39526641041654], [-70.50554588071863, -33.39542265323872], [-70.50554696800423, -33.39548569767497], [-70.50562377388944, -33.3955793520794], [-70.50562486123772, -33.39564239651181], [-70.50566299242779, -33.395673462584696], [-70.50566407980828, -33.39573650701502], [-70.50574088604773, -33.395830161333556], [-70.50574523584082, -33.396082339035345], [-70.50578336727072, -33.39611340506253], [-70.50578445475627, -33.39617644948488], [-70.50589884929514, -33.39626964748633], [-70.50590102444929, -33.39639573632047], [-70.50571308533351, -33.39639801732577], [-70.50567495379939, -33.39636695128115], [-70.50552460254238, -33.39636877583286], [-70.50548647108621, -33.396337709727916], [-70.50544888328257, -33.396338165825476], [-70.50541183909074, -33.39637014412717], [-70.50526148781005, -33.39637196836025], [-70.50522444353346, -33.396403946608146], [-70.5050740921816, -33.39640577061581], [-70.50503704782027, -33.39643774880986], [-70.50488669639724, -33.3964395725921], [-70.50484965195115, -33.39647155073237], [-70.50473688833176, -33.39647291841706], [-70.50469984381535, -33.39650489651435], [-70.50454949225336, -33.39650671989126], [-70.50451244765217, -33.39653869793474], [-70.50436209601902, -33.396540521086244], [-70.5043250513331, -33.3965724990759], [-70.50421228755614, -33.39657386628753], [-70.50417524279987, -33.39660584423423], [-70.50398730308265, -33.39660812263849], [-70.50398675997937, -33.39657660040353], [-70.50394862895807, -33.39654553381404], [-70.50394699969652, -33.39645096710604], [-70.50390886874557, -33.396419900501805], [-70.50390180888736, -33.39601011140705], [-70.50405215963899, -33.396008288838665], [-70.50416655216398, -33.39610148849819], [-70.5042041398879, -33.396101032791876], [-70.50424227079652, -33.39613209930786], [-70.50439262173467, -33.39613027632114], [-70.50443075272126, -33.3961613427768], [-70.5044683404664, -33.39616088698975], [-70.5045053849294, -33.39612890896161], [-70.50465573584385, -33.396127085656246], [-70.5046927802221, -33.39609510757428], [-70.50480499996776, -33.396062217717564], [-70.5050272653321, -33.395870348813304], [-70.50502617840588, -33.395807304365874], [-70.50506322251293, -33.39577532617931], [-70.50505887474021, -33.39552314838587], [-70.5050207438256, -33.39549208211866], [-70.50501965691969, -33.3954290376672], [-70.5049041776089, -33.3952727943291], [-70.5049030907962, -33.39520974987203], [-70.50478761199557, -33.3950535064061], [-70.50478652527606, -33.39499046194342], [-70.50470972081206, -33.39489680697227], [-70.50470700417638, -33.39473919580466], [-70.50478109172927, -33.39467523961989], [-70.50478000503006, -33.39461219515318], [-70.5048170487404, -33.39458021704584], [-70.50481541865979, -33.39448565034562], [-70.50496576672332, -33.394483826743496]]]}}, {"type": "Feature", "properties": {"codigo": "EAb4", "capa_cad": "EAb4", "lamina": "edificacion"}, "geometry": {"type": "Polygon", "coordinates": [[[-70.5889990388316, -33.38467117368733], [-70.58967664960777, -33.38472555137716], [-70.5902461090238, -33.385033538342725], [-70.59059180543386, -33.38543897621037], [-70.59135262770997, -33.38593367489277], [-70.59158386345698, -33.38624599263451], [-70.59170350381328, -33.38662279816548], [-70.59171499505906, -33.387253217679316], [-70.5915721344121, -33.38766491868732], [-70.59116791661731, -33.388174556404664], [-70.59061278799172, -33.38865459917144], [-70.59039417961797, -33.38903574153734], [-70.5901692547524, -33.389070152689165], [-70.58991019027422, -33.389294170975944], [-70.58987777259665, -33.38957834147488], [-70.58999626281194, -33.3898921065659], [-70.58962903569973, -33.390369737051664], [-70.58967178457232, -33.39065294443189], [-70.5899388896079, -33.390870220328964], [-70.59016554146285, -33.390930372402345], [-70.59123455232216, -33.391830988680745], [-70.59157142895195, -33.39381295190791], [-70.591551083634, -33.394759062273785], [-70.5914400507618, -33.39485507149488], [-70.59019513080149, -33.39461880753854], [-70.59019225989704, -33.39446120273721], [-70.59066880992293, -33.39379299915739], [-70.59065847201748, -33.39322562190788], [-70.5905023896022, -33.39291233963185], [-70.58996816522928, -33.39247779023355], [-70.58943911087698, -33.39232692720216], [-70.58898752210557, -33.39230118315892], [-70.58835145143678, -33.392466969350124], [-70.5876743541087, -33.39244410724939], [-70.58744426096406, -33.39219482462087], [-70.58744139528817, -33.392037219547326], [-70.58777105699156, -33.39156007607151], [-70.5879145146375, -33.391179899983165], [-70.58779087079576, -33.39058244364878], [-70.5871040475508, -33.39002372055019], [-70.58672706548877, -33.38996548535041], [-70.58612630011056, -33.39000469500858], [-70.58612400966123, -33.38987861082493], [-70.58653284705923, -33.38962115691045], [-70.58728795449288, -33.38980066948927], [-70.58792572796243, -33.38972945225708], [-70.58818365226199, -33.38944239590748], [-70.58813976231019, -33.389096145762366], [-70.58858731996959, -33.38890124631214], [-70.58895684148074, -33.388549702855734], [-70.58906385397641, -33.38823304885678], [-70.58897320120697, -33.38738294411099], [-70.5888171360804, -33.38706965894212], [-70.5880904599987, -33.386385337468546], [-70.58808702054883, -33.38619621126186], [-70.5886062869702, -33.38581122390423], [-70.5888966179753, -33.38523999590794], [-70.58892502325152, -33.384735178224524], [-70.5889990388316, -33.38467117368733]]]}}, {"type": "Feature", "properties": {"codigo": "EAb4", "capa_cad": "EAb4", "lamina": "edificacion"}, "geometry": {"type": "Polygon", "coordinates": [[[-70.49459853544, -33.37963291037866], [-70.49542585255783, -33.37965447273206], [-70.4963326514098, -33.37992730276709], [-70.49708210815837, -33.379792148115655], [-70.4976469014293, -33.37984839125776], [-70.4976496037946, -33.380006003314634], [-70.49727595601205, -33.38013662775536], [-70.49675846486562, -33.380647333312616], [-70.49619636663861, -33.38074869840403], [-70.49578891081994, -33.38110042861804], [-70.49579538879522, -33.381478697792645], [-70.49632585101143, -33.38172453418406], [-70.49647995832441, -33.381943378406014], [-70.4966083678379, -33.382856168747956], [-70.49628200940626, -33.38355374068572], [-70.4955062720627, -33.38435131514312], [-70.4954735472749, -33.38463546985079], [-70.49577960973906, -33.38494707017602], [-70.4968743810547, -33.38521762916906], [-70.49765091146932, -33.38665858917848], [-70.49799457277115, -33.38696972990258], [-70.49886387178368, -33.38724299250092], [-70.50029314645218, -33.387288777390935], [-70.5009729092349, -33.387469729904915], [-70.50087749465133, -33.388479808109246], [-70.49988870329537, -33.39000515044581], [-70.49985761587924, -33.390383872699736], [-70.50012558747511, -33.39066439302686], [-70.5028201959399, -33.39214517049316], [-70.50365957538267, -33.39286016433443], [-70.50366174702226, -33.3929862533678], [-70.50317312385332, -33.392992174041304], [-70.50253903745612, -33.39328361402069], [-70.50227972860226, -33.39350745589103], [-70.50224648126752, -33.393760089185335], [-70.50205800516036, -33.39373084222081], [-70.50163587589256, -33.3932314903458], [-70.50137168596419, -33.39317162978519], [-70.49969220482808, -33.39388557600045], [-70.49857000996339, -33.394214423709464], [-70.49740535297144, -33.39426001405523], [-70.49642052494045, -33.39383049160756], [-70.49588134577263, -33.393080300244286], [-70.49550062037362, -33.392801129841146], [-70.49350745869691, -33.392762079980976], [-70.4938360284892, -33.39219060438528], [-70.49384449038386, -33.39048794182499], [-70.49406029425612, -33.38991782318239], [-70.49360064393755, -33.38941889443233], [-70.49332676663693, -33.38879161256096], [-70.49319406789898, -33.38762663946881], [-70.49349096809571, -33.38740236386575], [-70.4935237000378, -33.387118209595116], [-70.49296734392979, -33.385359284657376], [-70.49310851508002, -33.3848215941858], [-70.4927648794138, -33.38451043910209], [-70.49272298617792, -33.38425871152853], [-70.49300963781502, -33.383435510503304], [-70.49330490775924, -33.38311666820593], [-70.49371561767474, -33.38295408043892], [-70.49416013328701, -33.38257038171066], [-70.49501966457076, -33.3822762690754], [-70.49531546290665, -33.38198894468475], [-70.49530898688401, -33.38161067545828], [-70.49485369115004, -33.38136392923], [-70.49490889252124, -33.38019669328232], [-70.49459853544, -33.37963291037866]]]}}, {"type": "Feature", "properties": {"codigo": "EAb4p", "capa_cad": "EAb4 prima", "lamina": "edificacion"}, "geometry": {"type": "Polygon", "coordinates": [[[-70.48375666882605, -33.400792830165955], [-70.48376524309126, -33.40129719022124], [-70.48372818866439, -33.401329162300804], [-70.4831643336812, -33.401335904598014], [-70.48315522720684, -33.40080002189517], [-70.48375666882605, -33.400792830165955]]]}}, {"type": "Feature", "properties": {"codigo": "EAb4p", "capa_cad": "EAb4 prima", "lamina": "edificacion"}, "geometry": {"type": "Polygon", "coordinates": [[[-70.51311755536216, -33.40062737408659], [-70.51368850503174, -33.4010302827521], [-70.51704055821445, -33.40136768260326], [-70.51697743241941, -33.40206208634593], [-70.51718949445913, -33.40344675645005], [-70.51574061855487, -33.40661733884016], [-70.51383067521743, -33.4092260156089], [-70.51363847463051, -33.41115161168908], [-70.5134587068342, -33.41162673563308], [-70.51293730709632, -33.411916854599845], [-70.51287031779881, -33.412390602073906], [-70.5124589632339, -33.412521733376124], [-70.51219252228161, -33.412335809758204], [-70.510494761927, -33.41200968028507], [-70.51023269200134, -33.412075928799716], [-70.50997444077422, -33.41236283124966], [-70.51016950753598, -33.412770329661534], [-70.51022674749274, -33.41390466607123], [-70.51053133053979, -33.41412165806217], [-70.5108702348318, -33.414149059038095], [-70.51125601830921, -33.41471187568096], [-70.51189569000492, -33.41473560883731], [-70.51222749309746, -33.414353219693744], [-70.51263994975534, -33.414285132982705], [-70.51288082943339, -33.41516499823929], [-70.51255503883905, -33.415894131233856], [-70.51162496874917, -33.41647298611423], [-70.51099620529516, -33.417079692535864], [-70.51028568957203, -33.41730904716709], [-70.50939373153602, -33.417918950252954], [-70.50853063515278, -33.41802403698747], [-70.50800155081942, -33.41787282753586], [-70.50758253499285, -33.41756263445685], [-70.50723272400796, -33.41690478319595], [-70.50723328245346, -33.414760824210454], [-70.50629451737817, -33.41265980377297], [-70.50620898731843, -33.41206179651175], [-70.50650593347936, -33.411837489218506], [-70.50653862890641, -33.411553333524914], [-70.50619048417073, -33.4109900441972], [-70.50626131861449, -33.41073695415489], [-70.50667104192445, -33.41051127697463], [-70.50654628545212, -33.40981915998876], [-70.5070840540113, -33.40829924784677], [-70.50971871636487, -33.40192993252025], [-70.51034902047448, -33.40141780031713], [-70.51043505971738, -33.39987184344955], [-70.51311755536216, -33.40062737408659]]]}}, {"type": "Feature", "properties": {"codigo": "EAb4p", "capa_cad": "EAb4 prima", "lamina": "edificacion"}, "geometry": {"type": "Polygon", "coordinates": [[[-70.6022357693172, -33.395189046500654], [-70.60223808349288, -33.39531512958628], [-70.60194260435053, -33.39560269935491], [-70.60175641065162, -33.39569968808795], [-70.60149388824492, -33.3957346053664], [-70.60123252199152, -33.395832563663525], [-70.60082485778541, -33.39615310693506], [-70.60079247416233, -33.39643727900274], [-70.60086995876068, -33.39656239218216], [-70.60087227108458, -33.39668847532419], [-70.59470811367117, -33.39676786209101], [-70.59470581024163, -33.396641778571], [-70.59485500379694, -33.396576804202155], [-70.59515108617991, -33.39632077144474], [-70.59526326872252, -33.396287800736644], [-70.59537429900061, -33.396191788185064], [-70.59552464354992, -33.396189854785646], [-70.59567325950222, -33.39609335860015], [-70.59582360386011, -33.39609142484354], [-70.59593520954535, -33.396026932677835], [-70.59604796771491, -33.396025482141965], [-70.59638278349924, -33.39583200477094], [-70.59653312735506, -33.395830070168046], [-70.59671932746272, -33.39573308909717], [-70.59683208520968, -33.39573163786005], [-70.59698069889116, -33.39563514016727], [-70.59709345649725, -33.3956336886964], [-70.59724206971426, -33.395537190702505], [-70.59735482717944, -33.39553573899789], [-70.59772664689729, -33.39531025336258], [-70.59783940404274, -33.39530880122634], [-70.59798801585907, -33.3952123023748], [-70.59810077286365, -33.39521085000483], [-70.59828639272307, -33.39508234582924], [-70.5988837210429, -33.39485395148147], [-70.59899474544324, -33.394757935840325], [-70.59918267270933, -33.394755513671235], [-70.59926188583468, -33.39497519045906], [-70.59933821190484, -33.39503726309297], [-70.5993786850168, -33.395194382655404], [-70.59960766438766, -33.39538060015822], [-70.59987191973804, -33.39544024930105], [-70.60028478490416, -33.39540339633488], [-70.6006190105243, -33.39517838706212], [-70.60069418173568, -33.395177417234024], [-70.60087979754299, -33.39504890929245], [-70.60099197608736, -33.395015933509505], [-70.60125507477395, -33.39501253813584], [-70.60152048654012, -33.395135225338294], [-70.60182174947438, -33.39516286435136], [-70.60185991345782, -33.39519389985655], [-70.6022357693172, -33.395189046500654]]]}}, {"type": "Feature", "properties": {"codigo": "EAb4p", "capa_cad": "EAb4 prima", "lamina": "edificacion"}, "geometry": {"type": "Polygon", "coordinates": [[[-70.50864823847036, -33.381323109841354], [-70.50861446840331, -33.38154422243034], [-70.50805945582918, -33.382055430260536], [-70.50712807436685, -33.38253967840999], [-70.5061639928432, -33.38330807641877], [-70.50537911346146, -33.38356983135649], [-70.50486056518413, -33.384017525110764], [-70.50373743149646, -33.38428337138302], [-70.50306094373674, -33.3842915672619], [-70.50272703893155, -33.38454784234041], [-70.50269271049132, -33.38473743134791], [-70.5020875894317, -33.38452405551843], [-70.50129997657068, -33.38462817359332], [-70.50107773038928, -33.38482003558357], [-70.50108423218158, -33.38519830361483], [-70.50150252383293, -33.38547700287861], [-70.50187943999752, -33.38553549928818], [-70.50188269270264, -33.38572463321541], [-70.50147740603462, -33.38620247113901], [-70.50100940961829, -33.387406230619995], [-70.50010414343039, -33.387228004681546], [-70.49916454378233, -33.387239360227746], [-70.49818411469799, -33.38706202825252], [-70.49765037085771, -33.386627066801296], [-70.49710528391327, -33.3855301327078], [-70.49706391798789, -33.38530992939486], [-70.49724805092784, -33.38508700541785], [-70.49720560407022, -33.38480375735589], [-70.49690115807209, -33.384586727865795], [-70.4957725910886, -33.384537278795435], [-70.49573014933547, -33.3842540300635], [-70.49591266384851, -33.383936540749296], [-70.49639313650191, -33.38345781391232], [-70.49664486965085, -33.38279267066676], [-70.49663784751515, -33.38238287930593], [-70.49640263453831, -33.38181819511274], [-70.49643589566894, -33.38156556256956], [-70.49733244998016, -33.38123945875375], [-70.49777585968076, -33.3807927028407], [-70.49863157466648, -33.3802779091383], [-70.49934236717692, -33.380080149905154], [-70.50094751243824, -33.3794301680394], [-70.50256239325014, -33.37934756821622], [-70.50279058807898, -33.37950244962533], [-70.50320451715625, -33.37952896533554], [-70.50395287275205, -33.37933072491209], [-70.50545609253356, -33.37931249842135], [-70.50545826565013, -33.37943858762613], [-70.50519954742163, -33.37969395702259], [-70.50448931556024, -33.37992327167689], [-70.50408135514556, -33.380243505812324], [-70.50408786881394, -33.38062177360097], [-70.50435473660443, -33.38083924105639], [-70.50476975842608, -33.380928795958454], [-70.50578118954692, -33.38072735414287], [-70.50657582917968, -33.38103299830128], [-70.50732364508191, -33.38080321517519], [-70.50773703698248, -33.38079819328368], [-70.50864823847036, -33.381323109841354]]]}}, {"type": "Feature", "properties": {"codigo": "Ee1", "capa_cad": "Ee1", "lamina": "edificacion"}, "geometry": {"type": "Polygon", "coordinates": [[[-70.57897565538332, -33.42903336983606], [-70.57901382686154, -33.429064412012224], [-70.57905142746093, -33.429063933220995], [-70.57905199836692, -33.42909545417568], [-70.5792428563012, -33.42925066480247], [-70.57924342728045, -33.429282185753294], [-70.57958697340358, -33.42956156407468], [-70.57962457420692, -33.42956108510345], [-70.57962514533085, -33.429592606046896], [-70.57981600537461, -33.42974781571739], [-70.57981657657177, -33.42977933665697], [-70.57993109296737, -33.42987246230462], [-70.57993337793857, -33.42999854605236], [-70.57989577695221, -33.42999902512271], [-70.57959953803646, -33.43025502480379], [-70.57960010916636, -33.430286545744075], [-70.57941495889776, -33.43044654520805], [-70.57941552996508, -33.430478066150165], [-70.57937792876254, -33.43047854506956], [-70.57915574738082, -33.43067054401983], [-70.57915688933865, -33.43073358590952], [-70.57900876777269, -33.430861585004465], [-70.5789711663974, -33.43086206380538], [-70.57893413592352, -33.43089406354223], [-70.57889653453286, -33.430894542320935], [-70.57885950401734, -33.430926542036545], [-70.57870909838796, -33.43092845699412], [-70.57863275397972, -33.43086637250094], [-70.57859515259554, -33.43086685118792], [-70.57859401103805, -33.43080380928251], [-70.57855583891632, -33.430772767003425], [-70.57855526815338, -33.43074124604972], [-70.5781353767662, -33.43039978013345], [-70.57813423556132, -33.430336738209284], [-70.57809606380896, -33.43030569577558], [-70.57809549322232, -33.43027417481251], [-70.57805732151158, -33.430243132365376], [-70.5780561803699, -33.430180090437226], [-70.57801800871526, -33.43014904797592], [-70.57801743816023, -33.43011752701086], [-70.57778840888963, -33.429931271971775], [-70.57778783842231, -33.429899751002125], [-70.57774966698673, -33.429868708450435], [-70.57774852608368, -33.429805666509154], [-70.57771035470422, -33.42977462394327], [-70.57770750253445, -33.42961701908339], [-70.57781859370242, -33.42952102092984], [-70.57785619452038, -33.4295205424952], [-70.5778932248409, -33.429488543079], [-70.5779308256435, -33.42948806462214], [-70.57807894659612, -33.429360066809885], [-70.5782293495661, -33.42935815269534], [-70.57826637967847, -33.42932615317293], [-70.5783415811292, -33.42932519602565], [-70.57837861118546, -33.42929319647117], [-70.57841621189502, -33.42929271786963], [-70.57852730185745, -33.42919671911116], [-70.5785649025227, -33.42919624046576], [-70.57860193244139, -33.42916424084793], [-70.57863953309129, -33.4291637621803], [-70.57878765243653, -33.42903576356153], [-70.57897565538332, -33.42903336983606]]]}}, {"type": "Feature", "properties": {"codigo": "Ee1", "capa_cad": "Ee1", "lamina": "edificacion"}, "geometry": {"type": "Polygon", "coordinates": [[[-70.58469072168941, -33.42687960643175], [-70.58469358618295, -33.42703721082929], [-70.5846565594478, -33.42706921218488], [-70.58466171547815, -33.42735290009343], [-70.58462468860164, -33.427384901442224], [-70.58462927169887, -33.42763706846376], [-70.58455521766136, -33.427701071136546], [-70.58455636339383, -33.42776411289184], [-70.58451933630896, -33.427796114213415], [-70.58452048201961, -33.427859155968854], [-70.58448345488219, -33.427891157280804], [-70.58448402772619, -33.427922678158666], [-70.58426186425523, -33.42811468581402], [-70.58426243702398, -33.42814620669414], [-70.58422483691503, -33.42814668705346], [-70.58418780954764, -33.42817868828247], [-70.58415020942331, -33.42817916861958], [-70.58377993411099, -33.42849918022851], [-70.58374233384106, -33.42849966044602], [-70.58370530614597, -33.428531661538806], [-70.58366770586068, -33.4285321417341], [-70.58329742727122, -33.4288521519806], [-70.58329799970737, -33.42888367287167], [-70.5831475979241, -33.4288855931084], [-70.58307125231866, -33.428823511369245], [-70.58303365189599, -33.42882399137602], [-70.58303307955669, -33.4287924704806], [-70.58272769843865, -33.428544142914184], [-70.58269009813017, -33.42854462281329], [-70.58268895371293, -33.42848158100898], [-70.58265078123704, -33.428450539992575], [-70.58264734809349, -33.42826141457112], [-70.58260917573158, -33.428230373537566], [-70.58260803138646, -33.428167331727586], [-70.58256985908064, -33.42813629067984], [-70.58256642615349, -33.42794716524139], [-70.58264162625883, -33.427946205521835], [-70.58267865411801, -33.427914204739686], [-70.58271625415487, -33.427913724852], [-70.58308653110825, -33.42759371634921], [-70.58308595877652, -33.42756219544833], [-70.58319704129485, -33.42746619269557], [-70.58319646892596, -33.42743467179572], [-70.58338160584988, -33.427274667001385], [-70.58338103341842, -33.427243146103386], [-70.58345623288704, -33.42724218590772], [-70.58349326014873, -33.42721018489636], [-70.58353085986724, -33.427209704770625], [-70.58393815779401, -33.42685769283905], [-70.58393758517046, -33.42682617194744], [-70.58397461207906, -33.42679417080064], [-70.58427540829722, -33.426790328350506], [-70.58431358057892, -33.42682136887906], [-70.58446397871735, -33.426819447332754], [-70.58450215107698, -33.42685048780073], [-70.58457735016621, -33.4268495269353], [-70.58461552257837, -33.42688056736667], [-70.58469072168941, -33.42687960643175]]]}}, {"type": "Feature", "properties": {"codigo": "Ee1", "capa_cad": "Ee1", "lamina": "edificacion"}, "geometry": {"type": "Polygon", "coordinates": [[[-70.54994729264749, -33.42514325889482], [-70.55013528979633, -33.42514090912365], [-70.5502116094461, -33.42520301195422], [-70.55024920889865, -33.425202541941914], [-70.55028736877698, -33.425233593326226], [-70.55043776662932, -33.425231713115274], [-70.55047592658562, -33.42526276443911], [-70.5507767223501, -33.42525900337483], [-70.5508148824352, -33.42529005459038], [-70.55089008139299, -33.42528911418649], [-70.55089288463428, -33.42544672117761], [-70.55085584572522, -33.42547871278631], [-70.55085808828312, -33.42560479837773], [-70.55082104929608, -33.42563678997755], [-70.55082553435211, -33.42588896115539], [-70.55075145609324, -33.425952944329985], [-70.55060105701953, -33.42595482495692], [-70.55056289670718, -33.42592377368495], [-70.55041249767034, -33.425925654081816], [-70.55037433743595, -33.425894602749366], [-70.55029913793771, -33.42589554285555], [-70.55026097775591, -33.425864491486514], [-70.55014817854013, -33.4258659015245], [-70.5501100184236, -33.42583485010696], [-70.54995961950782, -33.425836729950326], [-70.54992145946929, -33.42580567847228], [-70.54988385975088, -33.425806148392695], [-70.54988161858427, -33.425680062747176], [-70.54991865794531, -33.425648071417754], [-70.54991753734183, -33.42558502859476], [-70.54995457665031, -33.425553037255675], [-70.54994729264749, -33.42514325889482]]]}}, {"type": "Feature", "properties": {"codigo": "Ee1", "capa_cad": "Ee1", "lamina": "edificacion"}, "geometry": {"type": "Polygon", "coordinates": [[[-70.52628990542921, -33.425026805830036], [-70.52647790441836, -33.42502449192068], [-70.52651605604525, -33.42505555086593], [-70.5294864382261, -33.42501895235764], [-70.52948699113138, -33.42505047407523], [-70.52952514380469, -33.42508153206362], [-70.52953896707704, -33.42586957493039], [-70.52950191989888, -33.42590156038622], [-70.52950744923122, -33.426216777507264], [-70.52954560243883, -33.426247835469006], [-70.52955500274683, -33.42678370452385], [-70.52951795519978, -33.42681568999081], [-70.52952016702223, -33.4269417768217], [-70.52797854297667, -33.42696078123754], [-70.52794149475949, -33.426992766251104], [-70.52647506998193, -33.42701082542742], [-70.52643691748527, -33.42697976650288], [-70.52636171620482, -33.42698069212351], [-70.5263611643887, -33.42694917036974], [-70.52628485955661, -33.42688705243344], [-70.52625506432031, -33.42518487740181], [-70.52629211243502, -33.425152892887446], [-70.52628990542921, -33.425026805830036]]]}}, {"type": "Feature", "properties": {"codigo": "Ee1", "capa_cad": "Ee1", "lamina": "edificacion"}, "geometry": {"type": "Polygon", "coordinates": [[[-70.53136420984413, -33.424869665245716], [-70.53158980768704, -33.42486687930317], [-70.53166611434081, -33.42492899393681], [-70.53170371400371, -33.4249285295493], [-70.53197078823639, -33.42514593028451], [-70.53200838798745, -33.42514546580199], [-70.53223730989379, -33.42533180872369], [-70.53224007943258, -33.425489417099065], [-70.53216598740845, -33.425553389552746], [-70.53216654129335, -33.42558491122808], [-70.53209244913513, -33.42564888364071], [-70.53126524967065, -33.425659100320324], [-70.53126414255009, -33.425596056943625], [-70.53122598904625, -33.425564999516894], [-70.53121657890591, -33.42502913077553], [-70.53129067121974, -33.42496515887686], [-70.53129011766438, -33.424933637185426], [-70.53136420984413, -33.424869665245716]]]}}, {"type": "Feature", "properties": {"codigo": "Ee1", "capa_cad": "Ee1", "lamina": "edificacion"}, "geometry": {"type": "Polygon", "coordinates": [[[-70.55640031634933, -33.424274230187415], [-70.55640425468202, -33.424494879432494], [-70.55644241635478, -33.42452592887137], [-70.55644691747462, -33.42477809942122], [-70.55648507929017, -33.424809148841554], [-70.5564862046078, -33.424872191475856], [-70.5565625283782, -33.424934290275594], [-70.55656365375714, -33.42499733290631], [-70.55660181571199, -33.42502838228569], [-70.55660631737841, -33.42528055279594], [-70.55653111863214, -33.42528149666497], [-70.55641944579575, -33.42534595501458], [-70.55630664758044, -33.425347370633546], [-70.55626961076537, -33.42537936380149], [-70.55611921307487, -33.42538125109065], [-70.55608217617481, -33.425413244204826], [-70.55604457673554, -33.42541371598781], [-70.5558223546782, -33.42560567438878], [-70.55582347955077, -33.42566871703483], [-70.55578644242074, -33.425700710065925], [-70.55579094184436, -33.425952880646626], [-70.55582910396609, -33.42598393025509], [-70.55583697829461, -33.426425228735084], [-70.55579937841468, -33.426425700456285], [-70.5557623409653, -33.426457693485965], [-70.55561194137898, -33.426459580213546], [-70.55557490384464, -33.42649157318946], [-70.55534930435216, -33.4264944028741], [-70.55531226670391, -33.42652639577459], [-70.55516186696693, -33.42652828195985], [-70.55512482923372, -33.42656027480657], [-70.55489922951524, -33.42656310367774], [-70.55486219166814, -33.426595096449056], [-70.5547117917805, -33.426596982092015], [-70.55467475384842, -33.42662897480956], [-70.5543739539155, -33.42663274546202], [-70.55437339198212, -33.42660122412225], [-70.5542970682075, -33.426539123988036], [-70.5542757164859, -33.42534131289628], [-70.55423755518858, -33.425310262782425], [-70.55423418406627, -33.42512113468865], [-70.5541960228828, -33.42509008455774], [-70.55419489921127, -33.425027041857], [-70.55415673808389, -33.42499599171195], [-70.55415280536224, -33.424775342248964], [-70.55411464436317, -33.424744292086125], [-70.5541095881998, -33.42446059990069], [-70.55407142735795, -33.42442954971861], [-70.55406805670843, -33.42424042158302], [-70.55429365050811, -33.424237594396146], [-70.55433068760476, -33.42420560180587], [-70.55478187493622, -33.42419994607197], [-70.55481891183229, -33.42416795334129], [-70.55572128577026, -33.424156636692814], [-70.5557594470554, -33.42418768635487], [-70.5558722438003, -33.42418627127663], [-70.5559104051507, -33.42421732089014], [-70.55606080084911, -33.42421543391189], [-70.55609896227747, -33.4242464834649], [-70.5562117590802, -33.42424506807575], [-70.55624992057382, -33.42427611758023], [-70.55640031634933, -33.424274230187415]]]}}, {"type": "Feature", "properties": {"codigo": "Ee1", "capa_cad": "Ee1", "lamina": "edificacion"}, "geometry": {"type": "Polygon", "coordinates": [[[-70.5593199016247, -33.42140000122882], [-70.55932328329811, -33.421589128978454], [-70.55936144465893, -33.42162017753962], [-70.5593642628165, -33.42177778398936], [-70.55925146937368, -33.421779202153175], [-70.55921443513748, -33.42181119614336], [-70.5590640438103, -33.421813086825686], [-70.55902700948914, -33.42184508076211], [-70.5588014223853, -33.42184791637895], [-70.55876438795026, -33.42187991024], [-70.55861399647235, -33.42188180038013], [-70.55857696195234, -33.42191379418742], [-70.55838897251294, -33.42191615655217], [-70.55838559282334, -33.421727028728306], [-70.55834743174935, -33.42169597985858], [-70.55834461543773, -33.4215383733304], [-70.55841981089205, -33.42153742845494], [-70.55845684531745, -33.42150543469568], [-70.55860723615775, -33.42150354476478], [-70.5586442704982, -33.421471550951765], [-70.55890745433376, -33.421468243058406], [-70.55894448854589, -33.42143624915917], [-70.55909487923196, -33.42143435864052], [-70.55913191335912, -33.42140236468753], [-70.5593199016247, -33.42140000122882]]]}}, {"type": "Feature", "properties": {"codigo": "Ee1", "capa_cad": "Ee1", "lamina": "edificacion"}, "geometry": {"type": "Polygon", "coordinates": [[[-70.58951997688071, -33.419471731977026], [-70.58949099771208, -33.41994502646632], [-70.58934290950486, -33.42007303713462], [-70.58930703622096, -33.42016808146298], [-70.58934980272521, -33.42045128724351], [-70.58961700136375, -33.420668560154006], [-70.5897679631027, -33.42069815332294], [-70.58973611218249, -33.4210138435914], [-70.58959204441048, -33.4213625004097], [-70.58955846908435, -33.42158362812987], [-70.58921951998428, -33.42155644381662], [-70.58865326537534, -33.42143758591193], [-70.58846298311973, -33.42131391042409], [-70.58819922944805, -33.421285760153424], [-70.58793145831721, -33.4210369632998], [-70.58766713176703, -33.42097729100301], [-70.5874051005519, -33.4210437016054], [-70.58681387235117, -33.42161877555683], [-70.58674154547573, -33.42177734202076], [-70.58674556018492, -33.42199798813851], [-70.58682304925658, -33.4221231095233], [-70.58682591708639, -33.42228071387895], [-70.58675244264528, -33.42237623860681], [-70.58671771273096, -33.42253432400544], [-70.58660664027906, -33.42263032968681], [-70.58611729694098, -33.42260506092114], [-70.58596575966209, -33.422543942494336], [-70.58566440518054, -33.42251626772712], [-70.5855128683529, -33.42245514873202], [-70.58536247781633, -33.42245707132956], [-70.58513574606307, -33.42239691309263], [-70.58490786885545, -33.422273712631544], [-70.58475747858763, -33.42227563448644], [-70.5846059427747, -33.42221451434952], [-70.58434218726774, -33.42218635592115], [-70.58437520337613, -33.42193370832761], [-70.58444696203377, -33.42174362220763], [-70.58452101127591, -33.421679619687], [-70.58455574492373, -33.42152153477538], [-70.58485537719609, -33.421454649638996], [-70.58507752295692, -33.42126264125991], [-70.58514813370486, -33.42100951296974], [-70.58525805988464, -33.42085046678082], [-70.58525404911259, -33.420629820463084], [-70.58532809683034, -33.42056581749469], [-70.58543401098986, -33.4201861248471], [-70.58554508177603, -33.420090120233546], [-70.58588287807218, -33.42005427300756], [-70.58603154473232, -33.419957787217356], [-70.58625712399537, -33.41995490222555], [-70.5865972131365, -33.4200451366266], [-70.58708711574974, -33.42010192480574], [-70.58712930139743, -33.4203536106929], [-70.58739649439364, -33.42057088856424], [-70.5875474553219, -33.4206004844645], [-70.58777590546133, -33.42075520098915], [-70.5879262928877, -33.42075327555183], [-70.58796446368868, -33.42078431502502], [-70.58822649365682, -33.42071790327339], [-70.58844862993081, -33.42052588910673], [-70.58848393016493, -33.42039932414518], [-70.58863202021048, -33.42027131445571], [-70.5886678942762, -33.42017627030118], [-70.58862168516723, -33.41970393906895], [-70.58872873235998, -33.41938728572427], [-70.58899190609817, -33.419383914189176], [-70.58936959178001, -33.419473659281444], [-70.58951997688071, -33.419471731977026]]]}}, {"type": "Feature", "properties": {"codigo": "Ee1", "capa_cad": "Ee1", "lamina": "edificacion"}, "geometry": {"type": "Polygon", "coordinates": [[[-70.53654539428194, -33.42010783082197], [-70.536552613939, -33.42051761210667], [-70.5364785292611, -33.42058158697611], [-70.5364033338503, -33.42058251852795], [-70.53636629144174, -33.42061450592532], [-70.535802325534, -33.42062149094941], [-70.53576417271897, -33.42059043487916], [-70.53575751181539, -33.42021217509715], [-70.53579455428974, -33.42018018787815], [-70.53579233396533, -33.4200541012803], [-70.53590346107293, -33.419958139565225], [-70.5361666431736, -33.4199548800485], [-70.53620479583965, -33.41998593600182], [-70.5362799907432, -33.41998500458494], [-70.5363944489805, -33.42007817229726], [-70.5364320464691, -33.420077706535906], [-70.5364701992819, -33.420108762402734], [-70.53654539428194, -33.42010783082197]]]}}, {"type": "Feature", "properties": {"codigo": "Ee1", "capa_cad": "Ee1", "lamina": "edificacion"}, "geometry": {"type": "Polygon", "coordinates": [[[-70.54654126776217, -33.419699831204454], [-70.5468044477644, -33.419696549141655], [-70.54684260396904, -33.41972760171742], [-70.54691779827296, -33.419726663858796], [-70.54695595453015, -33.41975771639798], [-70.54710634317837, -33.419755840496286], [-70.54714449951355, -33.41978689297501], [-70.54721969385784, -33.41978595493194], [-70.54722528593008, -33.42010116973779], [-70.54718824782105, -33.420133160250806], [-70.5471904846235, -33.42025924616999], [-70.54715344643648, -33.420291236674146], [-70.5468526672868, -33.420294988462324], [-70.54681451082216, -33.42026393589964], [-70.54666412127725, -33.4202658114726], [-70.54662596489057, -33.42023475884946], [-70.54655077013828, -33.42023569654371], [-70.54651261380417, -33.420204643884], [-70.54647501643943, -33.4202051127021], [-70.54646719132725, -33.41976381182003], [-70.54654126776217, -33.419699831204454]]]}}, {"type": "Feature", "properties": {"codigo": "Ee1", "capa_cad": "Ee1", "lamina": "edificacion"}, "geometry": {"type": "Polygon", "coordinates": [[[-70.57520144794547, -33.417888832668325], [-70.57535183134486, -33.41788692261898], [-70.57538999653352, -33.417917966145396], [-70.57542759239384, -33.417917488592636], [-70.57546575762233, -33.41794853209438], [-70.57554094936567, -33.41794757693078], [-70.57557911464669, -33.417978620395935], [-70.57565430641186, -33.41797766516287], [-70.5756924717454, -33.41800870859142], [-70.57584285531586, -33.41800679794082], [-70.57595735163156, -33.41809992800683], [-70.57599494756002, -33.41809945027985], [-70.57603311306556, -33.41813049359783], [-70.5761083049452, -33.418129538085786], [-70.57614647050326, -33.418160581367175], [-70.57625925835411, -33.41815914797783], [-70.5762974239774, -33.418190191210655], [-70.5763726158989, -33.4181892355369], [-70.57648711300772, -33.41828236508747], [-70.5765247090052, -33.41828188719765], [-70.57656287477512, -33.41831293034382], [-70.57656515387727, -33.418439014531714], [-70.57652812757699, -33.41847101348288], [-70.57652983687487, -33.418565576623216], [-70.57641875769694, -33.418661573417815], [-70.57641932742662, -33.41869309446545], [-70.57630824796631, -33.41878909116748], [-70.57630938735218, -33.41885213326465], [-70.57627236078574, -33.4188841321453], [-70.57627862733189, -33.419230863672034], [-70.57609349339465, -33.41939085794088], [-70.57605589691143, -33.419391335713954], [-70.57601887002807, -33.419423334525646], [-70.57598127352951, -33.419423812276506], [-70.57587019267316, -33.419519808616606], [-70.5757949995866, -33.419520764019246], [-70.57575797255127, -33.419552762756794], [-70.5757203759922, -33.41955324043021], [-70.57560929467992, -33.41964923654788], [-70.57530852182839, -33.419653057265585], [-70.5752703558825, -33.419622013743854], [-70.57519516268611, -33.41962296878548], [-70.57515699679276, -33.41959192522715], [-70.57500661044013, -33.41959383512593], [-70.57489211307518, -33.41950070423129], [-70.57485451652286, -33.419501181641635], [-70.57481635080153, -33.419470137972745], [-70.57474115771963, -33.41947109273538], [-70.57470299205082, -33.41944004902988], [-70.57462779899076, -33.419441003723044], [-70.57458963337447, -33.41940995998095], [-70.57455203685579, -33.4194104372985], [-70.57454976057927, -33.41928435300813], [-70.57458678796316, -33.41925235462041], [-70.57458564980483, -33.41918931247501], [-70.57462267713618, -33.41915731407769], [-70.57462153895602, -33.4190942719324], [-70.57465856623486, -33.41906227352545], [-70.5746568589332, -33.418967710307456], [-70.5747679404926, -33.418871715027635], [-70.5747668022198, -33.418808672883856], [-70.57480382932658, -33.41877667443721], [-70.57480212188597, -33.41868211122147], [-70.57487617594198, -33.418618114299306], [-70.5748750376019, -33.418555072156245], [-70.57491206456382, -33.418523073680326], [-70.5749109262019, -33.41846003153737], [-70.57494795311129, -33.41842803305183], [-70.57494738391897, -33.418396511980504], [-70.57502143763094, -33.41833251497896], [-70.57502029919821, -33.418269472837395], [-70.5750573259881, -33.418237474321785], [-70.57505618753353, -33.418174432180344], [-70.57509321427091, -33.418142433655106], [-70.57509207579452, -33.41807939151379], [-70.57512910247935, -33.41804739297894], [-70.57512739473336, -33.41795282976689], [-70.57520144794547, -33.417888832668325]]]}}, {"type": "Feature", "properties": {"codigo": "Ee1", "capa_cad": "Ee1", "lamina": "edificacion"}, "geometry": {"type": "Polygon", "coordinates": [[[-70.59557953742082, -33.4156420688631], [-70.59572991546231, -33.41564013422555], [-70.59576808662504, -33.415671171304986], [-70.59588087018477, -33.41566972017138], [-70.59591904141266, -33.41570075720223], [-70.59603182500233, -33.41569930593026], [-70.59606999629538, -33.41573034291253], [-70.59618277991498, -33.4157288915022], [-70.5962209512732, -33.41575992843588], [-70.59633373492274, -33.415758476887184], [-70.59637190634612, -33.41578951377227], [-70.59637421385642, -33.41591559680024], [-70.59633719610677, -33.415947601432606], [-70.59633892671091, -33.41604216370302], [-70.5963019088961, -33.41607416832619], [-70.59630363947029, -33.416168730596304], [-70.5962666215903, -33.4162007352103], [-70.59626835213456, -33.41629529748011], [-70.59623133418943, -33.41632730208492], [-70.59623248786474, -33.4163903435981], [-70.59619546986708, -33.41642234819332], [-70.59619662352065, -33.41648538970664], [-70.59600864918824, -33.41648780873601], [-70.59597047757326, -33.41645677174769], [-70.59585769300107, -33.41645822299279], [-70.59581952145126, -33.4164271859559], [-70.59574433175733, -33.416428153371776], [-70.59570616026, -33.416397116298235], [-70.59559337575037, -33.41639856730076], [-70.59555520431823, -33.41636753017864], [-70.59544241983853, -33.4163689810428], [-70.59540424847155, -33.41633794387207], [-70.595401942326, -33.416211860793034], [-70.5954389605388, -33.41617985642769], [-70.59543723090104, -33.416085294117856], [-70.59547424904865, -33.41605328974332], [-70.59547251938095, -33.41595872743319], [-70.5955095374634, -33.41592672304947], [-70.59550780776574, -33.41583216073903], [-70.59554482578304, -33.41580015634612], [-70.5955436726304, -33.41573711480578], [-70.5955806905952, -33.41570511040328], [-70.59557953742082, -33.4156420688631]]]}}, {"type": "Feature", "properties": {"codigo": "Ee1", "capa_cad": "Ee1", "lamina": "edificacion"}, "geometry": {"type": "Polygon", "coordinates": [[[-70.52631019153783, -33.415441868506946], [-70.52691172212441, -33.415434464762036], [-70.52694986956655, -33.4154655237349], [-70.52710025222969, -33.415463672295424], [-70.52713839974982, -33.41549473120788], [-70.52736452573382, -33.41552347543272], [-70.52740267337181, -33.41555453426017], [-70.52755305615656, -33.41555268226749], [-70.52759120387257, -33.41558374103451], [-70.52770399099025, -33.41558235188461], [-70.52774213877153, -33.415613410603164], [-70.52789252163393, -33.415611558196126], [-70.52804400885653, -33.41567274918016], [-70.52834532702656, -33.41570056522824], [-70.52845977127339, -33.41579374072843], [-70.52857311099852, -33.415823872559216], [-70.52868755564737, -33.415917047835876], [-70.52883849144688, -33.415946716041475], [-70.52914312629825, -33.41616366073337], [-70.52929406266057, -33.416193328366774], [-70.52929516796301, -33.41625637189725], [-70.52937257061929, -33.41638153181406], [-70.52938196634899, -33.416917401765666], [-70.5293449227823, -33.41694938711268], [-70.52935044967113, -33.417264604712344], [-70.52938859877848, -33.41729566287864], [-70.52939854765496, -33.41786305450261], [-70.52936150370685, -33.41789503986112], [-70.52937255808668, -33.418525474942484], [-70.52726712789764, -33.418551419164544], [-70.52722897895208, -33.41852036034577], [-70.52715378499232, -33.4185212862407], [-70.5271150841884, -33.418458705599484], [-70.5271112208358, -33.41823805309359], [-70.5270338196127, -33.41811289175594], [-70.52703050838463, -33.41792376101938], [-70.52699235980404, -33.41789270211456], [-70.52698849684475, -33.41767204957587], [-70.5269110963299, -33.41754688813133], [-70.52690778543894, -33.417357757366645], [-70.52683038533507, -33.41723259585439], [-70.52682707465853, -33.417043465072986], [-70.52674967496566, -33.416918303493006], [-70.52674470928406, -33.416634607293574], [-70.52670656138423, -33.41660354827568], [-70.52670545793774, -33.41654050467251], [-70.52659046280907, -33.41641580573462], [-70.5265866010825, -33.416195153101945], [-70.52647050334026, -33.41600741041387], [-70.52643014937728, -33.415850264062136], [-70.5263146040181, -33.41569404300678], [-70.52631019153783, -33.415441868506946]]]}}, {"type": "Feature", "properties": {"codigo": "Ee1", "capa_cad": "Ee1", "lamina": "edificacion"}, "geometry": {"type": "Polygon", "coordinates": [[[-70.5363094985859, -33.41525535928668], [-70.53631449510797, -33.41553905427891], [-70.53620337390178, -33.41563501625458], [-70.5362039290371, -33.4156665379207], [-70.53609280754847, -33.41576249980352], [-70.53609391774545, -33.41582554313756], [-70.53605687716953, -33.4158575304117], [-70.53605854243334, -33.415952095412656], [-70.53602150179213, -33.415984082677504], [-70.5350064167325, -33.415996649524644], [-70.53496826628141, -33.41596559312129], [-70.53429154278724, -33.415973966192524], [-70.53429098833638, -33.41594244449967], [-70.53425283815565, -33.415911387867986], [-70.53425006598646, -33.41575377939763], [-70.5343241483954, -33.41568980588201], [-70.53432359393872, -33.4156582841882], [-70.53447397641523, -33.415656423801146], [-70.53451101750854, -33.415624436984714], [-70.53473659111077, -33.415621645997504], [-70.5347736320903, -33.415589659105606], [-70.53503680115257, -33.41558640235991], [-70.5350738420039, -33.41555441538174], [-70.53522422424844, -33.41555255409035], [-70.53526126501488, -33.41552056705838], [-70.5353740516459, -33.41551917093776], [-70.53541109234189, -33.415487183862865], [-70.53548628339605, -33.415486253037194], [-70.53552332403602, -33.41545426593017], [-70.53556091954736, -33.41545380048942], [-70.53578316273047, -33.415261877562884], [-70.53578260775568, -33.41523035588848], [-70.53581964817847, -33.41519836869788], [-70.53627079287169, -33.41519278161729], [-70.53627134802204, -33.41522430328467], [-70.5363094985859, -33.41525535928668]]]}}, {"type": "Feature", "properties": {"codigo": "Ee1", "capa_cad": "Ee1", "lamina": "edificacion"}, "geometry": {"type": "Polygon", "coordinates": [[[-70.56360071359906, -33.41475667504336], [-70.56360353868092, -33.41491428134877], [-70.56364169849212, -33.4149453286654], [-70.56364282855992, -33.41500837118491], [-70.56368098842717, -33.41503941848738], [-70.5636843787384, -33.41522854603746], [-70.5637225387195, -33.41525959332286], [-70.56372366885917, -33.41532263583674], [-70.56376182889632, -33.41535368310798], [-70.56376578451408, -33.41557433189612], [-70.56380394467952, -33.41560537914954], [-70.56380507489284, -33.41566842165745], [-70.56384323511433, -33.415699468896726], [-70.56384662586211, -33.415888596411996], [-70.56388478619745, -33.41591964363418], [-70.56388591648265, -33.41598268613647], [-70.56392407687404, -33.41601373334452], [-70.56393029366451, -33.4163604670869], [-70.56385510287011, -33.41636141517361], [-70.5638180725989, -33.416393410449864], [-70.56374288177207, -33.41639435846938], [-70.56370585144481, -33.41642635371356], [-70.56348027885646, -33.41642919743387], [-70.56344324841535, -33.41646119260269], [-70.56314248479934, -33.416464983505506], [-70.56313966038422, -33.41630737720482], [-70.56310150012932, -33.41627632975239], [-70.56310037039833, -33.416213287229475], [-70.56306221019948, -33.41618223976292], [-70.5630571265836, -33.41589854839479], [-70.56301896654195, -33.41586750090895], [-70.56301557759097, -33.41567837331822], [-70.56297741766316, -33.41564732581529], [-70.56297628804877, -33.415584283282236], [-70.56293812817702, -33.415553235765145], [-70.56293473944166, -33.415364108157526], [-70.56289657968375, -33.41533306062337], [-70.56289545014123, -33.415270018084684], [-70.56285729043937, -33.41523897053637], [-70.56285333716939, -33.41501832164052], [-70.56281517759584, -33.414987274074406], [-70.56281291866155, -33.41486118898439], [-70.56292570296873, -33.41485976784079], [-70.56296273295037, -33.41482777283281], [-70.56318830145428, -33.414824930173225], [-70.56322533132204, -33.41479293508989], [-70.56337571024926, -33.414791039712476], [-70.56341274003209, -33.414759044575426], [-70.56360071359906, -33.41475667504336]]]}}, {"type": "Feature", "properties": {"codigo": "Ee1", "capa_cad": "Ee1", "lamina": "edificacion"}, "geometry": {"type": "Polygon", "coordinates": [[[-70.54072292449108, -33.41390794506156], [-70.54087553064763, -33.41403216342515], [-70.54098887188711, -33.414062283858655], [-70.54110332694718, -33.4141554473887], [-70.54114092180025, -33.41415498027293], [-70.5412553771427, -33.41424814365314], [-70.54129297203302, -33.414247676490156], [-70.54129408592348, -33.41431071968541], [-70.54167560591182, -33.4146212633288], [-70.54167894847035, -33.414810392867025], [-70.54164191042696, -33.41484238174355], [-70.54164302459466, -33.41490542492239], [-70.54160598649872, -33.41493741378924], [-70.54160765771867, -33.415031978557394], [-70.54157061955748, -33.415063967414966], [-70.54157173368303, -33.415127010593665], [-70.54153469546927, -33.41515899944158], [-70.54153636662599, -33.41525356420952], [-70.54149932834697, -33.41528555304815], [-70.54150044243038, -33.41534859622671], [-70.5414634040988, -33.415380585055665], [-70.54146507519229, -33.4154751498234], [-70.54139099837148, -33.415539127452305], [-70.54139211238731, -33.4156021706315], [-70.5413550739108, -33.415634159431065], [-70.54135618790467, -33.41569720261037], [-70.54131914937558, -33.41572919140026], [-70.54132026334753, -33.415792234579655], [-70.54128322476588, -33.41582422335987], [-70.54128489569219, -33.41591878812887], [-70.54117377967002, -33.41601475441036], [-70.54117489354897, -33.416077797591186], [-70.54113785479522, -33.41610978633157], [-70.54114175330997, -33.41633043746181], [-70.54103063661896, -33.416426403628414], [-70.54069227408401, -33.41643060721061], [-70.54065412148303, -33.41639955262211], [-70.54016537564043, -33.41640562267937], [-70.54012722323178, -33.41637456792295], [-70.54001443574695, -33.41637596839626], [-70.53997628340358, -33.41634491359134], [-70.53982590012917, -33.4163467806819], [-70.53978774786377, -33.41631572581654], [-70.539674960437, -33.416317125979056], [-70.53963680823685, -33.416286071065194], [-70.53948642503984, -33.41628793774135], [-70.53948531237205, -33.41622489451255], [-70.53944716027875, -33.4161938395368], [-70.53944382238281, -33.416004709842035], [-70.53948086173553, -33.41597272159063], [-70.53947974908506, -33.41590967835846], [-70.53951678838521, -33.41587769009739], [-70.53951567571279, -33.41581464686531], [-70.5395527149604, -33.41578265859457], [-70.53955048957512, -33.41565657212995], [-70.53958752874475, -33.4156245838503], [-70.5395864160319, -33.41556154061776], [-70.53962345514896, -33.41552955232843], [-70.53962178604804, -33.415434987479514], [-70.53965882509985, -33.41540299918092], [-70.53965771234482, -33.415339955948234], [-70.53969475134406, -33.41530796763996], [-70.5396930821799, -33.41521340279082], [-70.5398041989004, -33.415117437806806], [-70.53980308605239, -33.41505439457553], [-70.53984012487952, -33.4150224062274], [-70.53983845557588, -33.41492784138039], [-70.53994957178004, -33.41483187627685], [-70.53994845883905, -33.414768833046985], [-70.53998549749406, -33.41473684465901], [-70.53998382805092, -33.4146422798141], [-70.54009494373878, -33.41454631459103], [-70.54009383070478, -33.41448327136257], [-70.5401308691877, -33.414451282934756], [-70.54012919960509, -33.41435671809197], [-70.54031439142192, -33.414196775802075], [-70.54031327824413, -33.41413373257657], [-70.54035031650065, -33.41410174408803], [-70.54034864670233, -33.41400717924968], [-70.5404597611947, -33.41391121372489], [-70.54072292449108, -33.41390794506156]]]}}, {"type": "Feature", "properties": {"codigo": "Ee1", "capa_cad": "Ee1", "lamina": "edificacion"}, "geometry": {"type": "Polygon", "coordinates": [[[-70.51025342839506, -33.413273767166814], [-70.5102904776853, -33.41324178735152], [-70.51051604767062, -33.41323904057559], [-70.51055309684718, -33.413207060684755], [-70.5107034767627, -33.4132052292297], [-70.51074052585444, -33.41317324928503], [-70.51077812081678, -33.41317279138196], [-70.51100041471064, -33.412980911429166], [-70.51099932276335, -33.41291786732941], [-70.51103637162521, -33.4128858873014], [-70.51122434578365, -33.41288359724123], [-70.51126248668017, -33.41291466124136], [-70.51141286604249, -33.41291282894054], [-70.5115654301035, -33.41303708462367], [-70.51160302499285, -33.41303662647228], [-70.51164116608868, -33.41306769034951], [-70.51179154568842, -33.41306585758232], [-70.5118296868623, -33.41309692139918], [-70.51198006649932, -33.41309508840208], [-70.5120182077512, -33.41312615215857], [-70.51209339759005, -33.41312523556784], [-70.51213153889452, -33.41315629928782], [-70.51224432368458, -33.41315492428052], [-70.51228246505437, -33.41318598795206], [-70.51243284481342, -33.413184154401854], [-70.51243612380577, -33.413373286565694], [-70.51239907527399, -33.41340526700086], [-70.51240399370546, -33.413688965238634], [-70.5124421353713, -33.413720028850314], [-70.51244322839428, -33.41378307289988], [-70.51248137011612, -33.41381413649748], [-70.51248246317134, -33.41387718054494], [-70.51252060494916, -33.413908244128464], [-70.51252388422178, -33.41409737626252], [-70.51256202611329, -33.41412843982912], [-70.51256421236974, -33.41425452791227], [-70.51252716352502, -33.41428650839053], [-70.51248956811321, -33.41428696683703], [-70.51226727438831, -33.41447884942175], [-70.51226836731638, -33.414541893468694], [-70.51223131824177, -33.41457387386361], [-70.51223241114782, -33.41463691791063], [-70.51219536202062, -33.41466889829583], [-70.51208257527105, -33.41467027331336], [-70.51204552607345, -33.41470225365558], [-70.51106804021484, -33.414714165899206], [-70.51106749418045, -33.41468264385921], [-70.51102935255263, -33.41465157982745], [-70.51102553043667, -33.414430925537786], [-70.51098738893695, -33.41439986148839], [-70.51098629694032, -33.41433681740269], [-70.51075744868514, -33.41415043283216], [-70.51071985330121, -33.41415089074073], [-70.51068171203309, -33.41411982658945], [-70.51060652128814, -33.41412074234858], [-70.5105683800726, -33.4140896781608], [-70.5104179986234, -33.41409150949469], [-70.51037985748587, -33.41406044524652], [-70.51030466678164, -33.41406136082128], [-70.51026652569671, -33.414030296536616], [-70.5101913350145, -33.41403121204197], [-70.51018205817007, -33.413495337063196], [-70.51021910757822, -33.41346335726692], [-70.51021692477609, -33.413337269031054], [-70.51025397410619, -33.41330528922584], [-70.51025342839506, -33.413273767166814]]]}}, {"type": "Feature", "properties": {"codigo": "Ee1", "capa_cad": "Ee1", "lamina": "edificacion"}, "geometry": {"type": "Polygon", "coordinates": [[[-70.52203202310966, -33.40947247068115], [-70.52229517529028, -33.40946924148363], [-70.52240960485386, -33.4095624230729], [-70.52244719805724, -33.409561961677625], [-70.52248534131208, -33.409593022170135], [-70.52256052774169, -33.409592099321564], [-70.5225986710491, -33.40962315977756], [-70.52267385750069, -33.40962223685958], [-70.5230171487174, -33.40990178017942], [-70.52305474205633, -33.40990131859594], [-70.52309288567326, -33.409932378889614], [-70.52316807237398, -33.40993145566464], [-70.52316917298855, -33.40999449943902], [-70.52320731668688, -33.41002555969472], [-70.52320786700987, -33.41005708158094], [-70.523513017689, -33.41030556316545], [-70.52355061119319, -33.41030510142683], [-70.52358875516292, -33.410336161556025], [-70.52366394219416, -33.41033523802074], [-70.52370208621645, -33.41036629811342], [-70.52377727326969, -33.41036537450873], [-70.52377837434246, -33.4104284182608], [-70.52385521314353, -33.41052206023192], [-70.52385906713317, -33.41074271334761], [-70.52389721140658, -33.41077377337127], [-70.52389831258304, -33.41083681711566], [-70.52397515188733, -33.41093045899266], [-70.52397625312665, -33.41099350273317], [-70.5240525420077, -33.411055622684735], [-70.5240530926575, -33.411087144553306], [-70.52409123715316, -33.411118204509386], [-70.52409564249781, -33.41137037944609], [-70.5240585992026, -33.41140236322968], [-70.52405914986183, -33.41143388509639], [-70.52394801977525, -33.41152983638558], [-70.52368486158329, -33.411533069263896], [-70.52364671703992, -33.41150200918585], [-70.5235715290028, -33.411502932739026], [-70.5234570956118, -33.411409752357386], [-70.5234195016301, -33.411410214081094], [-70.52338135723343, -33.41137915391663], [-70.52326857532128, -33.41138053898362], [-70.5232304309899, -33.41134947877071], [-70.5230800551459, -33.41135132531956], [-70.52296562246713, -33.41125814446167], [-70.52292802854214, -33.41125860603461], [-70.52288988438288, -33.41122754571141], [-70.52281469655573, -33.411228468799266], [-70.52277655244903, -33.411197408439534], [-70.52262617683532, -33.41119925443088], [-70.52258803280661, -33.41116819401078], [-70.52255098902332, -33.41120017735824], [-70.52240061338904, -33.411202023076335], [-70.52228893168606, -33.41126645103261], [-70.52202577408515, -33.411269680369514], [-70.52198873004731, -33.41130166355558], [-70.52180076023454, -33.41130396982904], [-70.52172447267714, -33.41124184845534], [-70.52172337305424, -33.41117880465127], [-70.5216852293451, -33.411147743944014], [-70.52167753228267, -33.410706437286635], [-70.52163938880261, -33.41067537655667], [-70.52163663996451, -33.41051776702461], [-70.52171072763701, -33.41045380085609], [-70.52170962805691, -33.41039075704361], [-70.52174667182702, -33.410358773944424], [-70.52174282323462, -33.41013812059808], [-70.52181691051543, -33.410074154373675], [-70.52181581087444, -33.410011110560454], [-70.52185285444871, -33.40997912743332], [-70.52185175478571, -33.409916083620175], [-70.52188879830742, -33.409884100483346], [-70.52188769862244, -33.409821056670296], [-70.52192474209156, -33.40978907352379], [-70.52192309253236, -33.40969450780407], [-70.52196013593621, -33.409662524648255], [-70.52195903620893, -33.40959948083502], [-70.52199607956022, -33.40956749766951], [-70.52199497981093, -33.409504453856364], [-70.52203202310966, -33.40947247068115]]]}}, {"type": "Feature", "properties": {"codigo": "Ee1", "capa_cad": "Ee1", "lamina": "edificacion"}, "geometry": {"type": "Polygon", "coordinates": [[[-70.54988832680594, -33.40912754102394], [-70.5503018445985, -33.40912237352448], [-70.55033999722393, -33.409153425172526], [-70.55082870009868, -33.40914731619651], [-70.5508668529163, -33.409178367676624], [-70.55101722305272, -33.409176487556856], [-70.55105537594827, -33.40920753897654], [-70.55106041926, -33.4094912322716], [-70.55109857231264, -33.40952228367204], [-70.55110193464637, -33.40971141252346], [-70.55114008781278, -33.40974246390686], [-70.55118048269512, -33.40989960116934], [-70.55144755621417, -33.410116960389246], [-70.55148514914355, -33.41011649018883], [-70.55152330262464, -33.41014754144333], [-70.55167367438422, -33.41014566048003], [-70.55171182794325, -33.410176711674076], [-70.55205016446548, -33.41017247873316], [-70.5520507252098, -33.41020400019128], [-70.55208887892466, -33.410235051264415], [-70.55209280426035, -33.410455701461444], [-70.55213095810345, -33.410486752516825], [-70.55214161307602, -33.41108566013898], [-70.55217976722065, -33.41111671116784], [-70.55219098361052, -33.41174714016341], [-70.55207876353803, -33.41178007288231], [-70.55193063193438, -33.41190804022343], [-70.5513667264443, -33.4119150943913], [-70.55136560537794, -33.41185205147183], [-70.55132745118047, -33.411821000196944], [-70.551324088089, -33.411631871430146], [-70.55128593400532, -33.41160082013823], [-70.5512848130107, -33.41153777721314], [-70.55105588925178, -33.411351469186684], [-70.55101829578274, -33.41135193927231], [-70.55098014193061, -33.41132088787826], [-70.55082976809648, -33.411322768059115], [-70.55079161432226, -33.411291716604616], [-70.55049086671372, -33.41129547632427], [-70.55045271306821, -33.41126442476155], [-70.55022715240133, -33.41126724400145], [-70.55019011904932, -33.41129923531528], [-70.55003974519619, -33.41130111453754], [-70.55000271175926, -33.41133310579763], [-70.54992752479859, -33.411334045318796], [-70.549815864275, -33.41139849748622], [-70.54959030319353, -33.411401315578246], [-70.54951399645252, -33.411339211871166], [-70.54951063735281, -33.411150082927115], [-70.54954767090129, -33.411118091810096], [-70.5495471110417, -33.41108657031922], [-70.5496582114862, -33.41099059690675], [-70.54965709169343, -33.41092755392683], [-70.54969412509527, -33.41089556276925], [-70.54969244537456, -33.41080099829929], [-70.54972947871116, -33.410769007132444], [-70.5497249993927, -33.410516835208206], [-70.54976203260057, -33.41048484403404], [-70.54975699331969, -33.41020115060991], [-70.54979402638615, -33.41016915942883], [-70.54978954698305, -33.4099169874879], [-70.5498265799208, -33.40988499629951], [-70.54982434018937, -33.40975891032654], [-70.5498613730492, -33.40972691912928], [-70.5498563335902, -33.40944322568379], [-70.54989336630861, -33.40941123447959], [-70.54988832680594, -33.40912754102394]]]}}, {"type": "Feature", "properties": {"codigo": "Ee1", "capa_cad": "Ee1", "lamina": "edificacion"}, "geometry": {"type": "Polygon", "coordinates": [[[-70.56493205386595, -33.40931700150825], [-70.56504313463957, -33.40922101484261], [-70.56504256922342, -33.40918949357459], [-70.56511775379536, -33.40918854494709], [-70.56522939968136, -33.40912407938959], [-70.56530458419022, -33.409123130650514], [-70.56545325651179, -33.409026669248334], [-70.56560362534204, -33.4090247714582], [-70.5658274814763, -33.408927360659476], [-70.56605246864481, -33.40889299197882], [-70.56623816597788, -33.40876453380576], [-70.566538902608, -33.408760736167004], [-70.56657706064377, -33.40879178265798], [-70.56665224481785, -33.40879083311056], [-70.56676671916408, -33.408883972435696], [-70.56691765374052, -33.408913594302135], [-70.56714603738348, -33.4090683510819], [-70.5675225256165, -33.40909512236221], [-70.56756068414103, -33.40912616853443], [-70.56771105299097, -33.409124268185245], [-70.5677492115934, -33.409155314296996], [-70.56797533139238, -33.409183984583954], [-70.5680134901125, -33.40921503061058], [-70.56816385908292, -33.40921312970819], [-70.56820201788092, -33.40924417567433], [-70.56839054576385, -33.40927332044765], [-70.56858077385166, -33.40939702857217], [-70.56873114309477, -33.409395126973166], [-70.56876930216974, -33.40942617275566], [-70.56888207913086, -33.409424746401015], [-70.56892023827102, -33.40945579213496], [-70.5690706075909, -33.4094538901216], [-70.56910876680894, -33.40948493579508], [-70.56918395148897, -33.409483984696195], [-70.56937418112338, -33.40960769155332], [-70.56960030251246, -33.409636358825416], [-70.56963846199478, -33.409667404327166], [-70.56978883162748, -33.40966550143277], [-70.56982699118768, -33.40969654687404], [-70.57001552049506, -33.40972568913047], [-70.57012999957213, -33.40981882519672], [-70.57024334427494, -33.40984891877678], [-70.57024561351541, -33.40997500352014], [-70.57020858828223, -33.41000700058906], [-70.5702102901838, -33.410101564146], [-70.57017326488543, -33.4101335612057], [-70.57013794139333, -33.41026012181278], [-70.56987479277794, -33.41026345255097], [-70.56983663294491, -33.41023240713487], [-70.56976144764366, -33.41023335864799], [-70.56968512810978, -33.41017126772996], [-70.56953362348115, -33.410110128133155], [-70.56938325306392, -33.41011203074051], [-70.56934509346807, -33.41008098516538], [-70.56926990827954, -33.41008193637685], [-70.56923288263256, -33.410113933165704], [-70.5690825121871, -33.41011583540875], [-70.56889681642527, -33.41024429777588], [-70.56882163107987, -33.41024524871978], [-70.56867296062967, -33.410341714094], [-70.56856018247223, -33.41034314029295], [-70.56841151155749, -33.410439605365546], [-70.56833632602631, -33.41044055602024], [-70.56829929987853, -33.410472552543], [-70.56807374317714, -33.41047540416894], [-70.56803558386635, -33.41044435818365], [-70.56788521276519, -33.410446258992124], [-70.56773370882138, -33.410385117176006], [-70.56758333780054, -33.410387017615655], [-70.56754517869801, -33.410355971472804], [-70.56746999320768, -33.41035692160042], [-70.56735551613905, -33.41026378302404], [-70.56720457908058, -33.41023416176921], [-70.56716642017717, -33.41020311550318], [-70.56709123480489, -33.41020406539746], [-70.56705307595401, -33.410173019094856], [-70.56697789060355, -33.41017396891969], [-70.56682582165134, -33.410081304723576], [-70.5666754510886, -33.41008320404771], [-70.56663729243505, -33.41005215761072], [-70.56637414400515, -33.41005548090602], [-70.56618335158852, -33.40990024811261], [-70.56603184971584, -33.40983910414967], [-70.56588147951325, -33.40984100249944], [-70.56584332124174, -33.40980995580565], [-70.56576813616054, -33.40981090488833], [-70.56572997794154, -33.409779858157954], [-70.56557960781933, -33.409781756138905], [-70.5655414496782, -33.40975070934807], [-70.56524070949301, -33.40975450466794], [-70.56516439349517, -33.409692410857026], [-70.56512680099343, -33.40969288519688], [-70.56504935427522, -33.409567748779516], [-70.56493488076954, -33.409474607851685], [-70.56493205386595, -33.40931700150825]]]}}, {"type": "Feature", "properties": {"codigo": "Ee1", "capa_cad": "Ee1", "lamina": "edificacion"}, "geometry": {"type": "Polygon", "coordinates": [[[-70.5800559287043, -33.40562563073951], [-70.58110674839187, -33.40551765657217], [-70.58148665143678, -33.40573351202899], [-70.5818642706541, -33.4058232821401], [-70.58186769918142, -33.4060124083181], [-70.58172133632665, -33.406234972883226], [-70.5816524397892, -33.40658266283268], [-70.58139273131864, -33.40677514386622], [-70.5813568541368, -33.406870186184825], [-70.58101967743802, -33.4069375407439], [-70.58079755760726, -33.40712954146958], [-70.58080441041052, -33.40750779393481], [-70.58191055847452, -33.408376485029585], [-70.58320468843738, -33.409242766604756], [-70.58354873726614, -33.409553657754365], [-70.58541423395957, -33.41082248741568], [-70.58579302486561, -33.4109752866157], [-70.58579646257748, -33.41116441227671], [-70.58568540303374, -33.41126041690512], [-70.58557949918918, -33.4116401099417], [-70.58532322193592, -33.41202172491521], [-70.5852178884889, -33.41243293861682], [-70.58510682672973, -33.41252894277454], [-70.58507266971272, -33.412718548872476], [-70.5849616074377, -33.41281455291132], [-70.58492745001746, -33.41300415897344], [-70.5848163872266, -33.41310016289341], [-70.5847822294031, -33.413289768919725], [-70.58470818722577, -33.41335377146417], [-70.5842553451281, -33.41326497153764], [-70.58414084683487, -33.41317184913795], [-70.58376319343236, -33.413082087067814], [-70.58353534295156, -33.41295888313199], [-70.58327161581552, -33.41293072155129], [-70.58236022193765, -33.4124378994151], [-70.58194383683258, -33.412285569241405], [-70.58137250909358, -33.41188298681925], [-70.58122156516123, -33.41185338285509], [-70.5808023289127, -33.41154344361932], [-70.58065138573734, -33.41151383893657], [-70.58004190520153, -33.41108020803322], [-70.57973887947543, -33.410957954490506], [-70.57893916238928, -33.41040062740694], [-70.57886055468416, -33.41021245812181], [-70.57855354136436, -33.40986955412273], [-70.57839689925041, -33.40952473595453], [-70.57846524041051, -33.4091455264581], [-70.57865034888438, -33.408985529159395], [-70.5788297528277, -33.40851032098167], [-70.57901485931087, -33.40835032318229], [-70.57904902825294, -33.40816071828752], [-70.57923356308976, -33.407969199126526], [-70.57926830196283, -33.40781111523828], [-70.57941581481975, -33.407651595477724], [-70.57944998267538, -33.407461990485544], [-70.57956104465433, -33.40736599132533], [-70.57959521210668, -33.40717638629728], [-70.57978031440965, -33.40701638744661], [-70.57981505197814, -33.406858303422105], [-70.58015222944026, -33.40679095211914], [-70.5804102280737, -33.40650391045626], [-70.5803674992054, -33.40622069992354], [-70.57990899103271, -33.40581667223665], [-70.57990670819069, -33.405690587995316], [-70.5800559287043, -33.40562563073951]]]}}, {"type": "Feature", "properties": {"codigo": "Ee1", "capa_cad": "Ee1", "lamina": "edificacion"}, "geometry": {"type": "Polygon", "coordinates": [[[-70.56121960308658, -33.405674956147635], [-70.56122411479245, -33.40592712689063], [-70.56114893289016, -33.40592807307753], [-70.56111190586418, -33.40596006749771], [-70.56107431489727, -33.405960540563264], [-70.5610372878297, -33.4059925349622], [-70.56066137796785, -33.40599726488352], [-70.56062322322583, -33.40596621646209], [-70.56058619598495, -33.405998210731184], [-70.56036065001516, -33.40600104800101], [-70.56035839539624, -33.405874962580434], [-70.56043244992267, -33.405810974164794], [-70.56043188624476, -33.40577945281001], [-70.56046891345459, -33.40574745858696], [-70.560769640518, -33.4057436752323], [-70.56080666758517, -33.405711680912255], [-70.56095703103803, -33.405709788918465], [-70.56099405802028, -33.405677794544715], [-70.56121960308658, -33.405674956147635]]]}}, {"type": "Feature", "properties": {"codigo": "Ee1", "capa_cad": "Ee1", "lamina": "edificacion"}, "geometry": {"type": "Polygon", "coordinates": [[[-70.55407227492306, -33.40548094669401], [-70.55418841608376, -33.405668662542816], [-70.55422881422862, -33.40582579880771], [-70.55438254731993, -33.40601304344933], [-70.55438367031722, -33.406076086337904], [-70.55449981298096, -33.40626380183541], [-70.55450093607364, -33.40632684471793], [-70.5545772417079, -33.4063889454289], [-70.55461595615668, -33.406451517204204], [-70.55461707934126, -33.406514560081334], [-70.55469394684741, -33.40660818214874], [-70.55469507009498, -33.40667122502194], [-70.55481009092237, -33.406795897300334], [-70.55481121426182, -33.40685894016813], [-70.55488808229003, -33.4069525620954], [-70.55492848237552, -33.407109698047364], [-70.55504350413152, -33.407234370074384], [-70.55504575118849, -33.40736045578641], [-70.55500872126268, -33.40739244845966], [-70.55493353787557, -33.407393390916845], [-70.55485891618443, -33.40742585475871], [-70.55474782603282, -33.40752183258719], [-70.55463505076969, -33.40752324602356], [-70.55459802062155, -33.407555238579704], [-70.55452283707956, -33.407556180792064], [-70.55444821508864, -33.40758864439442], [-70.55433712427008, -33.40768462187164], [-70.55403638959794, -33.4076883898283], [-70.55399935915528, -33.407720382213256], [-70.55384899174047, -33.40772226587509], [-70.55377436934259, -33.4077547290825], [-70.55355218552077, -33.40794668278587], [-70.5535533080006, -33.408009725679634], [-70.55351627724328, -33.408041717927816], [-70.55351796093149, -33.40813628226838], [-70.55344389925925, -33.40820026673576], [-70.5532183468321, -33.40820309118612], [-70.55318131586863, -33.40823508333923], [-70.55291817122944, -33.40823837793758], [-70.55288114013776, -33.408270370004495], [-70.55269317958277, -33.40827272289339], [-70.55269261864747, -33.40824120143505], [-70.55246370092912, -33.408054895748975], [-70.55238795605983, -33.408024315216394], [-70.55223758800634, -33.408026196940405], [-70.55219943523885, -33.40799514587599], [-70.55212425123226, -33.4079960866458], [-70.55208721993887, -33.408028078482275], [-70.55186166781148, -33.40803090045357], [-70.55182295455556, -33.407968327796986], [-70.5518218333274, -33.40790528485101], [-70.55174440704747, -33.40778013949135], [-70.5516681021007, -33.40771803702765], [-70.55166698099505, -33.40765499407449], [-70.5515508423431, -33.40746727584198], [-70.55151044810471, -33.40731013862745], [-70.55135671863184, -33.40712289035119], [-70.55135447692446, -33.406996804413474], [-70.55146669121764, -33.406963872495254], [-70.55154075337614, -33.40689988918481], [-70.55161593645924, -33.40689894879568], [-70.5517275899628, -33.406834495166926], [-70.5518027729829, -33.40683355466621], [-70.55195145710317, -33.40673710909744], [-70.55210182295615, -33.40673522778398], [-70.55225106730947, -33.40667030334269], [-70.55236215925409, -33.40657432769008], [-70.55251252479732, -33.40657244588696], [-70.55258714670268, -33.40653998344852], [-70.55284635959515, -33.406316039442096], [-70.55284523769804, -33.40625299650992], [-70.55288226797732, -33.406221004468065], [-70.5528789022308, -33.40603187566986], [-70.55284075014453, -33.40600082477451], [-70.55283850638874, -33.405874738902746], [-70.55295071864057, -33.40584180569383], [-70.55302477875537, -33.405777821544916], [-70.553099960819, -33.405776880284336], [-70.55321161176911, -33.405712425381395], [-70.55328679376976, -33.40571148400923], [-70.55343547431475, -33.405615036747086], [-70.55358583812874, -33.405613153690766], [-70.5536228678654, -33.405581161440274], [-70.55369804973826, -33.40558021982217], [-70.55392191137157, -33.40548283033327], [-70.55407227492306, -33.40548094669401]]]}}, {"type": "Feature", "properties": {"codigo": "Ee1", "capa_cad": "Ee1", "lamina": "edificacion"}, "geometry": {"type": "Polygon", "coordinates": [[[-70.54008784865646, -33.40562382436021], [-70.54031339581849, -33.405621023969545], [-70.54046487350298, -33.40568220012244], [-70.54057764714331, -33.405680799633515], [-70.54061579487416, -33.40571185443246], [-70.54076615976656, -33.40570998690677], [-70.54077005580464, -33.40593063844599], [-70.54080820371445, -33.40596169317944], [-70.54080931690486, -33.40602473647339], [-70.54103820510663, -33.406211064599525], [-70.54111394467984, -33.406241652232495], [-70.54126431044969, -33.4062397840771], [-70.54130245866892, -33.40627083864812], [-70.54164078171466, -33.406266634525096], [-70.5416789300753, -33.40629768897598], [-70.54179170444638, -33.406296287360924], [-70.54182985287225, -33.40632734176334], [-70.54198021873901, -33.40632547273614], [-70.54201836724283, -33.40635652707812], [-70.54213114167187, -33.40635512515238], [-70.5421692902409, -33.40638617944588], [-70.54231965618497, -33.40638431000445], [-70.54239539632847, -33.40641489683677], [-70.5423987394068, -33.40660402656131], [-70.54236170499806, -33.40663601558614], [-70.54236281933905, -33.40669905882709], [-70.542289864683, -33.406826080088756], [-70.54229209328071, -33.40695216657036], [-70.54221913832335, -33.407079187794466], [-70.54222359537108, -33.40733136075309], [-70.54214952579791, -33.407395338701846], [-70.54215064001772, -33.40745838194137], [-70.54211360516503, -33.40749037090086], [-70.54211471936291, -33.40755341414049], [-70.54204176367587, -33.40768043527021], [-70.54204343490818, -33.40777500012968], [-70.5420063998852, -33.407806989060575], [-70.542007514019, -33.40787003230016], [-70.54197047894347, -33.40790202122138], [-70.54197159305535, -33.40796506446105], [-70.54189863683663, -33.408092085514305], [-70.54190030793995, -33.408186650373885], [-70.54182623742113, -33.40825062814867], [-70.54182735144356, -33.408313671389095], [-70.54179031611804, -33.40834566026159], [-70.54179143011852, -33.40840870350213], [-70.54175439474047, -33.40844069236498], [-70.54171958724504, -33.4085987676995], [-70.54149403253705, -33.40860157086581], [-70.54145588319892, -33.408570516396175], [-70.54134310587132, -33.40857191778982], [-70.54130495659842, -33.40854086327171], [-70.54115458686697, -33.40854273158944], [-70.541116437672, -33.40851167701089], [-70.54100366040241, -33.40851307809383], [-70.5409655112727, -33.408482023466796], [-70.54081514161857, -33.40848389137024], [-70.54066254557429, -33.40835967254446], [-70.54065920603585, -33.40817054271877], [-70.54069624171821, -33.40813855417343], [-70.54069457192259, -33.40804398925948], [-70.5407675298861, -33.40791696886453], [-70.54076586002726, -33.40782240395036], [-70.54087696644386, -33.407726438198324], [-70.54087585313275, -33.4076633949237], [-70.54091288852528, -33.40763140631959], [-70.54091121852703, -33.40753684140753], [-70.54094825385431, -33.40750485279414], [-70.5409460271513, -33.40737876624394], [-70.54101898422576, -33.407251745714355], [-70.54101564405522, -33.40706261588659], [-70.54097749557677, -33.407031561238185], [-70.54097638222238, -33.40696851795947], [-70.54074749209467, -33.40678218979437], [-70.54067175216377, -33.40675160194994], [-70.5405213854702, -33.406753469412386], [-70.54048323730117, -33.40672241460154], [-70.54037046230998, -33.40672381504303], [-70.54021842645267, -33.406631117182236], [-70.54010565156538, -33.40663251737967], [-70.5400675035938, -33.40660146243459], [-70.53991713711609, -33.40660332915738], [-70.53987898922244, -33.40657227415187], [-70.5398038060038, -33.40657320742109], [-70.53979991231355, -33.406352555804375], [-70.53983694757677, -33.4063205675197], [-70.53983583507625, -33.40625752419989], [-70.5399087929226, -33.40613050428182], [-70.5399071241073, -33.40603593930214], [-70.53998008167598, -33.40590891934604], [-70.53997841279744, -33.40581435436617], [-70.54005248272061, -33.40575037769125], [-70.54005137008845, -33.40568733437203], [-70.54008784865646, -33.40562382436021]]]}}, {"type": "Feature", "properties": {"codigo": "Ee1", "capa_cad": "Ee1", "lamina": "edificacion"}, "geometry": {"type": "Polygon", "coordinates": [[[-70.53687966663094, -33.40279451084268], [-70.53703002676215, -33.40279264798757], [-70.5374877710458, -33.40316531886907], [-70.53752536122884, -33.4031648529836], [-70.53779238062056, -33.40338224340574], [-70.53782997089164, -33.40338177742533], [-70.53786811664024, -33.40341283313735], [-70.53794329720519, -33.40341190111852], [-70.53798144300633, -33.40344295679399], [-70.53813180417664, -33.403441092571995], [-70.5381699500557, -33.40347214818706], [-70.53828272096246, -33.40347074986524], [-70.53831975562007, -33.4034387620384], [-70.53858288760452, -33.40343549881332], [-70.53858511056113, -33.403561585584015], [-70.53854807595373, -33.4035935734882], [-70.53854918741182, -33.4036566168733], [-70.53851215275188, -33.40368860476782], [-70.53851381990742, -33.403783169845376], [-70.53840271565052, -33.40387913346975], [-70.53840382701566, -33.40394217685626], [-70.53836679218371, -33.40397416471094], [-70.5383684591998, -33.4040687297906], [-70.53825735442686, -33.40416469329548], [-70.53825846569906, -33.404227736683396], [-70.53822143069507, -33.404259724498246], [-70.53822254194532, -33.404322767886256], [-70.53814847180517, -33.40438674348618], [-70.53814902740619, -33.404418265180695], [-70.53784830168762, -33.40442199358015], [-70.53784719070349, -33.40435895018206], [-70.5376183140977, -33.40417261577862], [-70.53758072348231, -33.404173081704606], [-70.537542577489, -33.404142025914446], [-70.53739221506963, -33.40414388945679], [-70.53735406915426, -33.40411283360623], [-70.53731703385476, -33.40414482115967], [-70.53716667141462, -33.40414668442884], [-70.53705500997775, -33.40421112518495], [-70.5369046474049, -33.404212988139854], [-70.53682835587377, -33.4041508761186], [-70.53679076525378, -33.404151341805], [-70.53675261954163, -33.404120285763454], [-70.5367150289335, -33.404120751426525], [-70.53660059199787, -33.40402758319012], [-70.53656300142696, -33.404028048806005], [-70.53652485584871, -33.40399699268994], [-70.53644967472972, -33.403997923863685], [-70.53633523823396, -33.40390475536795], [-70.53629764771128, -33.40390522090194], [-70.53618321149779, -33.40381205225645], [-70.53614562101234, -33.403812517743255], [-70.5361074756748, -33.40378146149083], [-70.53610525627853, -33.4036553745778], [-70.53625339834782, -33.40352742571206], [-70.53625284345011, -33.403495903984926], [-70.53632802414367, -33.40349497294273], [-70.53636505955161, -33.403462985678914], [-70.53640264988267, -33.40346252012992], [-70.53658782644328, -33.40330258360008], [-70.53662541670133, -33.403302117985554], [-70.53684762759222, -33.403110193740204], [-70.53684651738607, -33.40304715029911], [-70.5368835524142, -33.40301516288911], [-70.53687966663094, -33.40279451084268]]]}}, {"type": "Feature", "properties": {"codigo": "Ee1", "capa_cad": "Ee1", "lamina": "edificacion"}, "geometry": {"type": "Polygon", "coordinates": [[[-70.48378185633777, -33.40227438770596], [-70.48378935935702, -33.40271570264614], [-70.48318790449854, -33.40272289489757], [-70.48317986881126, -33.402250057332], [-70.48374372969515, -33.402243314802035], [-70.48378185633777, -33.40227438770596]]]}}, {"type": "Feature", "properties": {"codigo": "Ee1", "capa_cad": "Ee1", "lamina": "edificacion"}, "geometry": {"type": "Polygon", "coordinates": [[[-70.52024117615237, -33.401643789805824], [-70.52027821689344, -33.40161180719156], [-70.52039098634012, -33.401610425198015], [-70.52042802701081, -33.4015784425408], [-70.52080392496663, -33.40157383504753], [-70.52084206404987, -33.4016048961995], [-70.52166903953116, -33.40159475544554], [-70.5217071789211, -33.4016258163224], [-70.52185753810586, -33.401623971909395], [-70.5218652334278, -33.402065279176625], [-70.52190337309759, -33.40209633998309], [-70.52190722092239, -33.402316993599314], [-70.52194536072022, -33.40234805438809], [-70.52194975840096, -33.40260022993364], [-70.52191271788766, -33.40263221303674], [-70.5218375374306, -33.4026331353239], [-70.52180049686133, -33.40266511839487], [-70.52153736513374, -33.40266834596557], [-70.52150032443639, -33.40270032895024], [-70.52108683147824, -33.40270539960107], [-70.52104979059514, -33.40273738245614], [-70.52071147796808, -33.402741530048566], [-70.52067443692808, -33.402773512795676], [-70.52033612410195, -33.40277765936866], [-70.52029798466312, -33.40274659807618], [-70.52026039435755, -33.40274705873767], [-70.52025435423738, -33.402400317095605], [-70.52021621499702, -33.40236925577066], [-70.5202085279228, -33.40192794818672], [-70.52017038891142, -33.40189688683909], [-70.52016764364046, -33.401739276976095], [-70.52024172522943, -33.40167531177816], [-70.52024117615237, -33.401643789805824]]]}}, {"type": "Feature", "properties": {"codigo": "Ee1", "capa_cad": "Ee1", "lamina": "edificacion"}, "geometry": {"type": "Polygon", "coordinates": [[[-70.57495455781324, -33.400046925542746], [-70.57506561580769, -33.39995093042961], [-70.5753287326777, -33.39994758958829], [-70.57544320395787, -33.400040721100986], [-70.57570745919202, -33.400100421757365], [-70.57589767664618, -33.40022411911661], [-70.576086186996, -33.40025325272741], [-70.5762006594701, -33.400346383501095], [-70.57635158188107, -33.400375994263904], [-70.57646605479472, -33.400469124777835], [-70.57661697749633, -33.40049873520824], [-70.57673145084952, -33.40059186546238], [-70.5771090433036, -33.40068165092151], [-70.57733685241092, -33.400804868108196], [-70.57748720621953, -33.400802956329414], [-70.5776398391554, -33.40092712884743], [-70.57786594001485, -33.40095578166695], [-70.57798041527305, -33.40104891070496], [-70.57824467509981, -33.40110860580534], [-70.57835915095497, -33.401201734473794], [-70.57851007548045, -33.401231342541045], [-70.57862455177516, -33.40132447094967], [-70.57888881282778, -33.40138416463755], [-70.57907903746309, -33.4015078568781], [-70.57926755146474, -33.40153698553485], [-70.57938202895339, -33.40163011320434], [-70.57953295452107, -33.40165971999288], [-70.57972318064537, -33.40178341119564], [-70.57991169542038, -33.40181253884822], [-70.58002617394557, -33.40190566588831], [-70.58017710017964, -33.40193527187124], [-70.58029157914439, -33.40202839865149], [-70.58055584334127, -33.402088088684536], [-70.580670322903, -33.40218121509519], [-70.58063730110452, -33.402433862572806], [-70.58045220979838, -33.40259386248434], [-70.58041804559694, -33.40278346777587], [-70.58023295316013, -33.40294346738511], [-70.58016062822472, -33.403102030366604], [-70.58016234046192, -33.40319659357574], [-70.57997724669542, -33.403356592832665], [-70.5799430812269, -33.40354619801003], [-70.57975798632971, -33.40370619696465], [-70.57975912755563, -33.40376923911035], [-70.57972210846945, -33.403801238870855], [-70.57953415995377, -33.40380363213958], [-70.57942024985014, -33.4037420258086], [-70.57930748080346, -33.403743461527405], [-70.57919300052426, -33.40365033389881], [-70.57892873236176, -33.40359064108791], [-70.57873850326543, -33.40346694878398], [-70.57854998520979, -33.40343781944912], [-70.57843550612465, -33.40334469108134], [-70.57828457793494, -33.403315083039686], [-70.5781700992894, -33.40322195441207], [-70.57801917139032, -33.403192346038], [-70.57771560629341, -33.40303856540765], [-70.57756524865079, -33.40304047757562], [-70.57722295613807, -33.402824131479434], [-70.57707145958416, -33.40276300080263], [-70.57692110236948, -33.40276491217621], [-70.57657881248956, -33.40254856421431], [-70.57642731684072, -33.40248743272074], [-70.57627696005402, -33.40248934329994], [-70.5760485786215, -33.40233460314744], [-70.57589822207058, -33.40233651326004], [-70.57563111443771, -33.40211920751619], [-70.57540444210657, -33.40205902954699], [-70.57525408598366, -33.40206093886523], [-70.57513961215773, -33.40196780727899], [-70.57487535155273, -33.40190810558441], [-70.57476087832384, -33.401814973628646], [-70.57460995386263, -33.40178536099387], [-70.57449548107331, -33.40169222877834], [-70.57423122169446, -33.40163252567133], [-70.57418908439163, -33.401380833306824], [-70.57433716500658, -33.40125284064303], [-70.57440836202734, -33.40103123841112], [-70.57459289291201, -33.40083972608688], [-70.57462763794805, -33.40068164316023], [-70.57473812836136, -33.40055412714982], [-70.5747728730404, -33.40039604418652], [-70.57492038236802, -33.400236529716075], [-70.57495455781324, -33.400046925542746]]]}}, {"type": "Feature", "properties": {"codigo": "Ee1", "capa_cad": "Ee1", "lamina": "edificacion"}, "geometry": {"type": "Polygon", "coordinates": [[[-70.56596756643309, -33.399971521318776], [-70.56600798257227, -33.40012865334571], [-70.5662750607986, -33.40034598075997], [-70.56631491200011, -33.40047159136319], [-70.56662071225395, -33.40075148595843], [-70.56662297547956, -33.40087757110587], [-70.56628411164941, -33.40085032145004], [-70.56616964869644, -33.400757181240934], [-70.56601872856189, -33.40072755800794], [-70.56579036927985, -33.40057279825704], [-70.56564001502277, -33.4005746958516], [-70.56560186102355, -33.40054364891824], [-70.56533930646631, -33.40057849049447], [-70.5649685075508, -33.40086692458453], [-70.56493431004415, -33.40105652662455], [-70.5648232391703, -33.4011525130153], [-70.56475201749068, -33.40137411045361], [-70.56460392214177, -33.401502092086574], [-70.56460505232856, -33.401565134713856], [-70.56456802839817, -33.40159713009683], [-70.56457141890353, -33.401786257977], [-70.56460957311089, -33.40181730521621], [-70.56461070331527, -33.40188034784011], [-70.56487778372849, -33.40209767814941], [-70.56502870592237, -33.402127302706724], [-70.56521891345467, -33.40225101671834], [-70.56540742531963, -33.402280166527724], [-70.56552188955341, -33.40237330738376], [-70.5656728124142, -33.40240293113574], [-70.56586302143599, -33.4025266441101], [-70.56605153407492, -33.402555792915564], [-70.56605436227505, -33.40271339934652], [-70.56594329064119, -33.402809386741204], [-70.56590909467747, -33.402998988953236], [-70.56572397429241, -33.40315896769377], [-70.565689777744, -33.40334856985292], [-70.56546819729199, -33.40357206523733], [-70.56528024798199, -33.40357443690123], [-70.56512819254141, -33.40348177014074], [-70.56490208832093, -33.40345309417921], [-70.56474946829499, -33.40332890563323], [-70.5647483379283, -33.40326586302825], [-70.5644430994096, -33.40301748531597], [-70.56436735508966, -33.402986912071036], [-70.56421699657217, -33.40298880806177], [-70.56417884196995, -33.40295776071827], [-70.56395330424343, -33.40296060429127], [-70.56391514974445, -33.40292955686342], [-70.5638399705206, -33.40293050460615], [-70.56372550726249, -33.40283736217487], [-70.56357458420723, -33.402807736057795], [-70.56357119573026, -33.40261860811867], [-70.5636082204565, -33.4025866130151], [-70.56360652619183, -33.402492049044454], [-70.56386569824956, -33.40226808303588], [-70.56389989845648, -33.4020784812448], [-70.56426957606496, -33.40172700751608], [-70.56426844611352, -33.40166396488033], [-70.56430547018482, -33.401631969583086], [-70.56430208027547, -33.401442841674175], [-70.56426392634289, -33.4014117943306], [-70.56426279640901, -33.40134875169148], [-70.56418648868298, -33.40128665696335], [-70.56418366400813, -33.40112905035526], [-70.56433119440062, -33.40096954789664], [-70.56436539319847, -33.40077994598319], [-70.56447646413567, -33.40068395999606], [-70.56451066252993, -33.400494358046586], [-70.56477265210805, -33.400427996905215], [-70.56499535715507, -33.4002675454637], [-70.56507053404407, -33.4002665970874], [-70.56521919194918, -33.400170136265075], [-70.56548117996317, -33.4001037736677], [-70.56562983712396, -33.400007312372054], [-70.56570501376605, -33.40000636361786], [-70.56574203661462, -33.39997436791936], [-70.56596756643309, -33.399971521318776]]]}}, {"type": "Feature", "properties": {"codigo": "Ee1", "capa_cad": "Ee1", "lamina": "edificacion"}, "geometry": {"type": "Polygon", "coordinates": [[[-70.56740520653274, -33.39837694426844], [-70.56744279412032, -33.39837646937963], [-70.56747981564342, -33.39834447319305], [-70.56751740321567, -33.39834399828204], [-70.56759144615164, -33.398280005855995], [-70.56770364263416, -33.3982470597063], [-70.56781470666667, -33.39815107089296], [-70.56788988163171, -33.398150120861516], [-70.56792690289275, -33.39811812454794], [-70.56796449035951, -33.39811764950434], [-70.56811257507471, -33.39798966410262], [-70.56818774989006, -33.39798871389476], [-70.56822477097217, -33.39795671749666], [-70.56826235836407, -33.39795624236485], [-70.56837342140436, -33.39786025307562], [-70.56844859609888, -33.39785930271298], [-70.56848561702918, -33.39782730624077], [-70.56852320436067, -33.397826831031566], [-70.56859724611104, -33.397762838034275], [-70.56867242071361, -33.39776188753848], [-70.56870944151923, -33.39772989100259], [-70.56874702880474, -33.39772941572681], [-70.56882107030573, -33.397665422602145], [-70.56889624481634, -33.3976644719732], [-70.5689332654973, -33.397632475373605], [-70.56915878892133, -33.397629623148795], [-70.56919694282355, -33.39766066900226], [-70.56934729180598, -33.39765876724369], [-70.56938544578604, -33.397689813036685], [-70.5694606202973, -33.39768886206524], [-70.56957508247628, -33.39778199929647], [-70.56961266976862, -33.39778152375784], [-70.56965082389519, -33.397812569464286], [-70.56972599850258, -33.397811618329], [-70.56976415268161, -33.39784266399887], [-70.56983932731085, -33.39784171279418], [-70.56983989421552, -33.39787323404746], [-70.56991620273456, -33.397935325299905], [-70.5699173366043, -33.39799836780302], [-70.5699942122547, -33.398091980251635], [-70.56999534618751, -33.39815502275079], [-70.57003350061417, -33.398186068328954], [-70.57003463457941, -33.39824911082597], [-70.57007278906207, -33.39828015639], [-70.5701120775984, -33.39837424443472], [-70.57018838675708, -33.39843633549641], [-70.57018952084493, -33.398499377986184], [-70.57022767549384, -33.39853042349653], [-70.57022880961411, -33.39859346598418], [-70.57030568614141, -33.39868707820598], [-70.57030682032475, -33.39875012068967], [-70.57034497512723, -33.398781166158315], [-70.57034554223466, -33.39881268739916], [-70.57042185194989, -33.398874778296914], [-70.57042298622518, -33.39893782077517], [-70.57049986327452, -33.39903143285666], [-70.5705032663002, -33.39922056027753], [-70.57046624556484, -33.39925255734071], [-70.57046851421556, -33.39937864228617], [-70.57043149340238, -33.39941063934053], [-70.57028114148127, -33.39941254250041], [-70.57024298641527, -33.39938149702258], [-70.57016781047477, -33.399382448510345], [-70.57009150047483, -33.39932035746886], [-70.57005391252862, -33.39932083317178], [-70.5699400147408, -33.399259217723355], [-70.56978966304499, -33.39926112028016], [-70.56963704389183, -33.399136937656884], [-70.56959945601638, -33.399137413219854], [-70.56956130130858, -33.3991063675204], [-70.56941094984869, -33.3991082696107], [-70.56937279521871, -33.399077223850774], [-70.56929761950883, -33.399078174803755], [-70.56926059837468, -33.39911017151891], [-70.56911024688655, -33.39911207324506], [-70.56907322566751, -33.399144069906555], [-70.56903563777882, -33.399144545298824], [-70.56873946693447, -33.39940051812929], [-70.5687406000175, -33.3994635606531], [-70.56870357851456, -33.399495557210805], [-70.56870471157576, -33.399558599734725], [-70.56855435927528, -33.39956050080978], [-70.56851620473472, -33.39952945478539], [-70.56844102860454, -33.39953040523075], [-70.56832656522167, -33.39943726700983], [-70.56828897719329, -33.39943774217961], [-70.56802189700457, -33.39922041913672], [-70.56798430906407, -33.399220894211496], [-70.56786984657091, -33.39912775553852], [-70.56783225866758, -33.399128230566085], [-70.56783112625486, -33.39906518801143], [-70.5677929721863, -33.399034141748324], [-70.56779240599569, -33.39900262047001], [-70.56756348224043, -33.39881634262076], [-70.56756291613736, -33.398784821337856], [-70.56752476228752, -33.398753774984534], [-70.56752363011293, -33.398690732416775], [-70.56748547631908, -33.398659686049314], [-70.5674843441769, -33.39859664347941], [-70.56740747068747, -33.39850302941684], [-70.56740520653274, -33.39837694426844]]]}}, {"type": "Feature", "properties": {"codigo": "Ee1", "capa_cad": "Ee1", "lamina": "edificacion"}, "geometry": {"type": "Polygon", "coordinates": [[[-70.5143549816755, -33.396103664120126], [-70.51439311607392, -33.39613472741385], [-70.51443070363483, -33.39613426860962], [-70.51458324155054, -33.396258521610456], [-70.51462082916142, -33.396258062747144], [-70.5147352329211, -33.396351252329254], [-70.51477282056926, -33.39635079341879], [-70.5147739145554, -33.39641383757707], [-70.51481204923773, -33.39644490073247], [-70.5148131432561, -33.396507944888654], [-70.51485127799438, -33.39653900802999], [-70.51485182501925, -33.39657053010711], [-70.51488995979908, -33.3966015932351], [-70.51489378909793, -33.39682224776526], [-70.51493192400574, -33.3968533108756], [-70.51493301812762, -33.39691635502412], [-70.51497115309137, -33.396947418120384], [-70.5149848302625, -33.39773546990232], [-70.51494778910629, -33.397767450963364], [-70.51468467130347, -33.39777066358839], [-70.51464763001924, -33.39780264456313], [-70.51449727691266, -33.39780448005516], [-70.51446023554365, -33.39783646097612], [-70.51442264725047, -33.39783691980985], [-70.51427448144553, -33.397964843345775], [-70.5137106560808, -33.39797172383598], [-70.51370956279779, -33.39790867966253], [-70.51367142783378, -33.39787761618219], [-70.51366814809163, -33.39768848365348], [-70.51363001324121, -33.39765742015624], [-70.51362181423602, -33.39718458879722], [-70.51358367962891, -33.397153525276615], [-70.5135804001669, -33.39696439271812], [-70.5135422656734, -33.3969333291806], [-70.51353516046478, -33.39652354194044], [-70.51361033595035, -33.39652262483094], [-70.5136473771026, -33.39649064416421], [-70.51368496482971, -33.39649018558156], [-70.51379608808053, -33.396394243486064], [-70.51383367576354, -33.39639378485954], [-70.5138707167785, -33.39636180412929], [-70.51390830444623, -33.39636134548056], [-70.51420463147423, -33.396105499175555], [-70.5143549816755, -33.396103664120126]]]}}, {"type": "Feature", "properties": {"codigo": "Ee1", "capa_cad": "Ee1", "lamina": "edificacion"}, "geometry": {"type": "Polygon", "coordinates": [[[-70.5492442487136, -33.39614583401271], [-70.54924648645141, -33.39627192029728], [-70.54894802768581, -33.39640176108768], [-70.54883694435293, -33.396497733568694], [-70.54876177012831, -33.39649867201711], [-70.54861309930784, -33.396595113514024], [-70.54850033783188, -33.396596520969794], [-70.54842572265724, -33.39662898079807], [-70.5483516665474, -33.396692962164984], [-70.54823946401295, -33.396725890970444], [-70.54812837947684, -33.39682186284639], [-70.54805320494793, -33.39682280087358], [-70.54790453277211, -33.396919241554784], [-70.54782935815139, -33.39692017944878], [-70.54775474243885, -33.39695263888694], [-70.54764365707345, -33.39704861034905], [-70.54756848233208, -33.397049548088205], [-70.54741980922076, -33.39714598821155], [-70.54734463438757, -33.39714692581751], [-70.54727001829235, -33.3971793849737], [-70.5471589320977, -33.39727535602197], [-70.54708375714385, -33.39727629347307], [-70.54693508309701, -33.39737273303856], [-70.54685990805136, -33.39737367035646], [-70.54671123358466, -33.39747010966404], [-70.54663605844722, -33.39747104684874], [-70.5465614417988, -33.3975035055926], [-70.5464503544009, -33.39759947603572], [-70.54637517914279, -33.397600413065575], [-70.54622650374057, -33.39769685181527], [-70.5460385653593, -33.397699193971526], [-70.54592356925657, -33.39757451267515], [-70.54592301099287, -33.397542991061336], [-70.54573228194931, -33.39738772466294], [-70.5456919035221, -33.3972305848709], [-70.54553820488549, -33.397043328217975], [-70.54553708865969, -33.39698028497328], [-70.54549894318336, -33.39694923158649], [-70.54549782698987, -33.39688618833968], [-70.54542042004404, -33.39676103827482], [-70.54519154842737, -33.39657471751879], [-70.54515284528898, -33.39651214238461], [-70.54515172936391, -33.396449099123046], [-70.5451135842598, -33.396418045604555], [-70.54511246836704, -33.396355002340854], [-70.54507432331889, -33.39632394880825], [-70.54507320745847, -33.396260905542434], [-70.5450350624663, -33.39622985199571], [-70.54503227290259, -33.396072243824584], [-70.54510744689264, -33.396071307645904], [-70.54518206291485, -33.39603884978921], [-70.5452931498376, -33.39594288047573], [-70.54540591064043, -33.39594147595837], [-70.54544293951714, -33.39590948613391], [-70.5455181133525, -33.39590854971047], [-70.5455927290752, -33.395876091614284], [-70.54574084402928, -33.395748132040424], [-70.54581601771514, -33.3957471954405], [-70.54592766178452, -33.39568274720903], [-70.54600283540745, -33.39568181049755], [-70.54607745074752, -33.3956493521194], [-70.546151507726, -33.39558537207743], [-70.54622668125712, -33.39558443523275], [-70.54630129642668, -33.395551976724256], [-70.54641238147978, -33.39545600645439], [-70.54648755489028, -33.395455069454876], [-70.5466362262734, -33.39535863047689], [-70.54671139959211, -33.39535769334418], [-70.54686007055543, -33.39526125410836], [-70.54693524378234, -33.39526031684245], [-70.54700985839872, -33.39522785792164], [-70.54712094224871, -33.39513188704668], [-70.54753439429011, -33.39512673066939], [-70.54757253964195, -33.39515778344107], [-70.54764771275445, -33.395156845746136], [-70.54776214904875, -33.395250003913624], [-70.54783788114013, -33.395280587698494], [-70.54791305434891, -33.3952796498398], [-70.54795119989977, -33.395310702488494], [-70.54810154635766, -33.39530882658683], [-70.54825412903526, -33.39543303686397], [-70.5483298614482, -33.395463620338035], [-70.54840503479707, -33.395462682176806], [-70.54851947228555, -33.39555583960626], [-70.54855705899674, -33.39555537047277], [-70.54882408084114, -33.39577273728139], [-70.54886166764028, -33.39577226805296], [-70.54897610601843, -33.39586542503089], [-70.54901369285477, -33.395864955755265], [-70.54901481154354, -33.39592799890761], [-70.5490535171255, -33.39599057277006], [-70.5492442487136, -33.39614583401271]]]}}, {"type": "Feature", "properties": {"codigo": "Ee1", "capa_cad": "Ee1", "lamina": "edificacion"}, "geometry": {"type": "Polygon", "coordinates": [[[-70.5356016726792, -33.39426607922922], [-70.53635229073627, -33.39419372941842], [-70.53657891840567, -33.394253980197206], [-70.5367690697694, -33.39437773964364], [-70.53691941541362, -33.39437587733498], [-70.5370719810519, -33.394500101888994], [-70.53722288194376, -33.394529760965916], [-70.53741303479727, -33.39465351937651], [-70.53756338087082, -33.39465165627417], [-70.53775353445853, -33.394775414139], [-70.53787184715972, -33.395089233983875], [-70.53798682864358, -33.395213923217284], [-70.5379946036142, -33.39565522761203], [-70.53803274592988, -33.395686283405745], [-70.53799849116304, -33.39587587979702], [-70.53801737414564, -33.39694761886376], [-70.53809477083944, -33.397072773844805], [-70.53809865885043, -33.39729342596893], [-70.53817605598562, -33.39741858088039], [-70.53817994425303, -33.39763923298378], [-70.53821808752825, -33.397670288684196], [-70.53834270707002, -33.400474789596814], [-70.53830567363494, -33.40050677740901], [-70.53827808486714, -33.401074634297245], [-70.5380194038503, -33.401330070375316], [-70.5378690463082, -33.4013319343576], [-70.53782923524034, -33.40120631346398], [-70.53763851181851, -33.401051034524194], [-70.53752185688626, -33.400831780121855], [-70.53702431563951, -33.4003334876712], [-70.53698395119895, -33.4001763447059], [-70.5367169438864, -33.399958952096554], [-70.53659918292054, -33.39967665319945], [-70.53640846506492, -33.399521372172934], [-70.53640735532699, -33.399458328682336], [-70.5362144191167, -33.39917696033447], [-70.53617128288118, -33.398862208262436], [-70.53597834881334, -33.3985808394618], [-70.53593798718163, -33.398423696036204], [-70.53574505487825, -33.39814232680425], [-70.53558860270017, -33.3977974484584], [-70.53558527549035, -33.39760831785915], [-70.53546863059262, -33.397389061129104], [-70.53538458390071, -33.39688564314365], [-70.53526794053926, -33.39666638615819], [-70.53526461416675, -33.39647725549595], [-70.53514797168965, -33.39625799835951], [-70.53508932042455, -33.395060635642956], [-70.53512635284761, -33.39502864879638], [-70.53512191837554, -33.39477647449532], [-70.53519598293717, -33.39471250077701], [-70.53523024346985, -33.39452290496434], [-70.53534078546012, -33.39439542249611], [-70.53549057680524, -33.394362040132066], [-70.5356016726792, -33.39426607922922]]]}}, {"type": "Feature", "properties": {"codigo": "Ee1", "capa_cad": "Ee1", "lamina": "edificacion"}, "geometry": {"type": "Polygon", "coordinates": [[[-70.55394316441637, -33.394006185576224], [-70.55405592225617, -33.39400477327103], [-70.55409294706368, -33.39397278096991], [-70.55416811892364, -33.39397183935459], [-70.55420514367519, -33.39393984702143], [-70.55469376049216, -33.39393372527191], [-70.55469432184556, -33.39396524677306], [-70.55473246912982, -33.39399629728947], [-70.55473359186809, -33.3940593402898], [-70.55477173920832, -33.39409039079207], [-70.55477510753069, -33.39427951978466], [-70.55481325498464, -33.3943105702699], [-70.55481437779463, -33.39437361326462], [-70.55485252530454, -33.39440466373574], [-70.55485420956936, -33.394499228224355], [-70.5548923571497, -33.39453027868061], [-70.55489348002614, -33.394593321670726], [-70.5551223662508, -33.39477962413346], [-70.55515995251012, -33.394779153009715], [-70.55519810032183, -33.39481020336389], [-70.55534844540114, -33.394808318707355], [-70.55538659329069, -33.3948393690011], [-70.55542361793556, -33.39480737631082], [-70.55572430803822, -33.39480360626956], [-70.5557265550192, -33.394929692193685], [-70.55568953043907, -33.394961684972074], [-70.55569121564594, -33.395056249414566], [-70.55565419100063, -33.39508824218371], [-70.55565531445089, -33.39515128514533], [-70.5556182897531, -33.39518327790482], [-70.55561941318147, -33.39524632086653], [-70.5555453636538, -33.395310306355846], [-70.55554648703493, -33.395373349318454], [-70.55550946220507, -33.39540534204826], [-70.55551114724527, -33.395499906492084], [-70.55547412235022, -33.39553189921263], [-70.55528618945276, -33.39553425524003], [-70.55524804128375, -33.39550320492652], [-70.55509769500077, -33.39550508949587], [-70.5550595469096, -33.395474039121915], [-70.55498437378824, -33.39547498131444], [-70.55494622574956, -33.39544393090396], [-70.55479587954709, -33.395445815104715], [-70.55475773158626, -33.395414764633806], [-70.55464497196328, -33.39541617762909], [-70.55460682406762, -33.39538512710968], [-70.55445647794214, -33.395387010896336], [-70.55441833012435, -33.39535596031652], [-70.55438074360347, -33.3953564312228], [-70.55434259582547, -33.39532538061836], [-70.55422983629569, -33.39532679323312], [-70.55422871386715, -33.395263750230576], [-70.5541905661832, -33.39523269957621], [-70.55418046474345, -33.394665312509886], [-70.55414231734639, -33.39463426182972], [-70.55414119501052, -33.394571218817525], [-70.55410304766943, -33.39454016812323], [-70.55410248651725, -33.39450864661614], [-70.55402619194528, -33.394446545188096], [-70.55402506970125, -33.394383502170506], [-70.55398692248481, -33.39435245143601], [-70.55398636137853, -33.39432092992624], [-70.55394821420364, -33.39428987917835], [-70.55394316441637, -33.394006185576224]]]}}, {"type": "Feature", "properties": {"codigo": "Ee1", "capa_cad": "Ee1", "lamina": "edificacion"}, "geometry": {"type": "Polygon", "coordinates": [[[-70.60699159407066, -33.39213235601771], [-70.60710608730197, -33.392225457720706], [-70.6072570044487, -33.392255031020504], [-70.60729516897842, -33.392286064847525], [-70.60737033745391, -33.392285091049544], [-70.60740850203605, -33.39231612483995], [-70.60748367053324, -33.39231515097256], [-70.60767391353195, -33.392438798912885], [-70.60786241552054, -33.39246788444797], [-70.60793874521437, -33.392529951696226], [-70.6080902437289, -33.39259104465182], [-70.6082405811426, -33.39258909603158], [-70.60839324137608, -33.39271322998705], [-70.60839614493925, -33.39287083343041], [-70.60824812970195, -33.39299886501446], [-70.6082128677838, -33.39312543495465], [-70.60817586384164, -33.39315744281555], [-70.60817702512684, -33.39322048419561], [-70.60795616188958, -33.39347557253213], [-70.60792147994123, -33.39363366309022], [-70.60766303002202, -33.393889238034276], [-70.60762834740666, -33.39404732852107], [-70.60748090949562, -33.39420687995469], [-70.6074468068518, -33.394396491091705], [-70.60718835333643, -33.394652065125655], [-70.60715366961118, -33.394810155495826], [-70.60696922442565, -33.39500171393926], [-70.60693454018883, -33.39515980425561], [-70.60682410453337, -33.395287347452644], [-70.60682468473446, -33.39531886815288], [-70.60671366855888, -33.39541489055848], [-70.60667898372367, -33.39557298081201], [-70.60649453592511, -33.39576453860627], [-70.60645985057828, -33.39592262880599], [-70.60642284482849, -33.39595463618472], [-70.60612215812914, -33.39595852918393], [-70.60608399233968, -33.39592749504922], [-70.60593364901895, -33.39592944122794], [-70.60547508254845, -33.39552550932647], [-70.60543749688142, -33.395525995698655], [-70.60517033993618, -33.39530875490892], [-70.60513275435683, -33.39530924118603], [-70.60498009389241, -33.39518510326458], [-70.60494250836278, -33.39518558948249], [-70.6049401902934, -33.39505950656137], [-70.6050882139177, -33.39493147871617], [-70.60512232187317, -33.394741868083905], [-70.60530677070439, -33.39455031227449], [-70.60534145771393, -33.39439222231748], [-70.60548889994311, -33.394232673305304], [-70.60552300681475, -33.3940430625765], [-70.60581846873477, -33.393755484719044], [-70.60585257474409, -33.39356587391256], [-70.60596358963426, -33.39346985229217], [-70.60599769524134, -33.393280241450164], [-70.60618271906414, -33.39312020516673], [-70.60621682408825, -33.39293059427252], [-70.60640184678135, -33.39277055768772], [-70.60643595122251, -33.39258094674129], [-70.6065469642419, -33.39248492464076], [-70.6066174924168, -33.39223178554392], [-70.60672850480178, -33.39213576329497], [-70.60699159407066, -33.39213235601771]]]}}, {"type": "Feature", "properties": {"codigo": "Ee1", "capa_cad": "Ee1", "lamina": "edificacion"}, "geometry": {"type": "Polygon", "coordinates": [[[-70.50474577573661, -33.39262629410702], [-70.5048242081226, -33.392814515870725], [-70.50509165959632, -33.39306350246971], [-70.50513196322163, -33.39322065769926], [-70.50532478721765, -33.393502077852965], [-70.50529046170092, -33.393691667255396], [-70.50506657198206, -33.393788969824776], [-70.5048443118253, -33.39398083871076], [-70.50481161516797, -33.394264994705885], [-70.50496631013691, -33.39451534897489], [-70.50496902721758, -33.3946729601294], [-70.50482085229142, -33.394800872673805], [-70.50478869871846, -33.39511655086811], [-70.5050223741908, -33.3955866487946], [-70.50513731064564, -33.395711369774766], [-70.50525550871387, -33.39602522395651], [-70.50552242793405, -33.39624268697632], [-70.50582421752, -33.396302082128116], [-70.50601813858295, -33.39664654522788], [-70.50610256025922, -33.397181510115146], [-70.50626052802689, -33.39762099559511], [-70.50626814334396, -33.39806230633311], [-70.5063874369716, -33.39843920350081], [-70.50644243478686, -33.399447457094034], [-70.50603058605718, -33.39954704370869], [-70.50569500235349, -33.399708760980786], [-70.50543242126572, -33.3997434763481], [-70.50524664939874, -33.399871845645954], [-70.50483588412216, -33.40003447278833], [-70.50438644114615, -33.40013451000948], [-70.50397241389827, -33.400108001075175], [-70.5039304792174, -33.39985627901137], [-70.50400185568586, -33.39963471210961], [-70.50395611916613, -33.399162334481], [-70.50406302210332, -33.39663873354461], [-70.50417307012061, -33.39647975530425], [-70.50416872480265, -33.39622757743624], [-70.50412950758403, -33.39613346642843], [-70.50393885350289, -33.395978133543345], [-70.50370518265349, -33.39550803347021], [-70.50351453071221, -33.395352699858364], [-70.50347477173082, -33.395227066350905], [-70.50316864504936, -33.39491548728666], [-70.50305208424474, -33.39469619758505], [-70.5026702443646, -33.39435400556898], [-70.5026304870999, -33.3942283717246], [-70.50221106413647, -33.393886633369746], [-70.50209504953912, -33.393698864904565], [-70.50209233774616, -33.3935412535171], [-70.50242736277902, -33.39334802403965], [-70.50257716652159, -33.39331468111322], [-70.50272534240615, -33.39318677119799], [-70.5033970138105, -33.392894874875545], [-70.503811006654, -33.39292138672325], [-70.50399839542003, -33.39288758655342], [-70.5041841547399, -33.39275921935039], [-70.5045578446338, -33.39262857313668], [-70.50474577573661, -33.39262629410702]]]}}, {"type": "Feature", "properties": {"codigo": "Ee1", "capa_cad": "Ee1", "lamina": "edificacion"}, "geometry": {"type": "Polygon", "coordinates": [[[-70.61683942673922, -33.390018140173495], [-70.6169897590754, -33.390016181087276], [-70.61702792592477, -33.390047211855844], [-70.6170655090192, -33.39004672204389], [-70.61710367590834, -33.390077752787796], [-70.61717884211973, -33.39007677310586], [-70.61729334302568, -33.39016986518954], [-70.61733092616794, -33.390169375295635], [-70.61736909320345, -33.390200405952804], [-70.61744425951055, -33.39019942610695], [-70.61748242659846, -33.390230456727494], [-70.61755759292718, -33.39022947681222], [-70.6176720944294, -33.390322568525875], [-70.61770967763034, -33.39032207851531], [-70.61774784486461, -33.39035310904915], [-70.61782301128905, -33.390352128969965], [-70.61789934588948, -33.390414189951656], [-70.61790226635443, -33.39057179271467], [-70.61779126860513, -33.390667824557895], [-70.61779243672161, -33.39073086566441], [-70.61775543739233, -33.39076287625889], [-70.61775718953594, -33.39085743791862], [-70.61764619127166, -33.39095346964353], [-70.6176467752834, -33.39098499019766], [-70.61746177757087, -33.39114504286703], [-70.61746236152031, -33.39117656342307], [-70.61727736306682, -33.39133661583506], [-70.61727853084196, -33.39139965695077], [-70.61724153104466, -33.39143166740286], [-70.61724269879812, -33.39149470851874], [-70.6170923639356, -33.39149666798759], [-70.61697786143498, -33.391403575783464], [-70.616940277755, -33.391404065586364], [-70.61690211032165, -33.39137303481428], [-70.61682694298428, -33.391374014362036], [-70.61671244092275, -33.39128092189777], [-70.61667485729065, -33.391281411618706], [-70.61663669000366, -33.39125038075991], [-70.61659910638329, -33.39125087045752], [-70.61656093913606, -33.39121983957404], [-70.61648577191788, -33.39122081891121], [-70.61637127041473, -33.39112772611279], [-70.61633368684221, -33.39112821572844], [-70.61629551974136, -33.391097184758245], [-70.61622035261888, -33.391098163931495], [-70.61614401854908, -33.39103610190516], [-70.61614110120571, -33.390878499017], [-70.61625210109176, -33.39078246859085], [-70.61625151758787, -33.39075094801395], [-70.61632551735106, -33.39068692767878], [-70.61632435029543, -33.39062388652613], [-70.61636135011106, -33.390591876343805], [-70.61635959949649, -33.39049731461478], [-70.61650759833624, -33.39036927378668], [-70.61650701474927, -33.39033775321165], [-70.6166920126258, -33.39017770194507], [-70.61669142897652, -33.39014618137193], [-70.61683942673922, -33.390018140173495]]]}}, {"type": "Feature", "properties": {"codigo": "Ee1", "capa_cad": "Ee1", "lamina": "edificacion"}, "geometry": {"type": "Polygon", "coordinates": [[[-70.53230174391884, -33.3904603796251], [-70.53256483753621, -33.39045713027167], [-70.53256594412156, -33.39052017396745], [-70.53275663506102, -33.39067546187662], [-70.53275718842707, -33.39070698372065], [-70.53294788011641, -33.390862271309935], [-70.5329484335554, -33.390893793150205], [-70.53302471044977, -33.39095590809592], [-70.53302526391846, -33.39098742993457], [-70.53321595670091, -33.39114271707387], [-70.53321651024255, -33.39117423890875], [-70.53340720377491, -33.39132952572814], [-70.53340831100499, -33.39139256939018], [-70.53348514231055, -33.39148620585582], [-70.53349178611967, -33.391864467794534], [-70.53352992517799, -33.39189552508434], [-70.5335321398663, -33.39202161238897], [-70.53349510807078, -33.39205359875479], [-70.53345752260017, -33.3920540632835], [-70.53342049076312, -33.39208604962807], [-70.53338290527725, -33.39208651413459], [-70.53316071359906, -33.3922784319178], [-70.53289761456814, -33.392281682690225], [-70.53285947555263, -33.39225062520627], [-70.53278430441857, -33.392251553872136], [-70.53278375101031, -33.392220032036356], [-70.5324786401807, -33.3919715715126], [-70.53244105472751, -33.39197203573247], [-70.53240291600851, -33.39194097809816], [-70.53232774512492, -33.391941906479914], [-70.53228960645843, -33.39191084880907], [-70.53221443559679, -33.39191177712146], [-70.5321762969828, -33.391880719414104], [-70.5321011261431, -33.39188164765712], [-70.53206298758161, -33.39185058991327], [-70.53198781676387, -33.391851518086916], [-70.53191153977303, -33.39178940251353], [-70.53187395438826, -33.391789866559435], [-70.53176009217101, -33.39172821492224], [-70.53160975072142, -33.39173007085113], [-70.53145719758672, -33.39160583916503], [-70.53141961227294, -33.39160630307109], [-70.53138147406975, -33.39157524510601], [-70.53123113285685, -33.391577100568774], [-70.53122836869807, -33.391419491256386], [-70.53130243345896, -33.39135551982935], [-70.53130188060439, -33.391323997967135], [-70.53137594523145, -33.39126002649912], [-70.5314511155616, -33.39125909871053], [-70.53148814780562, -33.3912271129392], [-70.53152573295499, -33.39122664901701], [-70.53182198981571, -33.39097076238395], [-70.53182143678168, -33.39093924052745], [-70.53193253261901, -33.390843282868936], [-70.53193197954775, -33.390811761013424], [-70.53211713867086, -33.39065183137568], [-70.532116585537, -33.3906203095219], [-70.53230174391884, -33.3904603796251]]]}}, {"type": "Feature", "properties": {"codigo": "Ee1", "capa_cad": "Ee1", "lamina": "edificacion"}, "geometry": {"type": "Polygon", "coordinates": [[[-70.59600500614808, -33.38956273485971], [-70.59615533923855, -33.38956080103356], [-70.59619349874703, -33.389591838441994], [-70.59634383187375, -33.38958990438604], [-70.59638199145998, -33.38962094173398], [-70.59645715804328, -33.38961997461385], [-70.59649531768191, -33.3896510119252], [-70.5966080675881, -33.38964956112384], [-70.5966462272918, -33.389680598386626], [-70.5967965605381, -33.389678663777765], [-70.59683472031955, -33.38970970098005], [-70.59690988696262, -33.38970873358347], [-70.5969480467965, -33.389739770749166], [-70.59698563012934, -33.38973928702186], [-70.59698851277896, -33.38989689142168], [-70.59695150589741, -33.3899288960319], [-70.59695265893824, -33.389991937791464], [-70.59691565200426, -33.39002394239209], [-70.59691738153424, -33.390118505031374], [-70.5968803745352, -33.39015050962284], [-70.59688152753436, -33.39021355138234], [-70.59684452048289, -33.39024555596423], [-70.5968462499504, -33.39034011860342], [-70.59680924283384, -33.390372123176135], [-70.59681154875244, -33.3904982066943], [-70.59670052708825, -33.39059422035497], [-70.59670167997699, -33.390657262115475], [-70.59666467267604, -33.390689266649055], [-70.59666870772632, -33.390909912808375], [-70.59659469286592, -33.39097392185006], [-70.59659584569486, -33.39103696360996], [-70.59655883819869, -33.39106896811602], [-70.59656287303967, -33.39128961427321], [-70.59652586542776, -33.391321618771734], [-70.59653047662718, -33.39157378580164], [-70.59645646111953, -33.391637794773985], [-70.59645761387772, -33.3917008365314], [-70.59642060605792, -33.3917328410028], [-70.59642233516395, -33.39182740363886], [-70.59638532727905, -33.391859408101084], [-70.59638647999559, -33.39192244985843], [-70.59634947205826, -33.39195445431107], [-70.59635120110181, -33.39204901694703], [-70.5963141930994, -33.3920810213905], [-70.59616385568224, -33.39208295553735], [-70.59615982172801, -33.39186230936543], [-70.59619682969962, -33.391830304968], [-70.59618818547011, -33.39135749172064], [-70.59622519322474, -33.39132548731893], [-70.59622404065074, -33.391262445550545], [-70.59626104835294, -33.39123044113926], [-70.59625931946069, -33.391135878486644], [-70.5962963270978, -33.39110387406617], [-70.59629402187007, -33.39097779052861], [-70.59633102942945, -33.39094578609935], [-70.59632296106818, -33.39050449370225], [-70.59628480110264, -33.39047345635128], [-70.59628134337406, -33.39028433102361], [-70.59624318352233, -33.390253293655476], [-70.59624203098221, -33.39019025187674], [-70.5962038711865, -33.39015921449441], [-70.59620271867888, -33.39009617271351], [-70.59616455893918, -33.390065135316995], [-70.59616340646404, -33.390002093533944], [-70.59612524678035, -33.38997105612323], [-70.59612467055857, -33.389939535230695], [-70.59604835130142, -33.38987746036973], [-70.59604719891837, -33.389814418581174], [-70.59600903935934, -33.38978338113015], [-70.59600500614808, -33.38956273485971]]]}}, {"type": "Feature", "properties": {"codigo": "Ee1", "capa_cad": "Ee1", "lamina": "edificacion"}, "geometry": {"type": "Polygon", "coordinates": [[[-70.50914552721251, -33.39052348438196], [-70.50914607205316, -33.390555006572804], [-70.50918420215856, -33.39058607161511], [-70.50918529187119, -33.390649115994876], [-70.50945220356992, -33.390866570927294], [-70.50945329348762, -33.390929615296415], [-70.50949142386756, -33.390960680234805], [-70.50949196884208, -33.390992202418396], [-70.50953009926354, -33.39102326734343], [-70.50953118924394, -33.3910863117087], [-70.50956931972132, -33.39111737661967], [-70.50957040973393, -33.391180420982835], [-70.50960854026722, -33.39121148587975], [-70.5096090852892, -33.391243008060364], [-70.50968534646597, -33.391305137814875], [-70.50968643657009, -33.39136818217274], [-70.50972456722796, -33.391399247029625], [-70.5097251122957, -33.3914307692076], [-70.50976324299509, -33.39146183405114], [-70.50976378807809, -33.39149335622823], [-70.50995444205377, -33.39164868025279], [-70.50995771300173, -33.39183781329043], [-70.50984495563144, -33.391839185449385], [-70.50980791494639, -33.39187116498747], [-70.5097703291402, -33.3918716223402], [-70.50969624765992, -33.39193558136335], [-70.50962107598735, -33.391936495991345], [-70.50958403517774, -33.39196847546557], [-70.50954644932577, -33.39196893275166], [-70.50950940847463, -33.39200091220459], [-70.50939665087043, -33.392002283962114], [-70.50935960994896, -33.39203426337209], [-70.50928443817976, -33.39203517779855], [-70.50924739720236, -33.39206715717641], [-70.50920981130207, -33.39206761436174], [-70.5091357292371, -33.3921315730644], [-70.50906055737639, -33.39213248735759], [-70.50902351627441, -33.392164466671574], [-70.50898593032838, -33.39216492379027], [-70.50891184801426, -33.392228882365195], [-70.50876150410639, -33.392230710639545], [-70.50853272030123, -33.39204431956009], [-70.50853163100206, -33.391981275175546], [-70.50849350049157, -33.391950209950004], [-70.5084924112246, -33.39188716556335], [-70.50845428077004, -33.39185610032374], [-70.50845373615223, -33.391824578129444], [-70.50841560573919, -33.391793512876504], [-70.50841451653493, -33.391730468486], [-70.50837638617782, -33.391699403218986], [-70.50837584159136, -33.39166788102276], [-70.5082995809873, -33.39160575044941], [-70.5082990364305, -33.391574228251606], [-70.50810838546687, -33.39141890159358], [-70.50810729649986, -33.39135585719034], [-70.50806916641729, -33.391324791819414], [-70.50806807748246, -33.39126174741407], [-70.50802994745582, -33.39123068202908], [-70.5080294030041, -33.39119915982545], [-70.50799127301896, -33.391168094427115], [-70.50798800641282, -33.3909789611975], [-70.50806317731777, -33.39097804758169], [-70.50810021829692, -33.39094606855283], [-70.50813780373373, -33.39094561171703], [-70.50821188558187, -33.39088165360626], [-70.50828705639532, -33.390880739857195], [-70.5083240972499, -33.39084876076447], [-70.50836168264097, -33.390848303862036], [-70.50847280499883, -33.3907523664886], [-70.50854797569195, -33.39075145258461], [-70.50858501639486, -33.39071947341754], [-70.50862260172575, -33.39071901643764], [-70.50869668302143, -33.39065505805048], [-70.50877185362303, -33.390654144013226], [-70.5088088942014, -33.39062216478229], [-70.50884647948651, -33.39062170773577], [-70.50895760101571, -33.39052576994773], [-70.50914552721251, -33.39052348438196]]]}}, {"type": "Feature", "properties": {"codigo": "Ee1", "capa_cad": "Ee1", "lamina": "edificacion"}, "geometry": {"type": "Polygon", "coordinates": [[[-70.54520911001397, -33.38907069277994], [-70.54535944592409, -33.38906882050781], [-70.54539758779391, -33.38909987407608], [-70.54554792374087, -33.38909800157421], [-70.54558606568854, -33.389129055082115], [-70.5456612336822, -33.38912811873906], [-70.54585138589175, -33.38925186431223], [-70.54607744829471, -33.38928057630909], [-70.54619187501152, -33.38937373628052], [-70.54634276961548, -33.38940338445214], [-70.54638091197378, -33.389434437702164], [-70.54645608020202, -33.389433500870176], [-70.54664623417142, -33.38955724516743], [-70.54672140249592, -33.38955630817172], [-70.54675954505322, -33.38958736129878], [-70.54690988174254, -33.38958548712311], [-70.54706245244577, -33.38970969931379], [-70.54717576365566, -33.3897398150544], [-70.5472520492749, -33.38980192100072], [-70.54740350356688, -33.38986308948001], [-70.54755384068504, -33.38986121451069], [-70.54766826970823, -33.38995437304444], [-70.54789489321718, -33.3900146032803], [-70.54786177932327, -33.39026724512631], [-70.54775070228713, -33.390363216535434], [-70.54771647035642, -33.39055281509999], [-70.54764353615859, -33.39067983921697], [-70.54764521237945, -33.3907744040857], [-70.54753413447473, -33.3908703753188], [-70.54749934322263, -33.39102845220448], [-70.547388823497, -33.39115594494171], [-70.54735403188742, -33.39131402179049], [-70.54724351159976, -33.39144151440914], [-70.54720871963269, -33.391599591221], [-70.54709764021905, -33.391695562095], [-70.5470634064584, -33.39188516049599], [-70.54687883159947, -33.39207663332919], [-70.54684403876168, -33.39223471004947], [-70.54640083153079, -33.39268163504071], [-70.5462504894753, -33.39268350875242], [-70.54598348358006, -33.39246613584228], [-70.54594589815282, -33.392466604158216], [-70.54594533998919, -33.39243508251876], [-70.54560204889152, -33.39215560203733], [-70.54560149085859, -33.39212408039116], [-70.54529634517533, -33.39187565242986], [-70.54525875999005, -33.39187612053042], [-70.54522005902564, -33.391813545312914], [-70.54491491551143, -33.391565116338796], [-70.54476401755437, -33.3915354665338], [-70.54457386171109, -33.39141171943648], [-70.54442352171209, -33.39141359087241], [-70.54438537913188, -33.3913825370349], [-70.54438091853685, -33.39113036368451], [-70.54445385791067, -33.391003341347286], [-70.54445218513092, -33.39090877633943], [-70.54452512422735, -33.39078175396423], [-70.54452345138449, -33.390687188956164], [-70.54456047844505, -33.390655199423804], [-70.54459527493199, -33.39049712320433], [-70.5447063557174, -33.390401154518], [-70.5447405941743, -33.390211556593165], [-70.54481353230297, -33.390084534063455], [-70.54481185919207, -33.389989969057616], [-70.54488591249702, -33.389925989826445], [-70.54488479704335, -33.389862946489934], [-70.54492182362978, -33.38983095685948], [-70.54492070815421, -33.38976791352308], [-70.54499364567214, -33.38964089089689], [-70.54499197239437, -33.38954632589235], [-70.54502899881066, -33.38951433623332], [-70.54506379407349, -33.38935625989187], [-70.54517431510865, -33.389228769158315], [-70.54520911001397, -33.38907069277994]]]}}, {"type": "Feature", "properties": {"codigo": "Ee1", "capa_cad": "Ee1", "lamina": "edificacion"}, "geometry": {"type": "Polygon", "coordinates": [[[-70.60508267033352, -33.38645045201547], [-70.60508498785177, -33.386576535102904], [-70.60504798539709, -33.38660854201444], [-70.60504914413633, -33.386671583557956], [-70.60497513909506, -33.386735597351525], [-70.60497571844074, -33.38676711812384], [-70.6049387158668, -33.38679912500547], [-70.60493987453555, -33.38686216655043], [-70.6049028719092, -33.386894173422476], [-70.60490403055626, -33.38695721496757], [-70.6047930224387, -33.387053235523865], [-70.60479360172563, -33.38708475629739], [-70.60475659895292, -33.387116763129114], [-70.6045686886367, -33.38711919325039], [-70.60456753022456, -33.38705615169657], [-70.60452936899455, -33.38702511690781], [-70.60452821061493, -33.3869620753518], [-70.60445188829404, -33.38690000573318], [-70.60444841335024, -33.386710881052146], [-70.60455942144058, -33.38661486080083], [-70.6045582630573, -33.38655181924159], [-70.60459526567458, -33.38651981247121], [-70.60459352806845, -33.3864252501323], [-70.60463053062068, -33.38639324335274], [-70.60489360286262, -33.386389841037264], [-70.60493176393007, -33.38642087572148], [-70.60500692744495, -33.38641990350508], [-70.60504508856478, -33.38645093815268], [-70.60508267033352, -33.38645045201547]]]}}, {"type": "Feature", "properties": {"codigo": "Ee1", "capa_cad": "Ee1", "lamina": "edificacion"}, "geometry": {"type": "Polygon", "coordinates": [[[-70.53483525219026, -33.387023969079486], [-70.53513591841937, -33.38702024968563], [-70.53536474344381, -33.38720659060478], [-70.5353652976783, -33.38723811242789], [-70.53567039934421, -33.38748656627253], [-70.5357079828102, -33.38748610112956], [-70.53570909153954, -33.38754914476264], [-70.53582350523611, -33.3876423147055], [-70.53582627729084, -33.38779992377442], [-70.53571518961266, -33.38789588473256], [-70.53571574398813, -33.387927406546986], [-70.53556762665362, -33.38805535434658], [-70.53526695692219, -33.38805907488761], [-70.53526640270593, -33.3880275530672], [-70.535075713434, -33.38787226891448], [-70.53507515929068, -33.387840747090294], [-70.53457937054273, -33.38743700680367], [-70.53457660077618, -33.38727939763328], [-70.53476174766432, -33.387119464312676], [-70.53476119365014, -33.387087942480015], [-70.53483525219026, -33.387023969079486]]]}}, {"type": "Feature", "properties": {"codigo": "Ee1", "capa_cad": "Ee1", "lamina": "edificacion"}, "geometry": {"type": "Polygon", "coordinates": [[[-70.6022923631278, -33.38598206238787], [-70.60233052312005, -33.38601309790721], [-70.60240568637988, -33.38601212727653], [-70.60244384642455, -33.386043162759265], [-70.60248142806576, -33.38604267741491], [-70.60248374179336, -33.38616876067144], [-70.60244673851854, -33.386200766832374], [-70.60244789536243, -33.38626380846045], [-70.60237388868087, -33.38632782075282], [-70.60237446707886, -33.386359341567406], [-70.60233746368479, -33.38639134769841], [-70.60233862045817, -33.386454389327916], [-70.60230161701168, -33.38648639544936], [-70.60230508727757, -33.38667552033625], [-70.60234324758775, -33.38670655583914], [-70.60234440437917, -33.38676959746526], [-70.60261152751175, -33.38698684561953], [-70.60261384151, -33.387112928848815], [-70.60257683789901, -33.3871449350544], [-70.6025785733692, -33.38723949747582], [-70.6024675622597, -33.38733551603394], [-70.60246871916843, -33.387398557649824], [-70.60243171538573, -33.38743056381592], [-70.60243345071761, -33.38752512623969], [-70.60232243909307, -33.38762114467931], [-70.60232359590958, -33.38768418629676], [-70.60228659195522, -33.38771619242333], [-70.60228717035218, -33.38774771323222], [-70.60202409368434, -33.387751110144535], [-70.60198593301106, -33.38772007455871], [-70.60183560351737, -33.38772201535342], [-70.60179744292184, -33.3876909797071], [-70.60172227819488, -33.38769195001231], [-70.60160779664679, -33.387598842925456], [-70.60157021431993, -33.387599328025146], [-70.60153205387076, -33.38756829229217], [-70.60145688923963, -33.38756926243352], [-70.60141872884286, -33.38753822666394], [-70.60134356423345, -33.387539196735894], [-70.60134067398322, -33.38738159261167], [-70.60145168643142, -33.38728557502398], [-70.60145053026172, -33.38722253337555], [-70.6014875343316, -33.38719052749302], [-70.60148580004582, -33.387095965020336], [-70.60152280405065, -33.38706395912865], [-70.60152164783933, -33.38700091748016], [-70.60155865179175, -33.3869689115789], [-70.60155691744356, -33.38687434910614], [-70.60166792902432, -33.386778331343706], [-70.60166677272078, -33.386715289696795], [-70.60170377650152, -33.38668328375602], [-70.601702042015, -33.38658872128561], [-70.60181305308073, -33.386492703404656], [-70.60181189668499, -33.38642966175931], [-70.60184890029406, -33.38639765577903], [-70.60184716566923, -33.38630309331099], [-70.60195817621995, -33.3862070753115], [-70.60195701973198, -33.38614403366775], [-70.60199402316938, -33.386112027647954], [-70.60199228840624, -33.38601746518228], [-70.60202929177856, -33.385985459153325], [-70.6022923631278, -33.38598206238787]]]}}, {"type": "Feature", "properties": {"codigo": "Ee1", "capa_cad": "Ee1", "lamina": "edificacion"}, "geometry": {"type": "Polygon", "coordinates": [[[-70.51286398286864, -33.38382562245147], [-70.51293914744818, -33.38382470605486], [-70.51308783822614, -33.38372830662166], [-70.51323816719884, -33.383726473516525], [-70.513387403698, -33.38366159590163], [-70.5135753147422, -33.38365930404227], [-70.51368970037485, -33.38375249526848], [-70.51395386893925, -33.38381233024775], [-70.51414396628277, -33.383936126129534], [-70.51440758907641, -33.38396443796778], [-70.51459768737519, -33.3840882331239], [-70.51482372835704, -33.38411700276975], [-70.51493811589523, -33.384210192783705], [-70.51505140999257, -33.38424033841064], [-70.51516579793221, -33.38433352820148], [-70.51531667474123, -33.38436321468277], [-70.51546919263438, -33.38448746736672], [-70.51550677516401, -33.38448700837727], [-70.51569851737153, -33.38470536813871], [-70.51634617893606, -33.38520191637609], [-70.51653573522961, -33.38529418627433], [-70.51653628262909, -33.38532570838403], [-70.51672693432809, -33.3854810221892], [-70.5167280292737, -33.385544066400946], [-70.51684296822208, -33.3856687766316], [-70.5168440632592, -33.38573182083805], [-70.51688219383367, -33.385762883519696], [-70.51688931184538, -33.386172670836], [-70.51677820466693, -33.386268615391906], [-70.51670851295754, -33.386584755187954], [-70.51663553598536, -33.386711762339814], [-70.51663717838274, -33.38680632864244], [-70.51597271422514, -33.38750808176738], [-70.5157096274575, -33.387511295697784], [-70.51555819795918, -33.387450087753315], [-70.51525698052389, -33.38742223764377], [-70.51521884975921, -33.38739117447474], [-70.51469267670268, -33.3873975985624], [-70.51465454614295, -33.38736653521384], [-70.51363923729465, -33.38734739576593], [-70.51345022566638, -33.38728664365549], [-70.51329989058125, -33.38728847718929], [-70.51318167698099, -33.386974630726506], [-70.51291476860071, -33.38675718361327], [-70.51287445451428, -33.3866000310644], [-70.512759519808, -33.38647531704963], [-70.51271975219291, -33.386349686592055], [-70.51252910541692, -33.386194366502004], [-70.51248933827458, -33.38606873595212], [-70.51237440483399, -33.38594402153503], [-70.5123705834791, -33.38572336636038], [-70.51225455895822, -33.38553560746723], [-70.51228013300175, -33.38484166164691], [-70.51246477116557, -33.38465023836089], [-70.51249907825165, -33.38446064724457], [-70.51260800421895, -33.38423861773783], [-70.51260582038655, -33.38411252904655], [-70.51286398286864, -33.38382562245147]]]}}, {"type": "Feature", "properties": {"codigo": "Ee1", "capa_cad": "Ee1", "lamina": "edificacion"}, "geometry": {"type": "Polygon", "coordinates": [[[-70.53104873814969, -33.38331883062061], [-70.53119906516139, -33.38331697578202], [-70.53119961781097, -33.383348497686484], [-70.53139029022357, -33.38350378838551], [-70.53139084294607, -33.38353531028619], [-70.53158151610829, -33.38369060066545], [-70.53158206890372, -33.38372212256236], [-70.53181087767923, -33.383908470595834], [-70.53181198344559, -33.38397151438049], [-70.53185011836521, -33.38400257234035], [-70.5318506712641, -33.384034094231716], [-70.5320032112712, -33.38415832594185], [-70.53200763495448, -33.38441050104356], [-70.53204577013932, -33.384441558933716], [-70.53204687609757, -33.38450460270602], [-70.53216128190117, -33.38459777629625], [-70.53216183492484, -33.38462929817999], [-70.53235251187832, -33.38478458724048], [-70.53235527736985, -33.384942196638626], [-70.53228011250799, -33.38494312482053], [-70.532243083136, -33.38497511077521], [-70.53220550068936, -33.38497557483828], [-70.53198332380173, -33.38516749028219], [-70.53198387677311, -33.38519901216567], [-70.53187278792528, -33.38529496974788], [-70.53187334085946, -33.38532649163232], [-70.53176225172962, -33.385422449121734], [-70.53161192113419, -33.38542430474526], [-70.53153565020261, -33.385362188710765], [-70.53149806757699, -33.38536265256435], [-70.53145993216455, -33.38533159451622], [-70.53142234955077, -33.385332058346506], [-70.53142179677921, -33.38530053645544], [-70.53111671467231, -33.38505207151383], [-70.53107913217274, -33.38505253523678], [-70.53104099704404, -33.385021477050245], [-70.5309658320677, -33.38502240443817], [-70.53092769699148, -33.38499134621512], [-70.5308525320371, -33.384992273533705], [-70.53085197947831, -33.38496075163249], [-70.53027995718458, -33.38449487640073], [-70.53027940484283, -33.384463354488545], [-70.53008873217217, -33.38430806210871], [-70.53008597083662, -33.384150452527244], [-70.53023409007736, -33.38402251115475], [-70.53023353776204, -33.383990989239486], [-70.53041868613967, -33.3838310622909], [-70.53041813376177, -33.38379954037739], [-70.53056625192521, -33.38367159863216], [-70.53064141575328, -33.383670671519184], [-70.53067844519757, -33.38363868603515], [-70.53071602709589, -33.38363822245078], [-70.53093820310595, -33.383446309262375], [-70.53093765054864, -33.383414787354575], [-70.53104873814969, -33.38331883062061]]]}}, {"type": "Feature", "properties": {"codigo": "Ee1", "capa_cad": "Ee1", "lamina": "edificacion"}, "geometry": {"type": "Polygon", "coordinates": [[[-70.51007848487492, -33.379256337961515], [-70.5100806646577, -33.379382426898815], [-70.50996955809515, -33.37947836542574], [-70.50997064791544, -33.37954140989564], [-70.50993361231498, -33.37957338938447], [-70.50993524701366, -33.37966795608917], [-70.50982413993539, -33.37976389449634], [-70.50982468479855, -33.37979541673204], [-70.50975061325214, -33.379859375618636], [-70.50975170293017, -33.37992242009102], [-70.50971466709093, -33.37995439951939], [-70.50971575674696, -33.380017443991875], [-70.5096787208552, -33.38004942341053], [-70.50941565578411, -33.38005262337097], [-70.50937753034894, -33.38002155822181], [-70.50930236891783, -33.380022472370044], [-70.50926424353516, -33.379991407184406], [-70.50918908212606, -33.3799923212633], [-70.50907470621684, -33.37989912555914], [-70.50903712554911, -33.37989958254579], [-70.50903658096796, -33.37986806029917], [-70.50846470548667, -33.379402079884066], [-70.50842712502218, -33.37940253668004], [-70.50842494762405, -33.379276447646966], [-70.51007848487492, -33.379256337961515]]]}}, {"type": "Feature", "properties": {"codigo": "Ee2", "capa_cad": "Ee2", "lamina": "edificacion"}, "geometry": {"type": "Polygon", "coordinates": [[[-70.59459488931542, -33.41937505783931], [-70.59485806226547, -33.41937167386059], [-70.59489508197733, -33.419339669627625], [-70.59504546644258, -33.41933773563172], [-70.59508248606942, -33.41930573134509], [-70.59512008216902, -33.41930524780683], [-70.59541623809054, -33.419049213052666], [-70.59560421799621, -33.41904679475807], [-70.59564239065834, -33.41907783181689], [-70.59567998664944, -33.41907734811185], [-70.59590902326826, -33.41926357012613], [-70.59590960005323, -33.419295090872815], [-70.59602411877253, -33.41938820170616], [-70.596025272432, -33.41945124319457], [-70.59640700355037, -33.419761611798094], [-70.59640758052616, -33.41979313253459], [-70.59652210043446, -33.41988624286559], [-70.59652267745457, -33.419917763599685], [-70.59659902422479, -33.41997983708865], [-70.59659960127475, -33.42001135782108], [-70.59690498955732, -33.420259651262604], [-70.59690556672395, -33.420291171988914], [-70.59721153414311, -33.420570985331246], [-70.59721326599843, -33.420665547490735], [-70.59725143994548, -33.420696584008326], [-70.59725259454912, -33.42075962544566], [-70.59729076855227, -33.420790661949056], [-70.59729307782824, -33.420916744818705], [-70.59718201940701, -33.42101275959215], [-70.59706980625376, -33.42104573283257], [-70.59673605189066, -33.421302255579135], [-70.59594651615853, -33.42131241830908], [-70.59590834238017, -33.42128138138688], [-70.59538198518283, -33.421288153582466], [-70.59530563806253, -33.42122607936496], [-70.59526804113847, -33.421226562983875], [-70.59522986763172, -33.42119552584409], [-70.59515467380629, -33.42119649302382], [-70.59504015352499, -33.42110338145644], [-70.59500255664896, -33.421103864993334], [-70.59500140365634, -33.42104082349031], [-70.59473419090824, -33.420823562627454], [-70.5946208242695, -33.42079349215639], [-70.59458265118086, -33.4207624548028], [-70.59458207484329, -33.42073093404318], [-70.59435303696849, -33.42054470965031], [-70.59431544032064, -33.42054519297185], [-70.5942772674492, -33.4205141555166], [-70.5942020741762, -33.42051512210159], [-70.59420149798154, -33.420483601334865], [-70.593972461562, -33.42029737618845], [-70.59396958103633, -33.42013977232995], [-70.59422814681898, -33.419884223459576], [-70.59426401457463, -33.41978917786548], [-70.5943380547639, -33.41972516972458], [-70.59433690231172, -33.419662128187106], [-70.59459546562799, -33.419406578605646], [-70.59459488931542, -33.41937505783931]]]}}, {"type": "Feature", "properties": {"codigo": "Ee2", "capa_cad": "Ee2", "lamina": "edificacion"}, "geometry": {"type": "Polygon", "coordinates": [[[-70.5760200267314, -33.41324377250789], [-70.5762079958968, -33.4132413839691], [-70.57632191654062, -33.41330299286246], [-70.57643469810266, -33.41330155949668], [-70.57651102510074, -33.41336364600946], [-70.57696557045523, -33.41354703763038], [-70.57726689194274, -33.41357473456988], [-70.57741897770087, -33.413667385408246], [-70.57753175967426, -33.41366595103144], [-70.57802447288702, -33.413880381552154], [-70.57813725510276, -33.413878946616876], [-70.5782511778872, -33.41394055366725], [-70.57832636607554, -33.413939596916215], [-70.57847845355752, -33.414032246398165], [-70.57859123594486, -33.41403081104446], [-70.57870515923544, -33.41409241766105], [-70.57893129467138, -33.41412106746716], [-70.57904521830973, -33.41418267375993], [-70.5791204066779, -33.414181716521576], [-70.5791226891188, -33.41430780063799], [-70.57904864181356, -33.41437179994038], [-70.57901390042313, -33.414529883694456], [-70.57890282902808, -33.41462588254347], [-70.57890397010877, -33.41468892460413], [-70.57879289839333, -33.4147849233618], [-70.57879403940147, -33.41484796542418], [-70.57860948964806, -33.41503948418223], [-70.57857417680809, -33.415166046795406], [-70.57831557719342, -33.41542156414687], [-70.57831671788422, -33.41548460621728], [-70.57824266900418, -33.41554860507335], [-70.5782438096478, -33.4156116471447], [-70.57805925710558, -33.415803165144006], [-70.57802394319751, -33.415929727617964], [-70.57791286895697, -33.416025725643664], [-70.57783995970276, -33.41615276635348], [-70.57753919922867, -33.41615659212785], [-70.5774252739596, -33.4160949845147], [-70.57731248884062, -33.41609641888631], [-70.57719856380344, -33.41603481105731], [-70.57708577874989, -33.416036245220546], [-70.57689552426746, -33.41591255104834], [-70.57659419475141, -33.41588485344987], [-70.57651786541473, -33.41582276707902], [-70.57629058691104, -33.41573107085638], [-70.57621539710509, -33.41573202641865], [-70.57610147328776, -33.41567041754149], [-70.57587533452742, -33.41564176267201], [-70.57576141105791, -33.415580153471026], [-70.575648626514, -33.415581586310594], [-70.57530742653384, -33.41542827881131], [-70.57515704736906, -33.415430188683374], [-70.57508128860535, -33.41539962246654], [-70.57507787356782, -33.41521049595574], [-70.57511489908372, -33.4151784974464], [-70.57514964779702, -33.41502041458591], [-70.5752231293746, -33.41492489643353], [-70.57522199094323, -33.414861854263414], [-70.5753695227894, -33.41470233892428], [-70.57540370161102, -33.41451273491567], [-70.57551363822957, -33.4143536969242], [-70.57551249961293, -33.4142906547571], [-70.57562186642268, -33.41410009559476], [-70.57562015839821, -33.41400553234491], [-70.57576768811292, -33.41384601657461], [-70.57583832100094, -33.41359289267786], [-70.57591180066954, -33.41349737415352], [-70.57591066180223, -33.4134343319898], [-70.57598471072114, -33.413370334507796], [-70.5760200267314, -33.41324377250789]]]}}, {"type": "Feature", "properties": {"codigo": "Ee2", "capa_cad": "Ee2", "lamina": "edificacion"}, "geometry": {"type": "Polygon", "coordinates": [[[-70.5365905088363, -33.40986049550971], [-70.536628657086, -33.40989155150327], [-70.53666625018123, -33.409891085795685], [-70.53678013990722, -33.40995273197809], [-70.53689291926133, -33.40995133468122], [-70.53693106765597, -33.4099823905771], [-70.53708144016684, -33.40998052730747], [-70.53711958863946, -33.410011583142925], [-70.53723236805163, -33.41001018553535], [-70.53730866515446, -33.41007229709664], [-70.53734625831554, -33.410071831180794], [-70.53738440692035, -33.41010288693051], [-70.53742200009326, -33.410102420991336], [-70.53742588832476, -33.41032307272132], [-70.53738885050839, -33.41035506033996], [-70.53738996141405, -33.410418103690624], [-70.53735292354511, -33.41045009129959], [-70.53735403442883, -33.41051313465036], [-70.53727995855876, -33.410577109838506], [-70.53728106939509, -33.41064015319014], [-70.53724403139394, -33.41067214076932], [-70.53724569761683, -33.41076670579669], [-70.53717217684081, -33.41086220260224], [-70.5371732876113, -33.41092524595418], [-70.53709921126655, -33.41098922104405], [-70.53710032198967, -33.411052264396844], [-70.53706328375118, -33.41108425192688], [-70.53706439445233, -33.41114729527978], [-70.5370273561613, -33.411179282800155], [-70.53702846684051, -33.41124232615315], [-70.53699142849692, -33.411274313663846], [-70.53699420514656, -33.41143192204532], [-70.53695716671228, -33.411463909547486], [-70.53695827735277, -33.41152695289968], [-70.53692123886596, -33.41155894039218], [-70.5369223494845, -33.41162198374445], [-70.53684882766377, -33.41171748037632], [-70.53684993823668, -33.41178052372914], [-70.53677641620834, -33.411876020321806], [-70.53677752673559, -33.411939063675156], [-70.53670344926013, -33.41200303855142], [-70.53651547922952, -33.41200536716118], [-70.53647733006358, -33.41197431116831], [-70.53643973606756, -33.41197477684417], [-70.53640158694148, -33.41194372082668], [-70.53632639897228, -33.41194465212036], [-70.53628824989873, -33.41191359606631], [-70.53613787400079, -33.411915458469274], [-70.53602398208552, -33.411853811776105], [-70.53591120022665, -33.41185520835298], [-70.53587305133617, -33.41182415216544], [-70.53579786345134, -33.41182508313588], [-70.53579286931242, -33.4115413879048], [-70.53586694709956, -33.41147741355999], [-70.53586583724959, -33.41141437017501], [-70.53590287607703, -33.4113823829877], [-70.53590065633662, -33.41125629621722], [-70.5359741788501, -33.411160800122104], [-70.53597306893597, -33.41109775673706], [-70.53601010759306, -33.411065769521116], [-70.53600844269025, -33.410971204443456], [-70.53604548128207, -33.41093921721823], [-70.53604492630348, -33.41090769552571], [-70.53611844837717, -33.41081219935278], [-70.53611733837349, -33.41074915596846], [-70.53615437683308, -33.41071716871344], [-70.53615326680745, -33.410654125329195], [-70.53619030521449, -33.41062213806451], [-70.53618975019026, -33.41059061637253], [-70.53622678855746, -33.41055862909777], [-70.53622567848618, -33.41049558571408], [-70.53629920002857, -33.41040008944345], [-70.53629808991167, -33.4103370460603], [-70.53633512813391, -33.41030505875612], [-70.53633401799506, -33.41024201537306], [-70.53637105616474, -33.41021002805922], [-70.53636939092482, -33.41011546298451], [-70.53640642902926, -33.41008347566139], [-70.53640531884821, -33.41002043227817], [-70.53644235690011, -33.40998844494537], [-70.53644013649757, -33.40986235817846], [-70.5365905088363, -33.40986049550971]]]}}, {"type": "Feature", "properties": {"codigo": "Ee2", "capa_cad": "Ee2", "lamina": "edificacion"}, "geometry": {"type": "Polygon", "coordinates": [[[-70.56314092969403, -33.40798386377877], [-70.56314318851321, -33.40810994898895], [-70.5631061613502, -33.408141943999375], [-70.56310785543575, -33.40823650790643], [-70.56307082820754, -33.40826850290761], [-70.56307195757692, -33.408331545512254], [-70.56303493029621, -33.408363540503814], [-70.56303662431881, -33.4084581044107], [-70.56292610683757, -33.408585610629494], [-70.56292723611597, -33.40864865323527], [-70.56289020865059, -33.40868064818749], [-70.56289246716722, -33.4088067333986], [-70.56285543962395, -33.40883872834198], [-70.5628560042426, -33.408870249644735], [-70.5627449214119, -33.408966234413484], [-70.56274605057574, -33.40902927702085], [-70.56270902288585, -33.40906127192371], [-70.56271184574737, -33.40921887844113], [-70.56267425340553, -33.409219352032], [-70.56260019778858, -33.40928334178875], [-70.5624879851664, -33.40931628373413], [-70.56241392932884, -33.409380273385025], [-70.56169967326115, -33.40938926798789], [-70.56166264502718, -33.40942126259212], [-70.56061005615543, -33.40943451000257], [-70.56057302748982, -33.40946650429337], [-70.56042265753703, -33.409468396008705], [-70.56038450130764, -33.409437347572194], [-70.56027172387188, -33.40943876620332], [-70.56027116017447, -33.40940724486457], [-70.56019484790212, -33.409345147880366], [-70.56015556450114, -33.409251056686855], [-70.5600792524494, -33.40918895962366], [-70.56007868882683, -33.40915743828075], [-70.56004053285612, -33.409126389729394], [-70.56003940564254, -33.4090633470416], [-70.55981047056137, -33.40887705545848], [-70.55977287831472, -33.408877528166016], [-70.55965841117853, -33.408784382167454], [-70.55954507112634, -33.40875427876127], [-70.55946875994292, -33.408692181292366], [-70.55946594299449, -33.40853457451762], [-70.55980427190272, -33.40853032061531], [-70.5598413004765, -33.40849832655276], [-70.55999166879957, -33.40849643559025], [-70.56002869728846, -33.408464441473974], [-70.56006628935259, -33.408463968694065], [-70.56028845962938, -33.408272003712526], [-70.56028733227322, -33.40820896102352], [-70.56032436053233, -33.408176966824215], [-70.5603232331543, -33.40811392413529], [-70.56036026136091, -33.40808192992636], [-70.560359133961, -33.40801888723757], [-70.56039616211508, -33.40798689301899], [-70.56039503469333, -33.407923850330306], [-70.56043206279489, -33.4078918561021], [-70.56043037163074, -33.407797292068985], [-70.56046739966712, -33.40776529783153], [-70.5604668359348, -33.407733776487206], [-70.56057848361343, -33.4076693150566], [-70.56069125874613, -33.40766789621267], [-70.56072828663063, -33.40763590190105], [-70.56132975364054, -33.40762833283001], [-70.56136790937649, -33.40765938099762], [-70.56185660132142, -33.40765322882633], [-70.56189475724946, -33.407684276825954], [-70.56208271571373, -33.40768191003424], [-70.56212087173233, -33.40771295796144], [-70.56227123853868, -33.407711064275375], [-70.56230939463518, -33.407742112142124], [-70.56238457805846, -33.4077411652069], [-70.56253663833523, -33.407833835138845], [-70.56264941357512, -33.40783241450896], [-70.56268756985625, -33.4078634622533], [-70.56280034512629, -33.40786204148513], [-70.56287665784612, -33.4079241368641], [-70.56291424962642, -33.40792366322804], [-70.56302815428494, -33.40798528486106], [-70.56314092969403, -33.40798386377877]]]}}, {"type": "Feature", "properties": {"codigo": "Ee2", "capa_cad": "Ee2", "lamina": "edificacion"}, "geometry": {"type": "Polygon", "coordinates": [[[-70.58699926039121, -33.40493795865793], [-70.58725493731784, -33.40452481967742], [-70.58751806642415, -33.40452145258513], [-70.58966872647814, -33.40493530690637], [-70.59140878806105, -33.40551203307534], [-70.5920159823442, -33.40581952446838], [-70.5926197289806, -33.4059378875594], [-70.59284814822496, -33.40609259596151], [-70.59341430723649, -33.40621143777309], [-70.59421061797472, -33.406579545249265], [-70.59458767632283, -33.40663775527668], [-70.59685811206876, -33.40742828215054], [-70.59844963504575, -33.408101404349736], [-70.59984397701109, -33.408272597833175], [-70.60034017922163, -33.40867606355291], [-70.60077739599473, -33.40996307759565], [-70.60021871960376, -33.41025403994733], [-70.59901519405201, -33.4102380325332], [-70.59796665564096, -33.410472242441976], [-70.59733335850679, -33.41079568148547], [-70.59695916548034, -33.410895084300456], [-70.59669947969792, -33.41108759664177], [-70.59587590340671, -33.41128736481388], [-70.59508761059527, -33.41136056099502], [-70.59478283573094, -33.41114378246206], [-70.59421894679885, -33.411151031251585], [-70.5938852203678, -33.41140754584396], [-70.59363646626261, -33.41219894754462], [-70.59088182359041, -33.41166680100758], [-70.59008662766753, -33.411361715157966], [-70.58959677293791, -33.41130493735997], [-70.58880273259118, -33.411062884817476], [-70.58876054775783, -33.41081119914658], [-70.58849338240982, -33.41059392310273], [-70.58758542708364, -33.410290264840484], [-70.58819638121007, -33.408737558896014], [-70.58821274354857, -33.407570803494195], [-70.58781732945934, -33.40650390422624], [-70.58724085445714, -33.40581765965973], [-70.58700441971115, -33.405221647257605], [-70.58699926039121, -33.40493795865793]]]}}, {"type": "Feature", "properties": {"codigo": "Ee2", "capa_cad": "Ee2", "lamina": "edificacion"}, "geometry": {"type": "Polygon", "coordinates": [[[-70.53581174457713, -33.40406888046432], [-70.53596210697893, -33.40406701884086], [-70.53603839783923, -33.404129131415516], [-70.53615172458201, -33.404159256732214], [-70.53626616123354, -33.40425242538967], [-70.53645522456213, -33.40431314107279], [-70.53660780751346, -33.40443736552766], [-70.53664539825985, -33.40443689989319], [-70.5366835440782, -33.40446795596332], [-70.53675872559378, -33.404467024636354], [-70.53683501736269, -33.40452913669088], [-70.53706167246412, -33.40458938571328], [-70.53717611063615, -33.40468255348091], [-70.5372137014781, -33.40468208767127], [-70.5372518476024, -33.40471314355657], [-70.53736462016113, -33.40471174602352], [-70.53751720508207, -33.404835969294865], [-70.53755479598406, -33.404835503380006], [-70.53759294229482, -33.40486655915424], [-70.5376681241216, -33.404865627266496], [-70.53778200781281, -33.40492727274444], [-70.5378571896852, -33.40492634074066], [-70.53793348262364, -33.40498845208115], [-70.53797107358395, -33.40498798603831], [-70.53797551800515, -33.40524015958636], [-70.53786441134622, -33.40533612277679], [-70.53786552238395, -33.40539916616443], [-70.53782848675131, -33.40543115387446], [-70.53783126429728, -33.40558876234256], [-70.53775719282358, -33.405652737735146], [-70.53775830379722, -33.40571578112275], [-70.53772126799427, -33.40574776880416], [-70.53772293442312, -33.40584233388545], [-70.5376488626596, -33.405906309219255], [-70.53764997356566, -33.405969352607485], [-70.53761293761781, -33.40600134025949], [-70.53761404850194, -33.406064383647816], [-70.53757701250154, -33.40609637129016], [-70.53757812336372, -33.4061594146786], [-70.53754108731079, -33.40619140231125], [-70.53754275357244, -33.40628596739379], [-70.53750571745427, -33.40631795501719], [-70.53747090290165, -33.40647602940756], [-70.53739683042802, -33.4065400046052], [-70.53739794117874, -33.406603047994444], [-70.53736090487581, -33.406635035578375], [-70.53736312633683, -33.406761122356414], [-70.53728905354797, -33.40682509749601], [-70.53729016423284, -33.40688814088556], [-70.5372531277723, -33.406920128440476], [-70.53725368310334, -33.40695165013539], [-70.53702813217814, -33.40695444506202], [-70.53698998511818, -33.40692338914449], [-70.536877209682, -33.40692478641831], [-70.53683906268729, -33.40689373045232], [-70.53668869547778, -33.40689559327696], [-70.536650548561, -33.40686453725054], [-70.53657536497646, -33.40686546857069], [-70.5364233327097, -33.40677276595107], [-70.53627296567922, -33.40677462826597], [-70.53615908053332, -33.40671298145846], [-70.53604630532503, -33.40671437796934], [-70.53600815871077, -33.40668332173564], [-70.53581909046194, -33.40662260553127], [-70.53581576163894, -33.406433475221824], [-70.53585279844462, -33.4064014880846], [-70.53584614073948, -33.406023227452124], [-70.53580799450621, -33.40599217114285], [-70.53580688492964, -33.40592912770029], [-70.53576873875237, -33.405898071376924], [-70.53576707443726, -33.40580350620967], [-70.53572892833041, -33.40577244987146], [-70.53572781882019, -33.40570940642433], [-70.5356515267456, -33.40564729370707], [-70.53564930785096, -33.405521206805005], [-70.53561116191207, -33.405490150424484], [-70.5356100524988, -33.40542710697102], [-70.53553376076015, -33.40536499416912], [-70.53553265140803, -33.40530195071207], [-70.53549450560827, -33.405270894290695], [-70.53549395094792, -33.4052393725612], [-70.5353795137547, -33.40514620321893], [-70.53530100408409, -33.40495800332666], [-70.53507213110205, -33.40477166413111], [-70.53506991311804, -33.40464557717696], [-70.53521805837836, -33.40451762947621], [-70.53533027620686, -33.40448471206304], [-70.53581174457713, -33.40406888046432]]]}}, {"type": "Feature", "properties": {"codigo": "Ee2", "capa_cad": "Ee2", "lamina": "edificacion"}, "geometry": {"type": "Polygon", "coordinates": [[[-70.4837667745838, -33.40359878204377], [-70.48377106217512, -33.40385096196146], [-70.48380918955212, -33.40388203482953], [-70.48381186939581, -33.4040396472691], [-70.4837377582997, -33.404103591481636], [-70.48321147693021, -33.40410988487187], [-70.4832045121801, -33.403700092413324], [-70.48324156777781, -33.40366812046894], [-70.48339193313701, -33.40366632256954], [-70.48342898865, -33.40363435057128], [-70.48357935393825, -33.40363255244635], [-70.4836164093665, -33.40360058039422], [-70.4837667745838, -33.40359878204377]]]}}, {"type": "Feature", "properties": {"codigo": "Ee2", "capa_cad": "Ee2", "lamina": "edificacion"}, "geometry": {"type": "Polygon", "coordinates": [[[-70.54936036642381, -33.396333555313454], [-70.5495510993131, -33.3964888160386], [-70.54958868640756, -33.39648834658112], [-70.54958924597233, -33.39651986814564], [-70.54966553937211, -33.39658197232171], [-70.54974295212796, -33.39670711956981], [-70.54997183347679, -33.39689343163334], [-70.54997295290102, -33.39695647474663], [-70.55024054239173, -33.39720535978556], [-70.55028036910312, -33.39733097631168], [-70.55047110582399, -33.39748623548783], [-70.5504739053553, -33.39764384321742], [-70.55028708714896, -33.397709234899274], [-70.55010138820748, -33.39783766940764], [-70.5500262128742, -33.397838608655135], [-70.54972830972935, -33.39799997296619], [-70.54965313424302, -33.398000911991694], [-70.54954149016675, -33.398065363559496], [-70.54939169859165, -33.39809876290129], [-70.54916896907203, -33.39825918704819], [-70.54886994416294, -33.39835750624551], [-70.54875885833988, -33.39845347870166], [-70.54849742027338, -33.39855132778739], [-70.54842336264421, -33.398615309223494], [-70.5482741287862, -33.398680228824766], [-70.54812377653505, -33.398682105101955], [-70.54804915945957, -33.39871456474861], [-70.54793807226521, -33.3988105365034], [-70.54775124954016, -33.3988759244806], [-70.54764016180906, -33.39897189598151], [-70.54756554429837, -33.399004355348076], [-70.54745277965486, -33.399005761941126], [-70.54719245589202, -33.39916665152903], [-70.54696692613814, -33.399169463946656], [-70.54696636746395, -33.3991379423565], [-70.54677563302738, -33.398982677754844], [-70.54673525187971, -33.39882553841677], [-70.54662081179778, -33.398732379457115], [-70.54658098958404, -33.39860676164993], [-70.54650469647252, -33.398544655583805], [-70.54650357948526, -33.398481612383186], [-70.54631117206746, -33.39823178217593], [-70.54631005523319, -33.398168738966355], [-70.5461956164792, -33.398075579567], [-70.546194499735, -33.3980125363524], [-70.5461176490837, -33.39791890841092], [-70.54611429905029, -33.39772977875335], [-70.54626353302498, -33.39766486174175], [-70.546376296, -33.39766345627898], [-70.54645091285619, -33.3976309976414], [-70.54659902938324, -33.397503037028144], [-70.54667420454956, -33.397502099865086], [-70.54689805418656, -33.39740472330335], [-70.54704672832919, -33.397308283779985], [-70.54715949080196, -33.397306877618725], [-70.54723410704806, -33.39727441852534], [-70.54734519315615, -33.397178447412145], [-70.5475320126285, -33.39711306012526], [-70.5476060697032, -33.39704907922432], [-70.547756419179, -33.39704720365498], [-70.54790565070475, -33.39698228472952], [-70.54816540768267, -33.3967898722315], [-70.54827816942621, -33.3967884650729], [-70.5483527847933, -33.3967560053287], [-70.54850089700602, -33.39662804255], [-70.54861365852267, -33.39662663509255], [-70.54879935724105, -33.3964982027986], [-70.54891211857407, -33.39649679507475], [-70.54898673344479, -33.396464334961685], [-70.54913484421944, -33.39633637146124], [-70.54936036642381, -33.396333555313454]]]}}, {"type": "Feature", "properties": {"codigo": "Ee2", "capa_cad": "Ee2", "lamina": "edificacion"}, "geometry": {"type": "Polygon", "coordinates": [[[-70.55476837091742, -33.39390126179342], [-70.55495630034653, -33.3938989066514], [-70.55499332476964, -33.39386691409187], [-70.55514366823948, -33.39386502973019], [-70.55518181563264, -33.39389608010552], [-70.55548250263182, -33.39389231074053], [-70.55552065015358, -33.393923361007694], [-70.55555823603721, -33.39392288977393], [-70.55559638359877, -33.39395394001649], [-70.55570914128249, -33.39395252621112], [-70.55574728890922, -33.3939835764052], [-70.55586004662314, -33.39398216246162], [-70.555898194315, -33.3940132126072], [-70.55597336614527, -33.39401226989738], [-70.55597392796226, -33.394043791378955], [-70.55601207572106, -33.39407484148725], [-70.5560154467279, -33.394263970368776], [-70.55597842252958, -33.39429596322547], [-70.55597954618015, -33.39435900618542], [-70.55594252192937, -33.394390999032474], [-70.55594364555807, -33.39445404199251], [-70.55590662125479, -33.394486034829924], [-70.55590774486163, -33.39454907779009], [-70.55587072050588, -33.39458107061785], [-70.55587184409085, -33.39464411357813], [-70.55583481968259, -33.394676106396254], [-70.55560930245198, -33.39467893418681], [-70.55557227793004, -33.39471092692962], [-70.55542193303441, -33.394712811852486], [-70.55538490842758, -33.3947448045416], [-70.55527214970338, -33.394746218081835], [-70.55523512502617, -33.39477821072808], [-70.55493443494103, -33.39478197958154], [-70.55493106620938, -33.39459285061861], [-70.55489291858748, -33.39456180017576], [-70.55489123427675, -33.394467235689824], [-70.55485308672527, -33.39443618523211], [-70.55484915679851, -33.394215534753926], [-70.55481100937517, -33.39418448427844], [-70.55480988657568, -33.3941214412817], [-70.55477173920832, -33.39409039079207], [-70.55476837091742, -33.39390126179342]]]}}, {"type": "Feature", "properties": {"codigo": "Ee2", "capa_cad": "Ee2", "lamina": "edificacion"}, "geometry": {"type": "Polygon", "coordinates": [[[-70.49433597946711, -33.39284669089733], [-70.49568801259917, -33.39276734214242], [-70.4959232533139, -33.39333202603357], [-70.49642106525583, -33.393862013965844], [-70.49706598839026, -33.39420105157701], [-70.49782043294039, -33.39434959043607], [-70.49827093684249, -33.394312622197326], [-70.49920682367708, -33.39408061508901], [-70.49943017967962, -33.39395180058294], [-70.49984201066118, -33.39385223632505], [-70.5001394553415, -33.39365946721967], [-70.50047665244108, -33.393592332092254], [-70.50129651293962, -33.39317253940048], [-70.5015601606678, -33.393200877835284], [-70.5021337210148, -33.39376145440717], [-70.50225082062754, -33.394012267376496], [-70.5026697017832, -33.39432248330348], [-70.50301449710564, -33.39469665292558], [-70.50405433210481, -33.396134377785245], [-70.50398350137743, -33.3963874669903], [-70.50403358101222, -33.3971120227081], [-70.50393428128876, -33.400076934541445], [-70.50299454502647, -33.40008832293303], [-70.50209077024721, -33.400004682362365], [-70.50175083815051, -33.39991421121849], [-70.50126271796923, -33.399951647703546], [-70.5012578383042, -33.39966794738092], [-70.50083026329558, -33.398853371236314], [-70.50074858162583, -33.39847601340464], [-70.50051817178793, -33.39819504087602], [-70.5003215593853, -33.39769295733973], [-70.4992141685654, -33.39669742102542], [-70.49909815632797, -33.39650964976373], [-70.4982211890476, -33.39579507930052], [-70.4945298476821, -33.3931911736216], [-70.49433813764315, -33.39297278046967], [-70.49433597946711, -33.39284669089733]]]}}, {"type": "Feature", "properties": {"codigo": "Ee2", "capa_cad": "Ee2", "lamina": "edificacion"}, "geometry": {"type": "Polygon", "coordinates": [[[-70.61797684883945, -33.390539291985206], [-70.61820234855705, -33.39053635118065], [-70.61827868358391, -33.39059841191416], [-70.61842960109833, -33.39062797159837], [-70.61858168739327, -33.39072057217775], [-70.61865685410298, -33.39071959158406], [-70.61884769306602, -33.39087474258234], [-70.61892344436929, -33.390905282358204], [-70.6190361946519, -33.39090381113297], [-70.6190743626035, -33.39093484123396], [-70.6191495294793, -33.39093386033634], [-70.61930103243718, -33.39099493946136], [-70.61945370493386, -33.3911190594451], [-70.61952945664902, -33.39114959883691], [-70.61964220721323, -33.39114812705166], [-70.61971854377958, -33.39121018684615], [-70.61987004759379, -33.39127126524708], [-70.61994521472954, -33.39127028385885], [-70.62005972009676, -33.39136337323544], [-70.62021063945527, -33.39139293069107], [-70.62028697663236, -33.391454990114724], [-70.62043848124685, -33.39151606779418], [-70.62051364857216, -33.39151508605535], [-70.62066632367083, -33.39163920445702], [-70.62081724368404, -33.39166876115271], [-70.6209317504878, -33.39176184967469], [-70.62100750324896, -33.391792388128344], [-70.62112025456052, -33.39179091497536], [-70.62127234564794, -33.391883512091624], [-70.62138509706234, -33.3918820386945], [-70.62149960473884, -33.39197512666245], [-70.62161294172476, -33.39200517354235], [-70.6216152835975, -33.39213125548889], [-70.6215788706054, -33.392194787679], [-70.62139387788578, -33.39235484604282], [-70.62139504867773, -33.39241788701974], [-70.62132163672158, -33.392513430783325], [-70.62132280746843, -33.392576471760876], [-70.6211013999045, -33.39280006183404], [-70.62110257050509, -33.39286310281553], [-70.62099157359387, -33.392959137470264], [-70.62099274412223, -33.39302217845359], [-70.62091874599528, -33.39308620150653], [-70.62091933123554, -33.39311772199876], [-70.62077133460575, -33.39324576798177], [-70.62077250498783, -33.39330880896905], [-70.62069850645966, -33.39337283189997], [-70.62069967679481, -33.39343587288823], [-70.62054933884768, -33.39343783664499], [-70.62047358478198, -33.393407297957566], [-70.62035907621464, -33.393314209086725], [-70.62013181468423, -33.39322259251429], [-70.61997913745108, -33.393098473545756], [-70.61986579952773, -33.39306842520389], [-70.61975129204473, -33.39297533573409], [-70.61952403200226, -33.39288371799737], [-70.61937135621486, -33.39275959823024], [-70.6192204347138, -33.39273003982238], [-70.61910592835305, -33.39263694971777], [-70.618954422622, -33.39257587045178], [-70.61880174817193, -33.392451749936924], [-70.61868841145723, -33.39242170047865], [-70.6185357376505, -33.39229757961387], [-70.61838423288795, -33.39223649961843], [-70.61819339163706, -33.39208134800469], [-70.61808005559446, -33.392051297968], [-70.61796555132644, -33.39195820673733], [-70.61792796742613, -33.391958696846494], [-70.61773712758485, -33.391803544481334], [-70.61762379204632, -33.39177349401085], [-70.61750928862406, -33.39168040232933], [-70.61739595331677, -33.39165035164291], [-70.61731961794229, -33.39158829038509], [-70.61731728231962, -33.391462208159375], [-70.61735428210065, -33.39143019768529], [-70.61735311426948, -33.39136715657223], [-70.61764794330963, -33.391048031305445], [-70.61768319072019, -33.390921459078925], [-70.61786818755624, -33.390761406100296], [-70.61786701938372, -33.39069836499647], [-70.61797801708418, -33.39060233308724], [-70.61797684883945, -33.390539291985206]]]}}, {"type": "Feature", "properties": {"codigo": "Ee2", "capa_cad": "Ee2", "lamina": "edificacion"}, "geometry": {"type": "Polygon", "coordinates": [[[-70.53785446157113, -33.391968114455985], [-70.5378577929838, -33.392157245025736], [-70.53778317731782, -33.39218969847898], [-70.53763283549854, -33.39219156172689], [-70.537595805186, -33.392223549275165], [-70.5374454632952, -33.39222541229774], [-70.53740843289786, -33.39225739979231], [-70.53691982146981, -33.3922634532178], [-70.53688168108157, -33.392232397011156], [-70.53609238565589, -33.39224217130934], [-70.53605424556133, -33.39221111483948], [-70.53541529205835, -33.392219023488906], [-70.53537826089496, -33.39225101039862], [-70.53511516222027, -33.392254265869866], [-70.53507813092882, -33.39228625269339], [-70.53492778875233, -33.39228811266907], [-70.53481614039762, -33.39235255114203], [-70.53387650073918, -33.392364171040185], [-70.5338394689338, -33.39239615750767], [-70.53346361277531, -33.39240080336765], [-70.53342547351167, -33.39236974606553], [-70.5333127166854, -33.392371139565874], [-70.53327457748698, -33.39234008221531], [-70.5332723631438, -33.392213994901944], [-70.5333093950893, -33.392182008599136], [-70.533384566145, -33.39218107961692], [-70.53345918354668, -33.39214862876302], [-70.53368137422807, -33.39195671046947], [-70.5336808205022, -33.39192518864546], [-70.53371840591339, -33.39192472405069], [-70.53382950080669, -33.391828764731656], [-70.53394170308802, -33.39179584896085], [-70.53431201707707, -33.39147598356466], [-70.53442421871064, -33.39144306737373], [-70.53460937440863, -33.39128313412375], [-70.53464695952714, -33.391282669255624], [-70.5348321144752, -33.39112273569059], [-70.53486969952074, -33.39112227075696], [-70.53520353084173, -33.39086591139191], [-70.5353157313315, -33.39083299442349], [-70.53557494500816, -33.390609086033365], [-70.53565011463007, -33.390608155717395], [-70.53568714501802, -33.39057616874112], [-70.53587506898556, -33.39057384269798], [-70.5359900414815, -33.39069853412174], [-70.5359905960151, -33.39073005591786], [-70.53625757241335, -33.390947451262306], [-70.53633329696491, -33.39097804231437], [-70.53648363678687, -33.39097618070021], [-70.53652177647136, -33.39100723705507], [-70.53659694640254, -33.391006306155866], [-70.536633976595, -33.390974318904014], [-70.53678431638932, -33.390972456925795], [-70.53682134649698, -33.39094046962021], [-70.53712202592877, -33.39093674503111], [-70.53719830572756, -33.39099885732397], [-70.53719941568049, -33.39106190087719], [-70.53731439068956, -33.391186590991445], [-70.53735475090463, -33.391343734170945], [-70.53746917143434, -33.391436902348296], [-70.53747028160126, -33.391499945889045], [-70.53754656214764, -33.39156205794111], [-70.53754711726124, -33.39159357970979], [-70.53769967873703, -33.39171780365919], [-70.53774003992521, -33.39187494667346], [-70.53785446157113, -33.391968114455985]]]}}, {"type": "Feature", "properties": {"codigo": "Ee2", "capa_cad": "Ee2", "lamina": "edificacion"}, "geometry": {"type": "Polygon", "coordinates": [[[-70.59872499071815, -33.38618571816742], [-70.59887704919615, -33.38627834382607], [-70.59898979461742, -33.38627689098995], [-70.5990655354299, -33.38630744324156], [-70.59921817172958, -33.386431589326854], [-70.59929391275259, -33.386462141431906], [-70.59936907651051, -33.38646117262873], [-70.59948355421506, -33.38655428191377], [-70.59955929543233, -33.38658483385027], [-70.59963445928611, -33.386583864883235], [-70.59974893742975, -33.38667697390836], [-70.59990042030438, -33.38673807739626], [-70.59997558427747, -33.38673710821873], [-70.60016580463684, -33.386860768461396], [-70.6001692703274, -33.38704989353458], [-70.60009583886834, -33.38714542537515], [-70.6000969940569, -33.38720846706615], [-70.60002298482058, -33.38727247802186], [-70.60002413996213, -33.387335519713815], [-70.59995013056678, -33.3873995306296], [-70.5999512856613, -33.38746257232251], [-70.59991428089768, -33.38749457776564], [-70.59991543597047, -33.387557619458676], [-70.59987843115444, -33.387589624892236], [-70.59984373636647, -33.387747713702716], [-70.59976972649761, -33.38781172452113], [-70.59973503144025, -33.38796981330426], [-70.5995870110664, -33.38809783478139], [-70.59958816592942, -33.38816087647838], [-70.59955116074288, -33.3881928818225], [-70.5995528930062, -33.38828744436796], [-70.59948003727197, -33.38841449672522], [-70.59948176947283, -33.38850905927059], [-70.59933490253769, -33.38870012217241], [-70.59933605724511, -33.388763163871054], [-70.59929905171698, -33.38879516914734], [-70.59930020640272, -33.388858210846124], [-70.59922619521451, -33.38892222136914], [-70.5992273498532, -33.38898526306888], [-70.59911633279167, -33.389081278777915], [-70.59911748735803, -33.38914432047942], [-70.59904405305673, -33.38923985175311], [-70.59904520757786, -33.38930289345522], [-70.59897004136248, -33.389303862134724], [-70.59893303547469, -33.38933586730995], [-70.59878270297533, -33.38933780448926], [-70.59874569700263, -33.3893698096109], [-70.59859536443108, -33.389371746565004], [-70.59852077521387, -33.38940423583235], [-70.59829873821216, -33.38959626595767], [-70.59829989221092, -33.389659307679125], [-70.59826346291185, -33.38972283352535], [-70.5980379630845, -33.38972573803906], [-70.59781073275124, -33.38963407953938], [-70.59773556620549, -33.38963504747966], [-70.5976974061492, -33.389604010562685], [-70.59758465636179, -33.389605462351945], [-70.59754649637057, -33.38957442538643], [-70.59739616335874, -33.38957636089838], [-70.5972446770982, -33.3895152544736], [-70.59723602795502, -33.38904244129147], [-70.59727303436658, -33.389010436606256], [-70.59726957468992, -33.38882131132518], [-70.59734243401086, -33.38869426016836], [-70.59734012748363, -33.38856817664617], [-70.59737713366201, -33.38853617193466], [-70.59737598037846, -33.38847313017336], [-70.59741298650442, -33.38844112545226], [-70.59741125654789, -33.38834656281027], [-70.59748469196684, -33.38825103245919], [-70.59748353861814, -33.38818799069828], [-70.59763040888399, -33.38799692987832], [-70.59762925544122, -33.387933888119335], [-70.59781428421849, -33.38777386406662], [-70.59781313065277, -33.387710822311035], [-70.5978871419233, -33.38764681261883], [-70.59788598831055, -33.38758377086418], [-70.59799527441088, -33.387393193620824], [-70.59799354389267, -33.38729863098975], [-70.5980675546897, -33.38723462120015], [-70.59810225255067, -33.387076532784164], [-70.59817626308383, -33.38701252293548], [-70.59821269139982, -33.386948997119966], [-70.59821153758264, -33.38688595536825], [-70.5982849709447, -33.386790424584376], [-70.59828381708229, -33.38672738283328], [-70.59835782719256, -33.38666337288558], [-70.59835667328312, -33.38660033113543], [-70.5983936782723, -33.386568326146815], [-70.59839194737692, -33.386473763521536], [-70.59853938989679, -33.38631422259426], [-70.5985382358716, -33.386251180846145], [-70.59857466362543, -33.386187654934126], [-70.59872499071815, -33.38618571816742]]]}}, {"type": "Feature", "properties": {"codigo": "Ee2", "capa_cad": "Ee2", "lamina": "edificacion"}, "geometry": {"type": "Polygon", "coordinates": [[[-70.53900088025526, -33.38662555797933], [-70.53915121239676, -33.386623693347325], [-70.53934135018531, -33.386747449369295], [-70.5395674044122, -33.3867761734887], [-70.5396436821336, -33.386838284372374], [-70.5398708483811, -33.386930051446896], [-70.53998359783543, -33.38692865218844], [-70.54005987598015, -33.3869907628024], [-70.54028648702995, -33.38705100733769], [-70.54043848800026, -33.387143706373394], [-70.54055123770026, -33.38714230659141], [-70.54074137854546, -33.387266060368155], [-70.54085412838731, -33.3872646603065], [-70.54096799073714, -33.38732630362191], [-70.54104315734305, -33.387325370120124], [-70.54115757622893, -33.38741853499169], [-70.54134604931619, -33.3874477225926], [-70.54142232886467, -33.38750983232294], [-70.54161135871807, -33.387570541241814], [-70.54172577852094, -33.38766370555911], [-70.54187722544525, -33.387724881023935], [-70.54198997581902, -33.38772347991351], [-70.54206625605845, -33.38778558922516], [-70.54244487484775, -33.38793852645364], [-70.54252004192821, -33.38793759204235], [-70.54267260362974, -33.38806180992657], [-70.5428234949274, -33.388091462484745], [-70.54308880827229, -33.38821427784589], [-70.54316397556724, -33.38821334303782], [-70.54327839783913, -33.38830650584186], [-70.54342928973882, -33.38833615764398], [-70.54358129618258, -33.38842885265], [-70.54373163110343, -33.38842698238126], [-70.54392177913063, -33.38855073104844], [-70.5440345304618, -33.38854932805013], [-70.54467791552585, -33.388793549213446], [-70.54464590785064, -33.38910923385526], [-70.5443934129946, -33.389711420587], [-70.54432326215375, -33.38999605126827], [-70.5442132964083, -33.39015506296908], [-70.54396302545395, -33.39088333560425], [-70.54385194323216, -33.390979303658874], [-70.54374309012815, -33.39120135833537], [-70.54355516550622, -33.39120369633091], [-70.54275641315719, -33.39067764399975], [-70.54245350795566, -33.390555295411176], [-70.54230038524716, -33.390399555717856], [-70.54226001670006, -33.39024241436739], [-70.54206875371267, -33.39005561980538], [-70.54202894245998, -33.38993000006523], [-70.54183823728845, -33.38977472681824], [-70.54183712404114, -33.389711683389564], [-70.54168400394259, -33.38955594284086], [-70.54168289081588, -33.389492899405354], [-70.54149218722482, -33.38933762557071], [-70.54149107424577, -33.3892745821273], [-70.54130037147668, -33.389119307969004], [-70.5412992586453, -33.38905626451767], [-70.54072659863897, -33.38855891838591], [-70.5406867900706, -33.38843329811074], [-70.54057237029527, -33.38834013284339], [-70.5404938661534, -33.38815193563365], [-70.54037944695773, -33.38805877016779], [-70.54033963914178, -33.38793314975055], [-70.54018652488851, -33.38777740714415], [-70.54014671749248, -33.38765178664788], [-70.53926951782653, -33.38693751242968], [-70.53900365793643, -33.386783166838754], [-70.53900088025526, -33.38662555797933]]]}}, {"type": "Feature", "properties": {"codigo": "Ee3", "capa_cad": "Ee3", "lamina": "edificacion"}, "geometry": {"type": "Polygon", "coordinates": [[[-70.53886367310481, -33.430010559383696], [-70.53844415918302, -33.43181288673662], [-70.53771713027119, -33.43324068498232], [-70.53598571861411, -33.43316755880625], [-70.53417355494227, -33.432780122792266], [-70.52309289997784, -33.43146640860618], [-70.52111590986252, -33.43240500367505], [-70.5204396042187, -33.432444826582824], [-70.51917373306439, -33.433185498453305], [-70.51722493665758, -33.43358770145369], [-70.51510872115169, -33.433014533857936], [-70.51399101960648, -33.433627228699066], [-70.51357683126504, -33.43360075652289], [-70.51304490772932, -33.43329196229405], [-70.51210427078934, -33.43327190775865], [-70.51161214419243, -33.43308873635436], [-70.51104918392815, -33.433158654986364], [-70.51059466353215, -33.43297502122434], [-70.50976847819021, -33.4330481404121], [-70.5093221476345, -33.43333733143671], [-70.5080414407405, -33.433226799035886], [-70.50601410974659, -33.43344060983869], [-70.50630840358136, -33.43305869162997], [-70.5075465965977, -33.43288600126411], [-70.50814334457394, -33.43259498722745], [-70.50908561155758, -33.43270963798207], [-70.50971777254229, -33.432292071013954], [-70.5111145553411, -33.43259034345882], [-70.51197888488365, -33.432548278884695], [-70.51247155601145, -33.432762970840336], [-70.51307156853859, -33.43266106509581], [-70.51383020371168, -33.433030148932126], [-70.51491084356142, -33.43244943696021], [-70.516004076921, -33.43259371913553], [-70.5171404028649, -33.433052750087434], [-70.5190145307029, -33.43268299184463], [-70.52016813716483, -33.431975226524415], [-70.5209566980093, -33.431902499775454], [-70.52136482828837, -33.4315822076366], [-70.52157448945933, -33.43066530711056], [-70.52209431758929, -33.430280584917185], [-70.52226581633032, -33.429332623067374], [-70.52321041818249, -33.42742931042521], [-70.52343382043865, -33.42730045194653], [-70.5383994389106, -33.42714722894291], [-70.53886367310481, -33.430010559383696]]]}}, {"type": "Feature", "properties": {"codigo": "Ee3", "capa_cad": "Ee3", "lamina": "edificacion"}, "geometry": {"type": "Polygon", "coordinates": [[[-70.5209585168727, -33.419070343782124], [-70.52144123346099, -33.41871760843504], [-70.52196814374932, -33.41874267227862], [-70.52219482701403, -33.41880294758391], [-70.5224956044988, -33.41879925572663], [-70.52279913372493, -33.41895317237691], [-70.52332769725822, -33.41907279591412], [-70.5238535084266, -33.419034808002046], [-70.52423113362617, -33.41912475348713], [-70.52445671736311, -33.41912198093621], [-70.52468505630637, -33.41927681706505], [-70.52525287524807, -33.41949053548854], [-70.5254436190426, -33.41964583251203], [-70.52567085824188, -33.41973762312114], [-70.52578365083092, -33.41973623556556], [-70.5261999816294, -33.41988875594765], [-70.52635037196983, -33.419886905201956], [-70.52654001507577, -33.41997915687441], [-70.52672855496697, -33.42000836467689], [-70.52755349419829, -33.41987209267614], [-70.52811248675536, -33.41958144940662], [-70.52878868765227, -33.419541587494145], [-70.52882573249252, -33.41950960228912], [-70.52938969305545, -33.4195026491854], [-70.52939743169944, -33.419943953629115], [-70.52909665123616, -33.41994766233177], [-70.5287223331493, -33.42004686244848], [-70.5284967474697, -33.42004964282369], [-70.52845859742438, -33.420018584421534], [-70.52827116175915, -33.42005242278889], [-70.52804723286197, -33.420149767635756], [-70.5278990511081, -33.420277707513414], [-70.52737489105297, -33.42041027805405], [-70.527076316451, -33.42054006900339], [-70.52692592503548, -33.420541920660945], [-70.5268877753077, -33.420510861768065], [-70.5264360494233, -33.42048489371849], [-70.52617065808177, -33.42036204547719], [-70.52590692200785, -33.42033376202764], [-70.52564153183475, -33.4202109126167], [-70.5255287386245, -33.42021230006038], [-70.52537669371027, -33.42011958441734], [-70.52492276547926, -33.41996752354997], [-70.52461812703837, -33.41975056869696], [-70.52401271034302, -33.41953730938138], [-70.52382417222005, -33.41950809739243], [-70.52326076069767, -33.41954654703288], [-70.52261830138626, -33.41936526437319], [-70.52250550911052, -33.41936664903725], [-70.52235346877258, -33.41927392954199], [-70.52197694476662, -33.41924702201916], [-70.52193879732555, -33.419215961531364], [-70.52167616566548, -33.41925071266237], [-70.5213034906838, -33.41944445614223], [-70.52115310075261, -33.419446300748106], [-70.52096126537717, -33.419227953146354], [-70.5209585168727, -33.419070343782124]]]}}, {"type": "Feature", "properties": {"codigo": "Ee3", "capa_cad": "Ee3", "lamina": "edificacion"}, "geometry": {"type": "Polygon", "coordinates": [[[-70.59793252734731, -33.41066185128987], [-70.59796954232976, -33.41062984623906], [-70.59796781031379, -33.41053528396132], [-70.59804299484836, -33.410534315347945], [-70.59808000973673, -33.41050231026632], [-70.59811760198819, -33.410501825931746], [-70.59815461683498, -33.41046982082892], [-70.59822980130627, -33.41046885210401], [-70.59834142306592, -33.41040435742277], [-70.59845419967664, -33.410402904151034], [-70.59849121435519, -33.41037089895216], [-70.59860399091443, -33.41036944554554], [-70.59864100552244, -33.41033744030384], [-70.59879137419763, -33.41033550222574], [-70.59890299535414, -33.4102710070551], [-70.59916614029224, -33.41026761474916], [-70.59920431020096, -33.41029865083023], [-70.59946745518364, -33.410295257882765], [-70.59950562520818, -33.4103262938674], [-70.5996559938006, -33.41032435474198], [-70.59969416390294, -33.41035539066608], [-70.59991971684057, -33.41035248156467], [-70.59995788704605, -33.41038351740429], [-70.59995904315345, -33.41044655886317], [-70.59999721341501, -33.410477594688594], [-70.59999836955494, -33.4105406361453], [-70.60003653987256, -33.41057167195652], [-70.60003711795834, -33.41060319268389], [-70.60030431104272, -33.410820443001356], [-70.60034190339036, -33.410819957988785], [-70.6003800739522, -33.410850993685635], [-70.6005304433844, -33.41084905347365], [-70.60056861402406, -33.410880089109945], [-70.60060562809511, -33.410848083299356], [-70.60075599750571, -33.41084614281416], [-70.60079301149177, -33.41081413694994], [-70.60101856549386, -33.410811225815785], [-70.60101972238627, -33.410874267237595], [-70.60105789320505, -33.410905302717644], [-70.60105905012999, -33.4109683441373], [-70.60109722100485, -33.41099937960313], [-70.60109837796233, -33.41106242102061], [-70.60113654889325, -33.41109345647226], [-70.6011388628769, -33.41121953930219], [-70.60098849285104, -33.41122148027046], [-70.60095147877266, -33.41125348619401], [-70.60080110867452, -33.411255426936926], [-70.60076409451112, -33.41128743280686], [-70.60065131688465, -33.411288888212084], [-70.6006143026507, -33.41132089403919], [-70.6004639324116, -33.41132283437688], [-70.60042691809265, -33.411354840150366], [-70.60035173293875, -33.411355810229296], [-70.60024011155431, -33.411420306702595], [-70.60005214850466, -33.4114227315357], [-70.60001513398853, -33.411454737191534], [-70.59986476347471, -33.41145667680987], [-70.59975314158568, -33.41152117285837], [-70.59956517827399, -33.411523596960144], [-70.59956055481524, -33.41127143111582], [-70.59952238434401, -33.41124039516552], [-70.59952122851726, -33.41117735370127], [-70.59917769575783, -33.410898029563356], [-70.59914010335514, -33.41089851422418], [-70.59898742288493, -33.410774369784676], [-70.59894983053204, -33.41077485438627], [-70.59891166049499, -33.41074381823265], [-70.59876129112509, -33.41074575647735], [-70.59872312116583, -33.410714720263194], [-70.59861034416697, -33.4107161737913], [-70.59857332939245, -33.41074817902707], [-70.59842295999017, -33.410750116861934], [-70.59838594513064, -33.41078212204409], [-70.59831076039518, -33.410783090871604], [-70.59827374547957, -33.410815096021736], [-70.59804819116478, -33.41081800216621], [-70.59801002141731, -33.41078696572629], [-70.59793483666387, -33.41078793432612], [-70.59793252734731, -33.41066185128987]]]}}, {"type": "Feature", "properties": {"codigo": "Ee3", "capa_cad": "Ee3", "lamina": "edificacion"}, "geometry": {"type": "Polygon", "coordinates": [[[-70.48382634091212, -33.404890754370214], [-70.48383598892754, -33.405458159036236], [-70.48334729152769, -33.40546400356769], [-70.483310235233, -33.405495975554686], [-70.48323505097633, -33.405496874520914], [-70.48322540685324, -33.4049294697038], [-70.48356373378414, -33.40492542408386], [-70.48360078974882, -33.40489345202753], [-70.48382634091212, -33.404890754370214]]]}}, {"type": "Feature", "properties": {"codigo": "Ee3", "capa_cad": "Ee3", "lamina": "edificacion"}, "geometry": {"type": "Polygon", "coordinates": [[[-70.5290719667033, -33.403521565058604], [-70.52963582388394, -33.403514613758844], [-70.530390397065, -33.40366295044242], [-70.53061594018673, -33.403660167823006], [-70.53133679740425, -33.40402961506967], [-70.5318708132257, -33.40446442261253], [-70.53294439825592, -33.40564924791666], [-70.53314675440862, -33.4064664908717], [-70.53319210009643, -33.406907330849315], [-70.53308707808564, -33.40735002924913], [-70.5330909549518, -33.407570681526], [-70.53301853971371, -33.407729219476174], [-70.53299036228896, -33.40826555384689], [-70.53277809747462, -33.409024863179745], [-70.53270401935706, -33.40908883570902], [-70.5324171176615, -33.40988059520722], [-70.53227172735563, -33.41016614859502], [-70.53205059576882, -33.4104211087391], [-70.53097532154298, -33.411285656999475], [-70.53060270167158, -33.41147942711352], [-70.53015157497875, -33.41148499303888], [-70.52889053721775, -33.41033398435222], [-70.52888832769726, -33.41020789714624], [-70.52918354978934, -33.40988897191557], [-70.52947600686049, -33.40941243704367], [-70.52969106463893, -33.40881074155105], [-70.52975740759248, -33.408305465597266], [-70.52974745998768, -33.40773807319329], [-70.52966564415132, -33.40736073870565], [-70.52939034434114, -33.406670503522975], [-70.52908021934152, -33.406138340003636], [-70.528961921327, -33.40582451183739], [-70.52895584593409, -33.405477771773675], [-70.52913551709514, -33.405002627663876], [-70.52913165060563, -33.40478197488706], [-70.52901501135854, -33.40456271214337], [-70.52897244982721, -33.404279478997786], [-70.5290719667033, -33.403521565058604]]]}}, {"type": "Feature", "properties": {"codigo": "Ee3", "capa_cad": "Ee3", "lamina": "edificacion"}, "geometry": {"type": "Polygon", "coordinates": [[[-70.4982747903127, -33.4032982952982], [-70.50102434729894, -33.40358034525346], [-70.50148991547366, -33.40660147525702], [-70.5013052080575, -33.40679288352694], [-70.4995148572828, -33.40763428697104], [-70.49925549923091, -33.40785812342561], [-70.4992227809086, -33.408142277986585], [-70.49949080732323, -33.408422797443386], [-70.49983077082581, -33.408513273801596], [-70.50061968453066, -33.40847220381754], [-70.50084795426787, -33.40862708606495], [-70.50137534345775, -33.40868376153797], [-70.50160415754509, -33.408870164543494], [-70.50270196246514, -33.40929827317525], [-70.50386790179047, -33.40931567200926], [-70.50515749722344, -33.409962134484104], [-70.50624880186614, -33.410011945119955], [-70.50674078587134, -33.410195142437615], [-70.50734174115327, -33.41015631246957], [-70.50926338218878, -33.41038517598163], [-70.51062985698762, -33.411125231217085], [-70.51206662636683, -33.411580655745944], [-70.51312254541277, -33.41175695159498], [-70.51305446381245, -33.41216765510164], [-70.51264529680891, -33.41242487509755], [-70.51250530208186, -33.41302562742272], [-70.50963827098029, -33.41249303797728], [-70.50696360088894, -33.41221027458092], [-70.5059420164738, -33.41184433690984], [-70.50498747250334, -33.411004646124226], [-70.50426829241624, -33.41072961107809], [-70.50219410698483, -33.41037640245522], [-70.50110496805587, -33.41045264502942], [-70.50047020762133, -33.41071255516698], [-70.50009372478812, -33.41068557993598], [-70.5001629508293, -33.410337926216414], [-70.50038580393735, -33.41017758697449], [-70.5012466655541, -33.409946469872594], [-70.50146897315587, -33.40975460655259], [-70.50150168453392, -33.40947045165787], [-70.50104405450806, -33.40909764492436], [-70.50059239181549, -33.409071580808174], [-70.5001756127853, -33.408887449261904], [-70.49912245847764, -33.4088686526076], [-70.49844090661492, -33.408593128339525], [-70.49843874123252, -33.408467039321636], [-70.49873840348647, -33.40840036154869], [-70.49903373282142, -33.4080815050837], [-70.49898801688406, -33.4076091256174], [-70.49923979241935, -33.40694397821769], [-70.49915594237184, -33.40644053081614], [-70.49944422226281, -33.40571188419535], [-70.4989768746227, -33.40477166809797], [-70.49873724970348, -33.40395481423404], [-70.4982747903127, -33.4032982952982]], [[-70.50592678134218, -33.41096171723135], [-70.50593004595737, -33.411150850030715], [-70.50596818425083, -33.41118191574171], [-70.5059692724915, -33.411244960005384], [-70.50623624150761, -33.41146241961842], [-70.50627383581094, -33.4114619631008], [-70.50642584588951, -33.41155470328762], [-70.50646344022933, -33.41155424671144], [-70.50657731193894, -33.41161592115684], [-70.50665250066521, -33.41161500789982], [-70.50691783906976, -33.41173789960454], [-70.50710635565464, -33.41176713796597], [-70.50722022807929, -33.41182881179841], [-70.5073330114092, -33.4118274413037], [-70.50737115049063, -33.41185850655764], [-70.50748393385106, -33.41185713592467], [-70.5075220729978, -33.41188820113018], [-70.50763485638879, -33.41188683035894], [-70.50767299560084, -33.41191789551603], [-70.50782337349447, -33.411916067613916], [-70.50786151278457, -33.41194713271063], [-70.50835024101059, -33.4119411906155], [-70.5083883804932, -33.41197225554446], [-70.50853875843093, -33.411970426772655], [-70.50857689799157, -33.41200149164126], [-70.50891524841632, -33.41199737613121], [-70.50895338811861, -33.41202844087981], [-70.50932933308158, -33.41202386688986], [-70.50944320733909, -33.412085538625035], [-70.50959358539887, -33.41208370856925], [-70.50963172537341, -33.412114773100974], [-70.50966931989896, -33.41211431554663], [-70.5097063689348, -33.41208233590786], [-70.50985674697081, -33.41208050553326], [-70.50989379592181, -33.41204852584066], [-70.50993139041427, -33.41204806820771], [-70.5101536834638, -33.411856189767335], [-70.5101525921748, -33.411793145631485], [-70.51018964089596, -33.411761165855545], [-70.51018636697302, -33.41157203344621], [-70.5101482270528, -33.411540969081344], [-70.51014713578078, -33.411477924942126], [-70.50988015730104, -33.41126047402407], [-70.50976682934329, -33.41123032473728], [-70.50972868972163, -33.41119926023334], [-70.50972814424381, -33.411167738155974], [-70.50946116775296, -33.41095028626935], [-70.50942357372529, -33.41095074374661], [-70.50915823444302, -33.41082785742014], [-70.50900785851718, -33.41082968688783], [-70.50896971933739, -33.410798622136014], [-70.50855618561124, -33.41080365210162], [-70.50844231365818, -33.410741979475034], [-70.50829193783068, -33.41074380807088], [-70.50825379893583, -33.410712743090265], [-70.50810342314564, -33.410714571456225], [-70.50798955161494, -33.410652898400784], [-70.50783917590955, -33.410654726443596], [-70.50780103721063, -33.41062366131767], [-70.50746269193837, -33.41062777364056], [-70.5074245533811, -33.41059670839465], [-70.5072741777334, -33.41059853574997], [-70.50723603925414, -33.41056747044369], [-70.50719898990444, -33.41059944935932], [-70.50693583247643, -33.41060264663337], [-70.50689769411167, -33.41057158121973], [-70.50686010020272, -33.4105720379157], [-70.50682305070885, -33.4106040167229], [-70.50644711142847, -33.410608582947916], [-70.50641006176329, -33.41064056163623], [-70.50625968596972, -33.41064238776407], [-70.50622263621972, -33.410674366398545], [-70.50618504225481, -33.4106748228912], [-70.50596274309832, -33.410866694413194], [-70.50596383132205, -33.41092973868024], [-70.50592678134218, -33.41096171723135]]]}}, {"type": "Feature", "properties": {"codigo": "Ee3", "capa_cad": "Ee3", "lamina": "edificacion"}, "geometry": {"type": "Polygon", "coordinates": [[[-70.56583953304111, -33.39912186943533], [-70.566957550674, -33.39857176980891], [-70.56718307673792, -33.398568921104285], [-70.56745411530618, -33.3990068950832], [-70.56806514790074, -33.39953515677473], [-70.5701147493265, -33.400612728250046], [-70.57253006659045, -33.4011181184622], [-70.58150824605954, -33.40485044371311], [-70.58181582358661, -33.4052248618764], [-70.58609674999717, -33.406998840359904], [-70.58669820527618, -33.40699114844281], [-70.58697567428328, -33.407775805920764], [-70.58659861509089, -33.4077175727541], [-70.58106744460609, -33.405423572557496], [-70.58072456322182, -33.40517571568705], [-70.57967488826041, -33.40534672864674], [-70.57843269514866, -33.40526795587682], [-70.57658393267415, -33.404913126034636], [-70.57488042480989, -33.40427266906481], [-70.56991756849723, -33.40219164415004], [-70.56968806477924, -33.40197384945803], [-70.56931104017553, -33.401915562604124], [-70.56787189533344, -33.40133471955358], [-70.56676710575431, -33.40052893816804], [-70.5662688384694, -33.39999924651047], [-70.56584349147604, -33.39934251858212], [-70.56583953304111, -33.39912186943533]]]}}, {"type": "Feature", "properties": {"codigo": "Ee3", "capa_cad": "Ee3", "lamina": "edificacion"}, "geometry": {"type": "Polygon", "coordinates": [[[-70.53335805299635, -33.39281198063486], [-70.53418604821893, -33.39286480245787], [-70.53474928109847, -33.39282630807053], [-70.53534843609727, -33.39269278065431], [-70.537454344856, -33.39272976054631], [-70.5388240973491, -33.39365863872101], [-70.53928846908734, -33.3944095654173], [-70.53957047473259, -33.39547803945147], [-70.53966165827701, -33.400647599073885], [-70.53956167995183, -33.40137399743611], [-70.53927653154902, -33.402260336310206], [-70.53876805998064, -33.40327555914352], [-70.5385447416002, -33.40340444332884], [-70.53816939446706, -33.40344062648804], [-70.53782941542767, -33.403350255720795], [-70.5374877710458, -33.40316531886907], [-70.53645785190102, -33.40232680682223], [-70.53514098494908, -33.40013610635831], [-70.53498009636924, -33.39953905326736], [-70.53475778891168, -33.39758702850512], [-70.53452173318851, -33.39699090430531], [-70.5336660079148, -33.395361995748786], [-70.53330945521043, -33.39432595704531], [-70.5330380469223, -33.39385638097036], [-70.53299105094523, -33.39332097434454], [-70.53317289180019, -33.39297191213707], [-70.53335805299635, -33.39281198063486]], [[-70.53575090917082, -33.3942011747768], [-70.53548946794713, -33.394298996561815], [-70.5351932112932, -33.39455489183723], [-70.53505173368775, -33.39506110069128], [-70.53510983010634, -33.39622694165924], [-70.53518722202288, -33.39635209860613], [-70.53527015813819, -33.39679247326297], [-70.53534755081509, -33.3969176300779], [-70.5353508774228, -33.397106760719325], [-70.53546807610739, -33.397357539359135], [-70.53555156931843, -33.39782943545795], [-70.53574727329035, -33.398268413850765], [-70.53590095367575, -33.39845568314089], [-70.53613702308304, -33.399051804197285], [-70.53621330953338, -33.399113916834615], [-70.53629347985093, -33.39939668165775], [-70.53656214915198, -33.39970864050359], [-70.53656325901224, -33.399771683987076], [-70.53671583390727, -33.39989590861953], [-70.53683248549817, -33.400115163905646], [-70.53702376053064, -33.400301965939235], [-70.53702487074924, -33.400365009403], [-70.53717744735017, -33.40048923340763], [-70.53729410093719, -33.40070848818347], [-70.53763684578388, -33.40095646936605], [-70.53782534733334, -33.40098566145124], [-70.53801273803752, -33.400951809818324], [-70.53830956268537, -33.400727429388986], [-70.5383808516817, -33.40050584519633], [-70.53826234136804, -33.39804808335899], [-70.53822419790703, -33.39801702767917], [-70.53817327867769, -33.397260972230065], [-70.53805440623253, -33.39691563116016], [-70.53802497075733, -33.39524497902113], [-70.5377922315646, -33.39483799177311], [-70.53752523918342, -33.3946206003134], [-70.53725991334161, -33.39449777350852], [-70.53650319088521, -33.39422338939446], [-70.53612621801946, -33.39416499999268], [-70.53575090917082, -33.3942011747768]]]}}, {"type": "Feature", "properties": {"codigo": "Ee3", "capa_cad": "Ee3", "lamina": "edificacion"}, "geometry": {"type": "Polygon", "coordinates": [[[-70.51345077199367, -33.3873181658001], [-70.51360110711943, -33.38731633208213], [-70.51363923729465, -33.38734739576593], [-70.51390232382084, -33.38734418623805], [-70.51394045411212, -33.387375249825766], [-70.5142787082703, -33.3873711223636], [-70.51431683870301, -33.38740218583137], [-70.51476784429241, -33.387396680972095], [-70.51480597490466, -33.38742774428418], [-70.51521939672698, -33.38742269659304], [-70.51525752750607, -33.387453759761335], [-70.51552061415552, -33.387450546794135], [-70.51555874505064, -33.38748160986633], [-70.51570908031097, -33.38747977358712], [-70.51574721128401, -33.387510836599], [-70.51589754658151, -33.38750900009009], [-70.51593567763247, -33.387540063041655], [-70.51601084530151, -33.387539144695104], [-70.51601741243778, -33.387917409955556], [-70.51605554371412, -33.38794847286206], [-70.5160703206082, -33.388799569590155], [-70.51603328352348, -33.38883155090161], [-70.51603656728585, -33.38902068349345], [-70.51599953009782, -33.3890526647967], [-70.51600500297619, -33.38936788577345], [-70.51596796563402, -33.38939986707004], [-70.515975627629, -33.38984117641452], [-70.51593859008186, -33.38987315770595], [-70.51586342040152, -33.389874076065155], [-70.51575176029797, -33.38993849771423], [-70.51556438307905, -33.38997231534825], [-70.51545272262128, -33.39003673673695], [-70.51518962817318, -33.39003994977893], [-70.51514930826828, -33.389882798207964], [-70.51507249765551, -33.38978914976518], [-70.51507140372865, -33.38972610554822], [-70.51499459334217, -33.38963245704867], [-70.51499349947807, -33.38956941282785], [-70.51495536783536, -33.38953834961205], [-70.51487746397117, -33.389381656803614], [-70.514801200962, -33.38931953027928], [-70.51476197581538, -33.38922542276706], [-70.51468571302648, -33.38916329616406], [-70.51468516621522, -33.389131774046824], [-70.51457022551125, -33.38900706192583], [-70.51453100076459, -33.38891295432502], [-70.51430112071829, -33.38866352964198], [-70.51430057405618, -33.38863200751659], [-70.51418563457402, -33.3885072949955], [-70.51410773306642, -33.38835060161358], [-70.51403147151623, -33.38828847456519], [-70.51399224769746, -33.388194366758], [-70.51391598636755, -33.38813223963094], [-70.51383808569882, -33.387975546047464], [-70.51376182467222, -33.38791341881502], [-70.51372260132544, -33.38781931090414], [-70.51364634051912, -33.38775718359303], [-70.5136071173723, -33.38766307563786], [-70.51353085678625, -33.38760094824808], [-70.51353031042419, -33.387569426106054], [-70.51345350364296, -33.3874757765207], [-70.51345077199367, -33.3873181658001]]]}}, {"type": "Feature", "properties": {"codigo": "Ee3", "capa_cad": "Ee3", "lamina": "edificacion"}, "geometry": {"type": "Polygon", "coordinates": [[[-70.51539019880109, -33.384267730393375], [-70.51554052854185, -33.38426589447364], [-70.51565491702003, -33.384359083797435], [-70.5156924994912, -33.3843586247533], [-70.51573062905084, -33.38438968782403], [-70.51576821153382, -33.3843892287566], [-70.51576875863756, -33.38442075088213], [-70.51592127725557, -33.384545002988176], [-70.51592182441777, -33.38457652511067], [-70.51622686307006, -33.384825028710516], [-70.51626444573172, -33.38482456948756], [-70.51630257569792, -33.38485563236876], [-70.51634015837145, -33.38485517312252], [-70.51641641841059, -33.38491729882316], [-70.51645400110866, -33.3849168395417], [-70.51649213118156, -33.38494790236115], [-70.51660487930876, -33.384946524412754], [-70.51664300944688, -33.3849775871838], [-70.51668059216695, -33.384977127833004], [-70.51702376474415, -33.38525669209645], [-70.51702431231897, -33.38528821419923], [-70.51710057321866, -33.38535033945065], [-70.51710112082316, -33.385381861551835], [-70.51713925132806, -33.38541292415788], [-70.51714363230988, -33.385665100955464], [-70.51710659691491, -33.38569708255428], [-70.51710769214348, -33.38576012675275], [-70.51707065669599, -33.38579210834187], [-70.51707175190258, -33.38585515254043], [-70.5169214195334, -33.38585699039162], [-70.51688328890302, -33.38582592772406], [-70.51688219383367, -33.385762883519696], [-70.5168440632592, -33.38573182083805], [-70.51684242070479, -33.38563725452811], [-70.51680429020065, -33.38560619183169], [-70.51680319519744, -33.38554314762278], [-70.51653628262909, -33.38532570838403], [-70.51653573522961, -33.38529418627433], [-70.51619256400872, -33.3850146206225], [-70.51615498126402, -33.385015079825976], [-70.51607872131628, -33.384952953962724], [-70.51604113859612, -33.38495341313099], [-70.51600300867561, -33.384922350168495], [-70.51596542596731, -33.38492280931346], [-70.5158510364065, -33.38482962031438], [-70.5158504892646, -33.384798098192135], [-70.51558358133884, -33.38458065674701], [-70.51558303429863, -33.384549134619604], [-70.51539238666538, -33.38439381891902], [-70.51539019880109, -33.384267730393375]]]}}, {"type": "Feature", "properties": {"codigo": "Ee3", "capa_cad": "Ee3", "lamina": "edificacion"}, "geometry": {"type": "Polygon", "coordinates": [[[-70.51214056586892, -33.381122959813645], [-70.51263294196417, -33.38133766100594], [-70.51365965295774, -33.38201877625876], [-70.51366293073278, -33.382207909266384], [-70.51314607248872, -33.38275020283416], [-70.51311340568586, -33.38303436063584], [-70.51315262602746, -33.38312846888858], [-70.5134195235246, -33.38334591590898], [-70.51429101618295, -33.38374515883555], [-70.5143313312766, -33.38390231095922], [-70.51418100207735, -33.383904145396855], [-70.51402903346948, -33.383811413191445], [-70.51387870440563, -33.38381324725855], [-70.5135753147422, -33.38365930404227], [-70.51338685746934, -33.38363007373749], [-70.51316191041691, -33.383664345757516], [-70.51290101910209, -33.38379364208846], [-70.51256769202516, -33.38408146497928], [-70.5125350230093, -33.38436562263685], [-70.51228013300175, -33.38484166164691], [-70.51225674240145, -33.38566169615003], [-70.51210641003009, -33.38566352815983], [-70.51168481114614, -33.385195732551225], [-70.51145604035169, -33.3850093463158], [-70.51126703523633, -33.384948590671534], [-70.511152650482, -33.38485539720021], [-70.51096364589682, -33.38479464107694], [-70.51058400177295, -33.384578561342636], [-70.51031928775205, -33.38448719699052], [-70.50959813444094, -33.38408609719282], [-70.50944725978067, -33.38405640368726], [-70.50929475093874, -33.38393214332908], [-70.50899245777974, -33.383841233144274], [-70.50827186008843, -33.38347164751161], [-70.50781869655134, -33.383351039213856], [-70.50781651970523, -33.38322495022576], [-70.50814985979713, -33.382937139713604], [-70.50833668095535, -33.382871811344316], [-70.50878711984814, -33.38283480663466], [-70.50912154453292, -33.38261003809233], [-70.50927132713485, -33.38257668761541], [-70.50953058613091, -33.38235283216416], [-70.5096030253825, -33.38219430669056], [-70.50978929890012, -33.382097453976364], [-70.5100115186252, -33.38190557703088], [-70.5101607546191, -33.38184070329913], [-70.51042327986231, -33.38180597939227], [-70.51064713302854, -33.38170866800507], [-70.51098045789772, -33.381420850244844], [-70.51135517984571, -33.38135322938925], [-70.51157903076565, -33.38125591637564], [-70.51172935558874, -33.38125408521711], [-70.5119902413, -33.38112479146387], [-70.51214056586892, -33.381122959813645]]]}}, {"type": "Feature", "properties": {"codigo": "Ee4", "capa_cad": "Ee4", "lamina": "edificacion"}, "geometry": {"type": "Polygon", "coordinates": [[[-70.60161770849327, -33.40862804658705], [-70.60225791950577, -33.40868283494167], [-70.60271133218039, -33.40880309004592], [-70.60297447220185, -33.40879968979406], [-70.60320291671285, -33.40895437828464], [-70.60354181941052, -33.40898152575347], [-70.60373209442562, -33.40910517850234], [-70.60407099781459, -33.4091323245019], [-70.60452731346868, -33.40941017614632], [-70.60486621820202, -33.409437319928514], [-70.60501832444939, -33.40952993631997], [-70.60539482145583, -33.40955659221385], [-70.60543821333042, -33.40987131215935], [-70.60574532953868, -33.41021414645506], [-70.6058268953978, -33.41055990016583], [-70.6059795848576, -33.410684035909], [-70.60602355982472, -33.41103027614776], [-70.60617625040605, -33.41115441160674], [-70.60622022646744, -33.411500651720104], [-70.60637291817035, -33.4116247868949], [-70.60637814178195, -33.41190847250582], [-70.6065319953683, -33.41209564868928], [-70.606580036912, -33.41266253288371], [-70.60677206599202, -33.412880742367115], [-70.60678309696704, -33.41347963395753], [-70.60693695431625, -33.41366680948412], [-70.60698558046128, -33.41426521388036], [-70.60713943969208, -33.41445238907851], [-70.6071880678903, -33.41505079326783], [-70.60734192900273, -33.41523796813749], [-70.60742873450393, -33.41586740548231], [-70.60781048849317, -33.416177738407356], [-70.60781281256756, -33.4163038207211], [-70.60754965054046, -33.41630723190731], [-70.60732175968472, -33.41618407299324], [-70.6065964325545, -33.415594436392944], [-70.60659527142563, -33.41553139519152], [-70.60640439763829, -33.415376226894764], [-70.6063615791777, -33.41509302834884], [-70.60563626768966, -33.41450338556707], [-70.60558985502263, -33.41198173534885], [-70.60547417636927, -33.41182559198399], [-70.60538623011722, -33.411133111051264], [-70.60511902384779, -33.41091587210077], [-70.60485471805637, -33.41085623578749], [-70.60432900569448, -33.41089456473663], [-70.60414336246104, -33.411023078379095], [-70.60373042582466, -33.41105994625786], [-70.60361880743706, -33.411124445689744], [-70.60331690950004, -33.41106529209748], [-70.6031248930278, -33.410847076824716], [-70.60308208801618, -33.410563876563415], [-70.60273796771564, -33.41025304184432], [-70.60269458529602, -33.40993832068765], [-70.60231287709645, -33.409627970354244], [-70.60231171932458, -33.40956492895967], [-70.60215903692024, -33.40944078846448], [-70.60211623591422, -33.40915758769395], [-70.60162002295573, -33.40875412943744], [-70.60161770849327, -33.40862804658705]]]}}, {"type": "Feature", "properties": {"codigo": "Ee4", "capa_cad": "Ee4", "lamina": "edificacion"}, "geometry": {"type": "Polygon", "coordinates": [[[-70.48384556759758, -33.40823258631456], [-70.4838482479491, -33.40839019864089], [-70.48373707594934, -33.408486115063425], [-70.48373761198394, -33.408517637529286], [-70.48347445801143, -33.40852078486835], [-70.48343632865739, -33.40848971197253], [-70.48328595499139, -33.40849151015384], [-70.48328059631955, -33.40817628542178], [-70.48335578288284, -33.4081753863646], [-70.48339284025992, -33.4081434143464], [-70.48373117962376, -33.408139367927866], [-70.48384556759758, -33.40823258631456]]]}}, {"type": "Feature", "properties": {"codigo": "Ee5", "capa_cad": "Ee5", "lamina": "edificacion"}, "geometry": {"type": "Polygon", "coordinates": [[[-70.57014771049569, -33.42542512522638], [-70.57015281901165, -33.42570881519495], [-70.56988962379577, -33.42571214731768], [-70.5698514569679, -33.425681102178174], [-70.56970105973302, -33.42568300594987], [-70.56966289298308, -33.42565196074984], [-70.56951249578485, -33.42565386429146], [-70.5695090914952, -33.425464737587475], [-70.56954612332251, -33.42543274060521], [-70.57014771049569, -33.42542512522638]]]}}, {"type": "Feature", "properties": {"codigo": "Ee5", "capa_cad": "Ee5", "lamina": "edificacion"}, "geometry": {"type": "Polygon", "coordinates": [[[-70.58708998383689, -33.42025952919261], [-70.58720105282752, -33.4201635231477], [-70.58746422910266, -33.42016015478476], [-70.58750239947658, -33.42019119441558], [-70.58753999609642, -33.42019071316336], [-70.58757816651017, -33.42022175276951], [-70.58765335977253, -33.420220790206976], [-70.58769153023879, -33.42025182977651], [-70.58784191680353, -33.42024990446695], [-70.58788008734766, -33.42028094397593], [-70.58806807059688, -33.42027853702294], [-70.5880709404755, -33.420436141330285], [-70.5880339177244, -33.42046814360806], [-70.58803621359267, -33.420594227052504], [-70.58777303608102, -33.420597596667356], [-70.58773486543026, -33.42056655712992], [-70.58758447831181, -33.42056848232573], [-70.58754630773892, -33.420537442727735], [-70.58739592065692, -33.420539367693486], [-70.58735775016189, -33.420508328034934], [-70.58716976635267, -33.42051073392607], [-70.58709342557091, -33.42044865445127], [-70.58708998383689, -33.42025952919261]]]}}, {"type": "Feature", "properties": {"codigo": "Ee5", "capa_cad": "Ee5", "lamina": "edificacion"}, "geometry": {"type": "Polygon", "coordinates": [[[-70.58876518019999, -33.41932376239874], [-70.58895316130582, -33.41932135416511], [-70.58899133181079, -33.41935239333679], [-70.58914171673007, -33.419350466497065], [-70.58921805792289, -33.419412544706596], [-70.58925565417584, -33.419412062944275], [-70.58929382482565, -33.41944310201802], [-70.5894442098792, -33.419441174807005], [-70.58948238060688, -33.419472213820214], [-70.58955757315366, -33.419471250122456], [-70.58956044563544, -33.41962885433631], [-70.58952342378011, -33.419660857036604], [-70.58952457275372, -33.41972389872177], [-70.58948755084587, -33.41975590141246], [-70.5894886997977, -33.419818943097745], [-70.58945167783733, -33.41985094577882], [-70.58945282676738, -33.41991398746426], [-70.58941580475452, -33.41994599013574], [-70.58941695366278, -33.42000903182129], [-70.58911618157953, -33.420012886052575], [-70.58907801073268, -33.41998184693237], [-70.58892762472031, -33.41998377372685], [-70.58888945395135, -33.41995273454612], [-70.58885185745869, -33.41995321620431], [-70.58881368672957, -33.419922176998895], [-70.58866330080075, -33.41992410346992], [-70.58862513014948, -33.41989306420396], [-70.58862283349107, -33.419766980781304], [-70.5886598557317, -33.41973497833936], [-70.58865870738249, -33.41967193662783], [-70.58869572957062, -33.41963993417628], [-70.58869228446835, -33.41945080904002], [-70.58872930655325, -33.4194188065805], [-70.58872873235998, -33.41938728572427], [-70.58876575440505, -33.41935528325474], [-70.58876518019999, -33.41932376239874]]]}}, {"type": "Feature", "properties": {"codigo": "Ee5", "capa_cad": "Ee5", "lamina": "edificacion"}, "geometry": {"type": "Polygon", "coordinates": [[[-70.58646779529579, -33.41913247368377], [-70.5864700887843, -33.419258557251204], [-70.58631970382845, -33.41926048084759], [-70.58628268089375, -33.41929248261251], [-70.5862450846381, -33.41929296347233], [-70.58602294637294, -33.41948497377831], [-70.58602409280927, -33.41954801557239], [-70.58598706964467, -33.41958001725441], [-70.58599050889896, -33.41976914263499], [-70.58602867859022, -33.41980018274191], [-70.5860326911954, -33.42002082900633], [-70.58599566784059, -33.42005283069441], [-70.58599681428188, -33.420115872483535], [-70.5858464278136, -33.42011779554954], [-70.5858082580411, -33.42008675539022], [-70.58565787160927, -33.420088678226165], [-70.58561970191464, -33.42005763800631], [-70.58513094607747, -33.42006388580924], [-70.58509277657485, -33.4200328454212], [-70.5847920037785, -33.42003668917069], [-70.5847538344045, -33.4200056486743], [-70.58467864122186, -33.42000660947387], [-70.58456470603872, -33.41994500875387], [-70.58441431976064, -33.41994693007513], [-70.58437615055685, -33.41991588945688], [-70.58422576431524, -33.41991781054808], [-70.58418759518932, -33.41988676986931], [-70.58411240208854, -33.419887730322664], [-70.5840360639689, -33.419825648879176], [-70.58399846744253, -33.41982612906485], [-70.58388453295497, -33.41976452769699], [-70.5838093399485, -33.41976548796356], [-70.58377117103443, -33.41973444714952], [-70.58362078506156, -33.41973636749817], [-70.58358261622537, -33.419705326623586], [-70.5835450197426, -33.419705806670315], [-70.58343108571876, -33.41964420487058], [-70.58342879658902, -33.41951812112533], [-70.58346582069923, -33.41948612018004], [-70.58346467611435, -33.419423078307204], [-70.58357574820599, -33.419327075411225], [-70.58380132610652, -33.41932419493283], [-70.58383949484522, -33.419355235744526], [-70.58387709117156, -33.41935475561297], [-70.58399102510656, -33.41941635700751], [-70.58406621780546, -33.41941539663963], [-70.58418015194786, -33.41947699785352], [-70.58429294106297, -33.41947555711037], [-70.58433111003886, -33.41950659776289], [-70.5844814955639, -33.41950467656475], [-70.5845196646177, -33.41953571715674], [-70.58455726100941, -33.41953523681678], [-70.58459543010302, -33.41956627738411], [-70.58463302650654, -33.419565797020795], [-70.58474696122856, -33.41962739769481], [-70.58489734693156, -33.41962547598644], [-70.58497368546101, -33.41968755688868], [-70.5850112819099, -33.4196870764092], [-70.58504945122803, -33.41971811682931], [-70.58519983706539, -33.41971619474966], [-70.5852380064614, -33.41974723510923], [-70.58527560293118, -33.41974675454889], [-70.58531262643403, -33.41971475307035], [-70.58546301224641, -33.41971283067184], [-70.58550003566425, -33.41968082913962], [-70.58553763210065, -33.419680348500705], [-70.58575977195073, -33.41948833902386], [-70.58575862570802, -33.41942529722111], [-70.585795648896, -33.41939329560599], [-70.58579221011315, -33.41920417019609], [-70.58582980633881, -33.41920368947465], [-70.58601492141861, -33.41904368120088], [-70.5862029021718, -33.41904127715247], [-70.58627924106821, -33.4191033572442], [-70.58631683724153, -33.41910287637642], [-70.58635500674313, -33.41913391639127], [-70.58646779529579, -33.41913247368377]]]}}, {"type": "Feature", "properties": {"codigo": "Ee5", "capa_cad": "Ee5", "lamina": "edificacion"}, "geometry": {"type": "Polygon", "coordinates": [[[-70.59133976320177, -33.418218795771345], [-70.59149014599525, -33.41821686614223], [-70.59152831687047, -33.41824790452579], [-70.59153234314908, -33.41846855025615], [-70.59134954021411, -33.41875464972525], [-70.59135644179032, -33.41913289954562], [-70.59139461303441, -33.419163937955474], [-70.59136506894185, -33.41960571178683], [-70.59132804778103, -33.419637715006196], [-70.5913337992005, -33.41995292314989], [-70.59137312113167, -33.42004700317761], [-70.59167791992338, -33.42026378912162], [-70.5918283062174, -33.420261858978826], [-70.5920550364599, -33.420322005024495], [-70.59228061600469, -33.42031910905179], [-70.59250907341828, -33.42047381663547], [-70.59265946001352, -33.42047188547443], [-70.59269763231087, -33.42050292344558], [-70.59280984659443, -33.420469954131164], [-70.59329917875131, -33.420495196787854], [-70.59337840333113, -33.42071487620273], [-70.59360743966235, -33.42090110243957], [-70.59379715189806, -33.42099324908031], [-70.59421129341261, -33.42101945434625], [-70.59443802710766, -33.421079595920006], [-70.59504015352499, -33.42110338145644], [-70.59511650035203, -33.42116545584741], [-70.59511938306193, -33.421323059591714], [-70.59485966296958, -33.42151556881017], [-70.59478677457156, -33.421642618782684], [-70.59471215674881, -33.42167510645819], [-70.59388559582193, -33.42171726037729], [-70.59358078653577, -33.42150048022249], [-70.59335462816856, -33.42147185787475], [-70.59313019741917, -33.42153779744442], [-70.59279182350257, -33.42154214370631], [-70.59267788084826, -33.42148055068534], [-70.59196180992112, -33.4213951600378], [-70.5916963292632, -33.4212724548483], [-70.59090506680293, -33.421188023053595], [-70.5905643942989, -33.42106627992879], [-70.59041400652563, -33.421068208580145], [-70.59037583475573, -33.4210371698919], [-70.5903012156863, -33.421069654949086], [-70.58977428372236, -33.421044882483756], [-70.58980613451057, -33.420729192210736], [-70.58984315669575, -33.42069718942101], [-70.59003114066272, -33.42069477946691], [-70.59006931215933, -33.420725818270974], [-70.59036951174689, -33.42069044083204], [-70.59066626154632, -33.42046593774939], [-70.59073800526117, -33.42027584838581], [-70.59073570551561, -33.42014976510039], [-70.59087919187962, -33.41976958626067], [-70.59087574202677, -33.419580461329055], [-70.5909486346233, -33.41945341349747], [-70.59094633464503, -33.41932733020823], [-70.59101922694084, -33.41920028233945], [-70.59108751873953, -33.418821067852534], [-70.59119858141207, -33.41872505838943], [-70.59123445208347, -33.418630013571025], [-70.5912292763846, -33.41834632616818], [-70.59133976320177, -33.418218795771345]]]}}, {"type": "Feature", "properties": {"codigo": "Ee5", "capa_cad": "Ee5", "lamina": "edificacion"}, "geometry": {"type": "Polygon", "coordinates": [[[-70.57423362726841, -33.41843710196698], [-70.57423760983411, -33.418657749537076], [-70.57420058256118, -33.41868974781983], [-70.57420172041968, -33.418752789982], [-70.57416469309422, -33.41878478825514], [-70.5741652620121, -33.418816309336364], [-70.57412823464679, -33.418848307599475], [-70.57412937245986, -33.418911349762226], [-70.57409234504203, -33.41894334801571], [-70.5740929139372, -33.41897486909723], [-70.57401772125601, -33.41897582340893], [-70.57398069376943, -33.41900782163076], [-70.57394309741304, -33.41900829875871], [-70.5738690423295, -33.41907229514945], [-70.57371865677943, -33.4190742034608], [-70.57371751925614, -33.41901116128726], [-70.57367935414682, -33.4189801172479], [-70.57367821665599, -33.41891707507221], [-70.57364005160272, -33.41888603101867], [-70.57363777668952, -33.418759946662306], [-70.57367480420474, -33.418727948541054], [-70.57367423546596, -33.418696427451934], [-70.57371126294134, -33.41866442932066], [-70.57371069419077, -33.418632908231785], [-70.5737477216263, -33.41860091009048], [-70.57374658410242, -33.41853786791301], [-70.57378361148544, -33.418505869762086], [-70.57378190516819, -33.41841130649579], [-70.57381893248599, -33.41837930833565], [-70.57408210508034, -33.418375968519484], [-70.57412027005451, -33.41840701244133], [-70.57415786614855, -33.41840653526722], [-70.57419603116257, -33.41843757916442], [-70.57423362726841, -33.41843710196698]]]}}, {"type": "Feature", "properties": {"codigo": "Ee5", "capa_cad": "Ee5", "lamina": "edificacion"}, "geometry": {"type": "Polygon", "coordinates": [[[-70.58328510771403, -33.41781743016638], [-70.58332213118277, -33.417785429275234], [-70.58347251381433, -33.417783509387114], [-70.58351068174281, -33.41781455033077], [-70.58354827741115, -33.417814070318315], [-70.58358644537948, -33.4178451112373], [-70.58373682809466, -33.41784319102577], [-70.58385133231468, -33.41793631356305], [-70.5838889280293, -33.41793583344582], [-70.58392709616962, -33.417966874254226], [-70.58403988334615, -33.41796543379834], [-70.58407805155166, -33.41799647455817], [-70.58411564728807, -33.41799599437147], [-70.5841538155334, -33.41802703510664], [-70.58422900702891, -33.41802607467516], [-70.58426717532677, -33.41805711537372], [-70.58427003809723, -33.41821472002803], [-70.58423301481257, -33.41824672119521], [-70.58423358735664, -33.418278242125965], [-70.58419656403215, -33.41831024328313], [-70.58419713656444, -33.41834176421413], [-70.58416011320011, -33.41837376536127], [-70.58397213369919, -33.4183761662721], [-70.58393396535816, -33.41834512548528], [-70.5838587735769, -33.41834608574598], [-70.5838206052884, -33.418315044922544], [-70.58374541352894, -33.41831600511377], [-70.58370724529294, -33.41828496425372], [-70.58366964942456, -33.4182854443203], [-70.58363148122838, -33.41825440343559], [-70.58355628951433, -33.41825536351066], [-70.58351812137066, -33.418224322589325], [-70.5834429296784, -33.418225282594925], [-70.58340476158723, -33.41819424163698], [-70.58336716575245, -33.418194721610746], [-70.58332899770113, -33.41816368062815], [-70.58325380605424, -33.41816464051759], [-70.58325094512507, -33.418007035784456], [-70.58328796868436, -33.417975034901716], [-70.58328510771403, -33.41781743016638]]]}}, {"type": "Feature", "properties": {"codigo": "Ee5", "capa_cad": "Ee5", "lamina": "edificacion"}, "geometry": {"type": "Polygon", "coordinates": [[[-70.59021558076597, -33.41637305034417], [-70.59025317569088, -33.41637256831805], [-70.5902901959238, -33.416340565432726], [-70.59062855007738, -33.41633622658796], [-70.59066671980564, -33.41636726527925], [-70.59085469436747, -33.4163648543516], [-70.59089286418626, -33.41639589297037], [-70.59100564895064, -33.41639444624126], [-70.5910438188346, -33.41642548481146], [-70.59108141376696, -33.41642500253369], [-70.59111958369074, -33.416456041079215], [-70.59115717863487, -33.4164555587781], [-70.59119534859848, -33.416486597298956], [-70.59134572841675, -33.41648466793278], [-70.5913491788835, -33.41667379291565], [-70.59131215891621, -33.41670579610818], [-70.59131618441275, -33.416926441916665], [-70.59127916432956, -33.41695844510163], [-70.59128088951776, -33.41705300758965], [-70.59109291351223, -33.417055419206704], [-70.59105474332624, -33.41702438066334], [-70.59094195775022, -33.417025827461046], [-70.59090378762941, -33.41699478886909], [-70.59079100208336, -33.41699623552842], [-70.59075283202773, -33.41696519688789], [-70.59060245133784, -33.416967125559744], [-70.59056428136006, -33.41693608685865], [-70.59052668619803, -33.41693656898619], [-70.59048851626007, -33.41690553026043], [-70.59033813565371, -33.41690745860887], [-70.5902999657936, -33.416876419822586], [-70.5901119900789, -33.41687882994212], [-70.59010969153418, -33.416752746549214], [-70.59014671197711, -33.416720743702285], [-70.59014556268478, -33.416657702005615], [-70.5901825830752, -33.4166256991491], [-70.59018085910536, -33.41653113660404], [-70.59021787943061, -33.41649913373833], [-70.59021558076597, -33.41637305034417]]]}}, {"type": "Feature", "properties": {"codigo": "Ee5", "capa_cad": "Ee5", "lamina": "edificacion"}, "geometry": {"type": "Polygon", "coordinates": [[[-70.53276673323845, -33.4169386758022], [-70.5331426951956, -33.41693402905445], [-70.53318084545697, -33.416965086021264], [-70.53344401886463, -33.416961832536664], [-70.53348216924213, -33.416992889407226], [-70.5335949578706, -33.41699149485004], [-70.53359717476154, -33.4171175816402], [-70.53356013270994, -33.417149568203875], [-70.53356068692212, -33.417181089901376], [-70.53352364483064, -33.41721307645497], [-70.53352475323217, -33.41727611985025], [-70.533111193527, -33.41728123252974], [-70.5330730431467, -33.41725017554626], [-70.53277227248816, -33.41725389289759], [-70.53276673323845, -33.4169386758022]]]}}, {"type": "Feature", "properties": {"codigo": "Ee5", "capa_cad": "Ee5", "lamina": "edificacion"}, "geometry": {"type": "Polygon", "coordinates": [[[-70.53911769764723, -33.41670238467754], [-70.53949365746489, -33.416697718712086], [-70.53953180980193, -33.4167287736643], [-70.53971978974181, -33.416726440194815], [-70.53975794216953, -33.416757495074656], [-70.53990832615666, -33.41675562804632], [-70.53994647866236, -33.41678668286572], [-70.54009686268647, -33.41678481560741], [-70.54013501527012, -33.416815870366364], [-70.5402853993312, -33.41681400287807], [-70.54032355199281, -33.41684505757658], [-70.54058672415528, -33.41684178895004], [-70.540624876933, -33.416872843552284], [-70.54073766502773, -33.41687144250569], [-70.54074546030061, -33.41731274478686], [-70.540708420878, -33.417344733412364], [-70.54071064807921, -33.41747081977388], [-70.54067360857862, -33.41750280839049], [-70.54067583574285, -33.41762889475087], [-70.54063879616429, -33.41766088335858], [-70.54064158007553, -33.41781849130718], [-70.54060454040629, -33.41785047990639], [-70.54060565395143, -33.41791352308542], [-70.54056861422961, -33.417945511674944], [-70.54057139804412, -33.41810311962152], [-70.54053435823161, -33.41813510820255], [-70.54053881227823, -33.418387280911396], [-70.5405017723369, -33.41841926948507], [-70.54050288583181, -33.41848231266136], [-70.54046584583791, -33.418514301225365], [-70.54046751604864, -33.41860886598972], [-70.54043047598948, -33.41864085454443], [-70.54043381635807, -33.41882998407089], [-70.54039677619554, -33.41886197261748], [-70.54039955979631, -33.4190195805535], [-70.54036251954305, -33.41905156909158], [-70.54036530310196, -33.41920917702532], [-70.54032826275801, -33.41924116555488], [-70.54032937616223, -33.41930420872798], [-70.54029233576573, -33.41933619724788], [-70.54029678931555, -33.419588369936584], [-70.54014862705131, -33.41971632392408], [-70.5398478488898, -33.41972005867181], [-70.53980969509198, -33.41968900387197], [-70.53965930604129, -33.419690870924725], [-70.53962115232143, -33.419659816064446], [-70.53947076330769, -33.41966168288719], [-70.53931870524609, -33.4195689847284], [-70.53916831636754, -33.41957085118004], [-70.53913016287068, -33.4195397961616], [-70.53886698238884, -33.419543061929886], [-70.5388288290081, -33.41951200681516], [-70.53860324578042, -33.41951480552929], [-70.53856509250309, -33.41948375033023], [-70.53848989811236, -33.41948468311994], [-70.53845174488758, -33.41945362788433], [-70.53830135614656, -33.41945549327931], [-70.53826320299979, -33.41942443798325], [-70.53822560582508, -33.41942490429158], [-70.53822004641479, -33.41910968811349], [-70.5382570875039, -33.41907770019254], [-70.5382559756068, -33.419014656955675], [-70.53829301664334, -33.418982669025034], [-70.5382902368522, -33.41882506093185], [-70.53832727779805, -33.41879307299269], [-70.53832505392987, -33.41866698651666], [-70.53836209479773, -33.418634998568606], [-70.53836042686756, -33.41854043371096], [-70.53839746767014, -33.418508445753616], [-70.53839635569558, -33.418445402515125], [-70.5384333964456, -33.418413414548105], [-70.53846821312808, -33.418255340094724], [-70.53854173835732, -33.41815984249291], [-70.53854062629323, -33.418096799255146], [-70.53857766684568, -33.41806481124905], [-70.53857655475962, -33.41800176801138], [-70.53861359525949, -33.4179697799956], [-70.53861192709878, -33.417875215139006], [-70.53868600794084, -33.417811239078425], [-70.53872082396647, -33.41765316455928], [-70.53886787273905, -33.41746216904265], [-70.5388667604687, -33.417399125807464], [-70.53890380061159, -33.41736713771236], [-70.53890101988732, -33.417209529623356], [-70.53897509996459, -33.41714555340569], [-70.5389739876301, -33.41708251017046], [-70.5390110276026, -33.41705052204672], [-70.53900935906923, -33.41695595719376], [-70.53904639897645, -33.41692396906075], [-70.5390452865998, -33.416860925825375], [-70.53911881006951, -33.41676542791238], [-70.53911769764723, -33.41670238467754]]]}}, {"type": "Feature", "properties": {"codigo": "Ee5", "capa_cad": "Ee5", "lamina": "edificacion"}, "geometry": {"type": "Polygon", "coordinates": [[[-70.58513395660023, -33.416091289142], [-70.5851368207231, -33.416248893780136], [-70.5850997985718, -33.41628089518193], [-70.58510037138637, -33.41631241610945], [-70.58502632697703, -33.416376418882585], [-70.58502747255811, -33.41643946073875], [-70.58499045028736, -33.41647146211051], [-70.58499159584665, -33.416534503966794], [-70.58495457352338, -33.416566505328944], [-70.58495629183096, -33.41666106811331], [-70.58491926944251, -33.416693069466255], [-70.58469369846723, -33.41669595177813], [-70.58465553063915, -33.41666491119123], [-70.58454274517753, -33.41666635215758], [-70.58450457741465, -33.4166353115221], [-70.58446698227166, -33.416635791809476], [-70.5844288145486, -33.41660475114935], [-70.58439121941741, -33.41660523141338], [-70.58435305173418, -33.4165741907286], [-70.58431545661477, -33.41657467096929], [-70.5843131664734, -33.41644858721557], [-70.58435018899182, -33.416416586038885], [-70.58434904390111, -33.41635354416183], [-70.58438606636703, -33.41632154297553], [-70.58438492125453, -33.41625850109859], [-70.58442194366793, -33.41622649990269], [-70.58442137110033, -33.41619497896437], [-70.58445839347392, -33.41616297775846], [-70.58445724831603, -33.41609993588212], [-70.58449427063712, -33.41606793466661], [-70.58449369804684, -33.41603641372858], [-70.58453129293105, -33.41603593344067], [-70.58456831519784, -33.41600393220432], [-70.5846059100667, -33.416003451894206], [-70.5846429322919, -33.41597145063665], [-70.58486850139958, -33.415968568471975], [-70.58490666898554, -33.415999609003414], [-70.58494426384638, -33.41599912859082], [-70.58498243147216, -33.41603016909761], [-70.5850200263448, -33.41602968866167], [-70.58505819401039, -33.41606072914381], [-70.5850957888948, -33.41606024868453], [-70.58513395660023, -33.416091289142]]]}}, {"type": "Feature", "properties": {"codigo": "Ee5", "capa_cad": "Ee5", "lamina": "edificacion"}, "geometry": {"type": "Polygon", "coordinates": [[[-70.5908316992795, -33.415104020651306], [-70.591057265467, -33.4151011273001], [-70.5910954347832, -33.41513216587684], [-70.59117062353054, -33.415131201311425], [-70.59120879289925, -33.41516223985153], [-70.59124638728426, -33.415161757539785], [-70.59128455669277, -33.41519279605523], [-70.59143493427456, -33.41519086664655], [-70.59147310376092, -33.41522190510147], [-70.59169867018281, -33.4152190105751], [-70.59170097089005, -33.4153450939018], [-70.59166395159983, -33.415377097185434], [-70.59166625227068, -33.41550318051106], [-70.59136549605005, -33.4155070397387], [-70.59132732647153, -33.415476001254596], [-70.59113935386792, -33.41547841284203], [-70.59110118437991, -33.41544737428542], [-70.59106358986918, -33.41544785655679], [-70.59102542042099, -33.415416817975526], [-70.59087504241982, -33.41541874689928], [-70.59087446753844, -33.415387226055564], [-70.59083629818257, -33.41535618741302], [-70.5908316992795, -33.415104020651306]]]}}, {"type": "Feature", "properties": {"codigo": "Ee5", "capa_cad": "Ee5", "lamina": "edificacion"}, "geometry": {"type": "Polygon", "coordinates": [[[-70.59173992361352, -33.413358316326445], [-70.59189259882206, -33.41348246981173], [-70.5918960500814, -33.413671594835925], [-70.59182201299102, -33.41373560147963], [-70.59182316336727, -33.41379864315462], [-70.59178614475601, -33.413830646461676], [-70.59179017101233, -33.41405129232167], [-70.59167911474957, -33.41414730218888], [-70.59167968989459, -33.41417882302657], [-70.59130375031856, -33.414183646820014], [-70.59126558136029, -33.414152608292746], [-70.59122798741043, -33.41415309059751], [-70.59122741242913, -33.41412156975277], [-70.59118924352512, -33.414090531200095], [-70.59118119408353, -33.413649239345595], [-70.59121821285018, -33.413617236213966], [-70.59121706291891, -33.41355419451857], [-70.59125408163308, -33.41352219137733], [-70.59125350665612, -33.413490670529775], [-70.59132754397766, -33.41342666421689], [-70.59140273124687, -33.41342569955407], [-70.591439749838, -33.41339369636041], [-70.5914773434568, -33.413393214001104], [-70.59151436200634, -33.41336121078621], [-70.59173992361352, -33.413358316326445]]]}}, {"type": "Feature", "properties": {"codigo": "Ee5", "capa_cad": "Ee5", "lamina": "edificacion"}, "geometry": {"type": "Polygon", "coordinates": [[[-70.57381121405335, -33.40961453140304], [-70.57381348842841, -33.409740615934986], [-70.57377646464433, -33.409772614029166], [-70.57377760181181, -33.40983565629491], [-70.57374057797522, -33.409867654379475], [-70.5737411465476, -33.40989917551249], [-70.57370412267119, -33.409931173587026], [-70.57370469123177, -33.40996269472028], [-70.57366766731553, -33.40999469278479], [-70.573668804414, -33.41005773505159], [-70.57363178044527, -33.41008973310648], [-70.57363234898314, -33.410121254240025], [-70.57359532497458, -33.41015325228491], [-70.57359589350067, -33.41018477341866], [-70.57355886945227, -33.410216771453534], [-70.57355943796655, -33.41024829258753], [-70.57352241387837, -33.41028029061238], [-70.5732968582396, -33.410283151719334], [-70.57325869722341, -33.41025210739227], [-70.57322110462654, -33.41025258419163], [-70.57318294365018, -33.410221539839924], [-70.57310775847914, -33.410222493380594], [-70.57306959755529, -33.41019144899229], [-70.57299441240608, -33.41019240246352], [-70.57299213917543, -33.41006631789111], [-70.57302916337719, -33.410034320020486], [-70.57302859505906, -33.41000279887736], [-70.57306561922098, -33.40997080099673], [-70.57306505089107, -33.40993927985384], [-70.57310207501318, -33.409907281963186], [-70.57310093833061, -33.409844239677675], [-70.57313796240022, -33.409812241777395], [-70.57313739404758, -33.40978072063479], [-70.57317441807739, -33.4097487227245], [-70.57317384971293, -33.40971720158211], [-70.5732108737029, -33.409685203661795], [-70.57321030532667, -33.40965368251965], [-70.57324732927682, -33.40962168458932], [-70.57324619250163, -33.4095586423053], [-70.57328321639929, -33.40952664436534], [-70.57328264800033, -33.40949512322348], [-70.57347060933886, -33.40949273906709], [-70.57350877008426, -33.40952378334011], [-70.573546362362, -33.40952330646273], [-70.57358452314722, -33.40955435071112], [-70.57362211543675, -33.4095538738104], [-70.57366027626179, -33.409584918034156], [-70.57369786856313, -33.409584441110106], [-70.57373602942798, -33.4096154853092], [-70.57381121405335, -33.40961453140304]]]}}, {"type": "Feature", "properties": {"codigo": "Ee5", "capa_cad": "Ee5", "lamina": "edificacion"}, "geometry": {"type": "Polygon", "coordinates": [[[-70.48382244807975, -33.40908414252457], [-70.48382298415734, -33.409115664986174], [-70.4838611139268, -33.409146737748735], [-70.4838627222078, -33.409241305130394], [-70.48390085204761, -33.4092723778782], [-70.48390514094893, -33.40952455754965], [-70.4838675470959, -33.409525007266346], [-70.4838304893313, -33.409556979430896], [-70.48379289546304, -33.40955742912535], [-70.48375583765689, -33.40958940126856], [-70.48330471099968, -33.40959479658372], [-70.48329560081089, -33.40905891462919], [-70.48359635008356, -33.40905531800736], [-70.48363447974779, -33.409086390842845], [-70.48382244807975, -33.40908414252457]]]}}, {"type": "Feature", "properties": {"codigo": "Ee5", "capa_cad": "Ee5", "lamina": "edificacion"}, "geometry": {"type": "Polygon", "coordinates": [[[-70.5613962769089, -33.40504216365526], [-70.56188495419336, -33.40503601179575], [-70.56192198054808, -33.405004017159804], [-70.56233547643701, -33.404998810118755], [-70.56234168432083, -33.4053455447407], [-70.56237983937204, -33.405376592626524], [-70.56238491875874, -33.405660284568164], [-70.56234789231092, -33.405692279342226], [-70.5623518429054, -33.40591292862345], [-70.5623899982166, -33.405943976496104], [-70.56240467260568, -33.40676353087781], [-70.56236764571379, -33.406795525665686], [-70.56237554737625, -33.407236824137165], [-70.56211240689885, -33.407240138148126], [-70.56207425109693, -33.40720909020993], [-70.56203665960933, -33.4072095635826], [-70.56199850384722, -33.40717851561977], [-70.56196091237143, -33.4071789889691], [-70.56192275664915, -33.40714794098166], [-70.56188516518517, -33.407148414307656], [-70.56177069821918, -33.407055270233414], [-70.56173310679239, -33.407055743512196], [-70.56169495120402, -33.407024695450126], [-70.56165735978902, -33.40702516870557], [-70.56158104871905, -33.40696307251955], [-70.56154345732855, -33.40696354573972], [-70.56154289322475, -33.4069320244075], [-70.56146658231756, -33.40686992814539], [-70.56146376195615, -33.4067123214745], [-70.56150078915665, -33.40668032694748], [-70.56149966099285, -33.40661728427874], [-70.56153668814083, -33.406585289742075], [-70.56153048316315, -33.406238555056234], [-70.56156751014444, -33.40620656051349], [-70.56156243330935, -33.40592286848614], [-70.56152427829171, -33.40589182034995], [-70.56152202200117, -33.40576573499714], [-70.56148386706843, -33.405734686845356], [-70.56148273895731, -33.40567164416647], [-70.56144458408059, -33.405640596000524], [-70.56144176389037, -33.40548298929672], [-70.561403609113, -33.40545194111444], [-70.56140248107194, -33.40538889843027], [-70.56136432635058, -33.40535785023384], [-70.56136037833564, -33.40513720082881], [-70.56139740493064, -33.405105206343144], [-70.5613962769089, -33.40504216365526]]]}}, {"type": "Feature", "properties": {"codigo": "Ee5", "capa_cad": "Ee5", "lamina": "edificacion"}, "geometry": {"type": "Polygon", "coordinates": [[[-70.60320770382859, -33.390794064392786], [-70.60321001902176, -33.3909201475078], [-70.60313600911543, -33.39098416030982], [-70.6031018979435, -33.39117377059133], [-70.60288044572276, -33.39139732947918], [-70.60284575518628, -33.39155541891894], [-70.60273473909321, -33.391651437807006], [-70.6027358963842, -33.39171447937074], [-70.60251444188513, -33.391938037655315], [-70.60251559902969, -33.39200107922294], [-70.60236757628894, -33.392129104020405], [-70.60233230606973, -33.392255672550085], [-70.60222128853428, -33.39235169101161], [-70.60218543956067, -33.392446738717965], [-70.60207442162395, -33.39254275705723], [-70.60196571700183, -33.39276485845736], [-70.60181769217881, -33.39289288264615], [-70.60167198009003, -33.39314698983338], [-70.60141351269807, -33.39340255227785], [-70.60137881884404, -33.39356064136119], [-70.60112034939405, -33.393816203240476], [-70.60112150561456, -33.393879244832014], [-70.60097347768968, -33.39400726808445], [-70.60067279689301, -33.39401114768107], [-70.60055888575839, -33.39394956073457], [-70.60040854543611, -33.3939515001187], [-70.60037038251193, -33.39392046412939], [-70.59976902128139, -33.393928219654356], [-70.59973085858681, -33.393897183461085], [-70.59972681534188, -33.393676537738216], [-70.59980025240608, -33.3935810060371], [-70.59979909715248, -33.39351796440177], [-70.59990954121031, -33.393390427185274], [-70.5999083858862, -33.39332738555136], [-70.5999453930344, -33.393295380065204], [-70.59994250467655, -33.39313777597951], [-70.60005294806182, -33.39301023864837], [-70.60005179265082, -33.39294719701501], [-70.60012465104269, -33.3928201443233], [-70.60012176241337, -33.392662540239336], [-70.60019519822914, -33.392567008327674], [-70.6002298939224, -33.39240891949892], [-70.60030390719743, -33.392344908345464], [-70.60030275163442, -33.39228186671309], [-70.60033975820596, -33.3922498611216], [-70.6003368692509, -33.39209225703973], [-70.60041030437245, -33.39199672501357], [-70.60040914874789, -33.39193368338094], [-70.60048258366244, -33.39183815131598], [-70.60048142799266, -33.391775109683955], [-70.60055544055908, -33.39171109839565], [-70.60055428484227, -33.39164805676457], [-70.6005912910595, -33.39161605110564], [-70.60058840171995, -33.39145844702705], [-70.600661836056, -33.3913629148667], [-70.60066068027764, -33.39129987323536], [-70.60073469231985, -33.3912358618513], [-70.60073353649449, -33.39117282022094], [-70.60077054244961, -33.39114081451413], [-70.60076765283863, -33.390983210437284], [-70.6008410865962, -33.39088767818153], [-70.6008399307093, -33.390824636550896], [-70.60087693648185, -33.390792630816186], [-70.6010272713315, -33.39079069102589], [-70.60121692410898, -33.39088282846095], [-70.60132967534527, -33.39088137332296], [-70.60144358289769, -33.39094295969408], [-70.60155633419909, -33.390941504347865], [-70.60159449618213, -33.39097254001288], [-70.60174483128867, -33.39097059934419], [-70.60178299334943, -33.391001634948694], [-70.6018581609226, -33.391000664522196], [-70.60189516638081, -33.39096865849349], [-70.60204550145855, -33.39096671746079], [-70.60212009058455, -33.3909342260811], [-70.60241613247918, -33.390678176962446], [-70.6024149754645, -33.3906151353783], [-70.60245198055402, -33.390583129192535], [-70.60271506569744, -33.39057973111997], [-70.6029052983642, -33.39070338672227], [-70.60320770382859, -33.390794064392786]]]}}, {"type": "Feature", "properties": {"codigo": "Ee5", "capa_cad": "Ee5", "lamina": "edificacion"}, "geometry": {"type": "Polygon", "coordinates": [[[-70.52712018746713, -33.386520113212256], [-70.52712073871186, -33.38655163516052], [-70.52727327676752, -33.386675872704416], [-70.52727382807073, -33.386707394649626], [-70.5275026360539, -33.38689375058179], [-70.52750318744445, -33.386925272522525], [-70.52792267143998, -33.387266923874584], [-70.52792598075258, -33.387456055467986], [-70.52774082023925, -33.38761597895497], [-70.52774137173088, -33.38764750088852], [-70.52770378805526, -33.387647963621035], [-70.52755565904819, -33.3877759021809], [-70.52751807531406, -33.38777636485874], [-70.52729588090372, -33.387968272320315], [-70.52729643224214, -33.38799979425863], [-70.52718533463289, -33.38809574784959], [-70.52714775075464, -33.38809621041918], [-70.52688852195, -33.38832010169016], [-70.52673818602482, -33.38832195155167], [-70.52654751072805, -33.388166653882706], [-70.52654640858567, -33.38810360998556], [-70.52624132975113, -33.38785513304619], [-70.52620374595985, -33.38785559532698], [-70.5262031950188, -33.38782407337186], [-70.52593625265152, -33.38760665529753], [-70.5258986689618, -33.38760711748293], [-70.52586053445906, -33.38757605769552], [-70.52585778041092, -33.38741844788588], [-70.52622810707737, -33.387098606089964], [-70.52622755614335, -33.38706708413134], [-70.52644975076585, -33.386875178554824], [-70.52648733413095, -33.38687471621146], [-70.52663546327948, -33.38674677890829], [-70.52667304658607, -33.386746316510255], [-70.52689523940916, -33.38655441017728], [-70.52689468824575, -33.38652288822573], [-70.52712018746713, -33.386520113212256]]]}}]}