{"type": "FeatureCollection", "features": [{"type": "Feature", "properties": {"uso": "UV", "edif": "EAb_base"}, "geometry": {"type": "Polygon", "coordinates": [[[-70.54363246552703, -33.398940341436216], [-70.54364609689823, -33.399060780305064], [-70.54341054100168, -33.399073359678994], [-70.54340840879051, -33.39895277772301], [-70.54363246552703, -33.398940341436216]]]}}, {"type": "Feature", "properties": {"uso": "UV", "edif": "EAb_base"}, "geometry": {"type": "Polygon", "coordinates": [[[-70.54463869870146, -33.39893264170615], [-70.54492642552428, -33.398943532030806], [-70.54492349338719, -33.39910277169536], [-70.54464151546371, -33.39909180979563], [-70.54463869870146, -33.39893264170615]]]}}, {"type": "Feature", "properties": {"uso": "UV", "edif": "EAb_base"}, "geometry": {"type": "Polygon", "coordinates": [[[-70.53436446235534, -33.39906013602209], [-70.53445401108347, -33.39924717801855], [-70.53411201042336, -33.399420259730434], [-70.53398796544629, -33.39923364402359], [-70.53436446235534, -33.39906013602209]]]}}, {"type": "Feature", "properties": {"uso": "UV", "edif": "EAb_base"}, "geometry": {"type": "Polygon", "coordinates": [[[-70.54781829295361, -33.39890266194458], [-70.54797222555447, -33.39915160678642], [-70.54765282370735, -33.399300321760514], [-70.54749314230706, -33.39905144822528], [-70.54781829295361, -33.39890266194458]]]}}, {"type": "Feature", "properties": {"uso": "UV", "edif": "EAb_base"}, "geometry": {"type": "Polygon", "coordinates": [[[-70.54494959392906, -33.39895289219147], [-70.54528898017075, -33.39895831400682], [-70.54529000487749, -33.399016193294564], [-70.54495061841058, -33.39901077148854], [-70.54494959392906, -33.39895289219147]]]}}, {"type": "Feature", "properties": {"uso": "UV", "edif": "EAb_base"}, "geometry": {"type": "Polygon", "coordinates": [[[-70.54323051789575, -33.39897428802751], [-70.54323196763207, -33.39905628376445], [-70.54303073768848, -33.399058786745286], [-70.5430235387191, -33.39897686250932], [-70.54323051789575, -33.39897428802751]]]}}, {"type": "Feature", "properties": {"uso": "UV", "edif": "EAb_base"}, "geometry": {"type": "Polygon", "coordinates": [[[-70.5488880241137, -33.3989086085105], [-70.54903569670743, -33.39912868413196], [-70.54887599692636, -33.399203043060616], [-70.5487339884184, -33.3989780722044], [-70.5488880241137, -33.3989086085105]]]}}, {"type": "Feature", "properties": {"uso": "UV", "edif": "EAb_base"}, "geometry": {"type": "Polygon", "coordinates": [[[-70.53287603156505, -33.39911713036461], [-70.53304734055213, -33.39937552841495], [-70.532315472062, -33.399616138809776], [-70.53218381834904, -33.39932347954264], [-70.53287603156505, -33.39911713036461]]]}}, {"type": "Feature", "properties": {"uso": "UV", "edif": "EAb_base"}, "geometry": {"type": "Polygon", "coordinates": [[[-70.54418560418614, -33.399000998553916], [-70.54418952944678, -33.39922286926793], [-70.54389630823655, -33.3992265186386], [-70.54389238372055, -33.39900464789401], [-70.54418560418614, -33.399000998553916]]]}}, {"type": "Feature", "properties": {"uso": "UV", "edif": "EAb_base"}, "geometry": {"type": "Polygon", "coordinates": [[[-70.54141438120637, -33.39903546074011], [-70.54141574406171, -33.39911263326375], [-70.54120310011089, -33.39912009943578], [-70.54120165227658, -33.399038103621244], [-70.54141438120637, -33.39903546074011]]]}}, {"type": "Feature", "properties": {"uso": "UV", "edif": "EAb_base"}, "geometry": {"type": "Polygon", "coordinates": [[[-70.5425298555155, -33.3990264207858], [-70.54253164555774, -33.39912770966977], [-70.54231316708123, -33.39913042594875], [-70.54231146252012, -33.39903396033513], [-70.5425298555155, -33.3990264207858]]]}}, {"type": "Feature", "properties": {"uso": "UV", "edif": "EAb_base"}, "geometry": {"type": "Polygon", "coordinates": [[[-70.54870541254749, -33.3989880775993], [-70.54885308483229, -33.39920815344486], [-70.54878469087741, -33.399242777635905], [-70.54863693312234, -33.399017878440496], [-70.54870541254749, -33.3989880775993]]]}}, {"type": "Feature", "properties": {"uso": "UV", "edif": "EAb_base"}, "geometry": {"type": "Polygon", "coordinates": [[[-70.54940117629377, -33.398984214519196], [-70.54944253521137, -33.39904641432231], [-70.5492429324892, -33.39914056940636], [-70.54920732307559, -33.39907829773964], [-70.54940117629377, -33.398984214519196]]]}}, {"type": "Feature", "properties": {"uso": "UV", "edif": "EAb_base"}, "geometry": {"type": "Polygon", "coordinates": [[[-70.53376271928919, -33.399178536748366], [-70.53392210819834, -33.39941295917205], [-70.533253740631, -33.39966726295679], [-70.53309925526779, -33.3993845355828], [-70.53376271928919, -33.399178536748366]]]}}, {"type": "Feature", "properties": {"uso": "UV", "edif": "EAb_base"}, "geometry": {"type": "Polygon", "coordinates": [[[-70.54323230874735, -33.399075576878865], [-70.54323256458402, -33.39909004671463], [-70.54295667724068, -33.39909830257457], [-70.54295305940163, -33.399218956059336], [-70.54279207512761, -33.399220958116835], [-70.54278977324978, -33.39909072956937], [-70.54323230874735, -33.399075576878865]]]}}, {"type": "Feature", "properties": {"uso": "UV", "edif": "EAb_base"}, "geometry": {"type": "Polygon", "coordinates": [[[-70.54387058043032, -33.39907245996787], [-70.54387331049234, -33.39922680483446], [-70.54341335553984, -33.39923252785712], [-70.54341088215664, -33.39909265279172], [-70.54387058043032, -33.39907245996787]]]}}, {"type": "Feature", "properties": {"uso": "UV", "edif": "EAb_base"}, "geometry": {"type": "Polygon", "coordinates": [[[-70.54860844280225, -33.39903270708005], [-70.54875611492734, -33.39925278304441], [-70.54868772089753, -33.39928740718386], [-70.54854013445151, -33.399072154402475], [-70.54860844280225, -33.39903270708005]]]}}, {"type": "Feature", "properties": {"uso": "UV", "edif": "EAb_base"}, "geometry": {"type": "Polygon", "coordinates": [[[-70.54165172646442, -33.39912417407794], [-70.54166011686192, -33.39927362437687], [-70.54120591062956, -33.399279267778354], [-70.54120344077865, -33.399139392568436], [-70.54165172646442, -33.39912417407794]]]}}, {"type": "Feature", "properties": {"uso": "UV", "edif": "EAb_base"}, "geometry": {"type": "Polygon", "coordinates": [[[-70.54746456625847, -33.39906145333897], [-70.54762999702963, -33.39931025518991], [-70.54748745844569, -33.39937957393454], [-70.54732769184876, -33.39912587691084], [-70.54746456625847, -33.39906145333897]]]}}, {"type": "Feature", "properties": {"uso": "UV", "edif": "EAb_base"}, "geometry": {"type": "Polygon", "coordinates": [[[-70.54276187862892, -33.39913931985227], [-70.54276443623037, -33.39928401823894], [-70.54231606485375, -33.399294417488306], [-70.54231350799442, -33.39914971907128], [-70.54276187862892, -33.39913931985227]]]}}, {"type": "Feature", "properties": {"uso": "UV", "edif": "EAb_base"}, "geometry": {"type": "Polygon", "coordinates": [[[-70.54945437651962, -33.39906556376721], [-70.54949573551535, -33.39912776354958], [-70.54933037234876, -33.39920701812519], [-70.54929467723075, -33.399139923222066], [-70.54945437651962, -33.39906556376721]]]}}, {"type": "Feature", "properties": {"uso": "UV", "edif": "EAb_base"}, "geometry": {"type": "Polygon", "coordinates": [[[-70.54851730794012, -33.39908208799091], [-70.54865914492103, -33.3992974125707], [-70.54849944449629, -33.39937177103071], [-70.54835752221133, -33.39915162299603], [-70.54851730794012, -33.39908208799091]]]}}, {"type": "Feature", "properties": {"uso": "UV", "edif": "EAb_base"}, "geometry": {"type": "Polygon", "coordinates": [[[-70.53446009972556, -33.399266400099805], [-70.53455590716632, -33.39948231068017], [-70.53426531208909, -33.39963545956725], [-70.53412959795735, -33.39943933963552], [-70.53446009972556, -33.399266400099805]]]}}, {"type": "Feature", "properties": {"uso": "UV", "edif": "EAb_base"}, "geometry": {"type": "Polygon", "coordinates": [[[-70.54917874723107, -33.39908830324283], [-70.54922010604552, -33.39915050312225], [-70.54900334016348, -33.39924969648556], [-70.54896198145066, -33.399187496531724], [-70.54917874723107, -33.39908830324283]]]}}, {"type": "Feature", "properties": {"uso": "UV", "edif": "EAb_base"}, "geometry": {"type": "Polygon", "coordinates": [[[-70.54730477967236, -33.39913098701114], [-70.54746463172755, -33.39938950733452], [-70.54732200737153, -33.399454002626776], [-70.54715657717243, -33.399205200353144], [-70.54730477967236, -33.39913098701114]]]}}, {"type": "Feature", "properties": {"uso": "UV", "edif": "EAb_base"}, "geometry": {"type": "Polygon", "coordinates": [[[-70.5406872683932, -33.39921816896568], [-70.54069557201748, -33.399362796090664], [-70.54057483348608, -33.39936429546255], [-70.54057236463831, -33.39922442021297], [-70.5406872683932, -33.39921816896568]]]}}, {"type": "Feature", "properties": {"uso": "UV", "edif": "EAb_base"}, "geometry": {"type": "Polygon", "coordinates": [[[-70.54660042115727, -33.39929897292453], [-70.54645779626705, -33.39936346723804], [-70.54626197357211, -33.39934661072507], [-70.5462837750465, -33.3992787982852], [-70.5463288305538, -33.39922516900954], [-70.54649428210342, -33.399150741627636], [-70.54651161583551, -33.399155349888325], [-70.54660042115727, -33.39929897292453]]]}}, {"type": "Feature", "properties": {"uso": "UV", "edif": "EAb_base"}, "geometry": {"type": "Polygon", "coordinates": [[[-70.5457871882219, -33.399164378262554], [-70.54611095029404, -33.39926165488426], [-70.54608339925096, -33.399329538948834], [-70.54608442449879, -33.39938741821138], [-70.54579103215585, -33.399381425530365], [-70.5457871882219, -33.399164378262554]]]}}, {"type": "Feature", "properties": {"uso": "UV", "edif": "EAb_base"}, "geometry": {"type": "Polygon", "coordinates": [[[-70.54950757684684, -33.39914691298852], [-70.54954301524533, -33.39919953803318], [-70.54937765199092, -33.39927879267362], [-70.54934787746005, -33.39922127251393], [-70.54950757684684, -33.39914691298852]]]}}, {"type": "Feature", "properties": {"uso": "UV", "edif": "EAb_base"}, "geometry": {"type": "Polygon", "coordinates": [[[-70.5483347812184, -33.39916637981883], [-70.54847661790298, -33.399381704613575], [-70.54829983996444, -33.399465924643046], [-70.54817525184036, -33.39925038439814], [-70.5481920723511, -33.39922605281773], [-70.5483347812184, -33.39916637981883]]]}}, {"type": "Feature", "properties": {"uso": "UV", "edif": "EAb_base"}, "geometry": {"type": "Polygon", "coordinates": [[[-70.52989645605125, -33.39940477563915], [-70.52990989953477, -33.39951556993128], [-70.52901940386572, -33.399565143028084], [-70.52901187997888, -33.39946392436917], [-70.52989645605125, -33.39940477563915]]]}}, {"type": "Feature", "properties": {"uso": "UV", "edif": "EAb_base"}, "geometry": {"type": "Polygon", "coordinates": [[[-70.54510943878293, -33.3992114157676], [-70.54510548239213, -33.39931277613105], [-70.54501349137495, -33.39931392178793], [-70.54499615768158, -33.399309313316614], [-70.54500019957649, -33.39921277622741], [-70.54510943878293, -33.3992114157676]]]}}, {"type": "Feature", "properties": {"uso": "UV", "edif": "EAb_base"}, "geometry": {"type": "Polygon", "coordinates": [[[-70.54324087239914, -33.39923467355131], [-70.54324343080373, -33.39937937190306], [-70.54279488855398, -33.39938012633761], [-70.54279241614782, -33.399240251234744], [-70.54324087239914, -33.39923467355131]]]}}, {"type": "Feature", "properties": {"uso": "UV", "edif": "EAb_base"}, "geometry": {"type": "Polygon", "coordinates": [[[-70.54418987077582, -33.3992421623731], [-70.54419174809138, -33.39934827445041], [-70.54390427590452, -33.3993518522884], [-70.54390248425456, -33.399250563473686], [-70.54418987077582, -33.3992421623731]]]}}, {"type": "Feature", "properties": {"uso": "UV", "edif": "EAb_base"}, "geometry": {"type": "Polygon", "coordinates": [[[-70.54387965713448, -33.399260496224834], [-70.54388196065291, -33.39939072470177], [-70.54341625539018, -33.39939651930888], [-70.54341378198694, -33.39925664424737], [-70.54387965713448, -33.399260496224834]]]}}, {"type": "Feature", "properties": {"uso": "UV", "edif": "EAb_base"}, "geometry": {"type": "Polygon", "coordinates": [[[-70.54919204382982, -33.39918944821849], [-70.54922756767067, -33.39924689662274], [-70.54905645459598, -33.39932622264178], [-70.54901518140649, -33.39926884597378], [-70.54919204382982, -33.39918944821849]]]}}, {"type": "Feature", "properties": {"uso": "UV_base", "edif": "EAb_base"}, "geometry": {"type": "Polygon", "coordinates": [[[-70.54712800103243, -33.39921520539162], [-70.54729334566728, -33.39945918443573], [-70.54717938279992, -33.39951849776044], [-70.54712729580034, -33.39949984999159], [-70.54698554766516, -33.399289346837236], [-70.54712800103243, -33.39921520539162]]]}}, {"type": "Feature", "properties": {"uso": "UV", "edif": "EAb_base"}, "geometry": {"type": "Polygon", "coordinates": [[[-70.54055064382766, -33.399297055061005], [-70.5405471077935, -33.399422531851975], [-70.54013314676502, -33.399427671579524], [-70.54013110416018, -33.39931191272964], [-70.54055064382766, -33.399297055061005]]]}}, {"type": "Feature", "properties": {"uso": "UV", "edif": "EAb_base"}, "geometry": {"type": "Polygon", "coordinates": [[[-70.53307634208394, -33.39938964308021], [-70.53323700052098, -33.39969641593202], [-70.53290539336177, -33.39980664939417], [-70.53286480800006, -33.39978785347089], [-70.53249912636416, -33.399922628611925], [-70.53248711921131, -33.39989383084302], [-70.53284637358956, -33.39972054036535], [-70.53272182261719, -33.399504983523876], [-70.53307634208394, -33.39938964308021]]]}}, {"type": "Feature", "properties": {"uso": "UV", "edif": "EAb_base"}, "geometry": {"type": "Polygon", "coordinates": [[[-70.54894498997609, -33.39920218167936], [-70.5489805136627, -33.39925963015879], [-70.5487580833787, -33.39936371815826], [-70.54871663919738, -33.39929669485433], [-70.54894498997609, -33.39920218167936]]]}}, {"type": "Feature", "properties": {"uso": "UV", "edif": "EAb_base"}, "geometry": {"type": "Polygon", "coordinates": [[[-70.54166216149117, -33.399389383144104], [-70.54163916367983, -33.399389668927135], [-70.54162217089392, -33.39940435310763], [-70.5414879742301, -33.39929506076602], [-70.54166045763266, -33.3992929175049], [-70.54166216149117, -33.399389383144104]]]}}, {"type": "Feature", "properties": {"uso": "UV", "edif": "EAb_base"}, "geometry": {"type": "Polygon", "coordinates": [[[-70.5413902336272, -33.39929627517428], [-70.5414477281002, -33.3992955608258], [-70.54157025543189, -33.3993953495328], [-70.54150701144286, -33.39939613537918], [-70.5413902336272, -33.39929627517428]]]}}, {"type": "Feature", "properties": {"uso": "UV", "edif": "EAb_base"}, "geometry": {"type": "Polygon", "coordinates": [[[-70.54956069164645, -33.39922343891906], [-70.54959621574041, -33.399280887210026], [-70.54943076676389, -33.39935531865921], [-70.54939524274461, -33.39929787031925], [-70.54949212672607, -33.39924841696411], [-70.54956069164645, -33.39922343891906]]]}}, {"type": "Feature", "properties": {"uso": "UV", "edif": "EAb_base"}, "geometry": {"type": "Polygon", "coordinates": [[[-70.54277078245174, -33.39931770969792], [-70.5427674201218, -33.399452833018884], [-70.54231896264973, -33.399458409023296], [-70.54231649099874, -33.3993185338908], [-70.54277078245174, -33.39931770969792]]]}}, {"type": "Feature", "properties": {"uso": "UV", "edif": "EAb_base"}, "geometry": {"type": "Polygon", "coordinates": [[[-70.5349401042918, -33.39941966566385], [-70.53498527043222, -33.39969891893548], [-70.53468697533133, -33.39974120410597], [-70.5345563311707, -33.39950642716995], [-70.5349401042918, -33.39941966566385]]]}}, {"type": "Feature", "properties": {"uso": "UV", "edif": "EAb_base"}, "geometry": {"type": "Polygon", "coordinates": [[[-70.533939780457, -33.39943686240472], [-70.53407557894124, -33.39963780585545], [-70.5340701685496, -33.3996571701463], [-70.53377923296799, -33.39979102473421], [-70.5336312579245, -33.399551636700984], [-70.533939780457, -33.39943686240472]]]}}, {"type": "Feature", "properties": {"uso": "UV", "edif": "EAb_base"}, "geometry": {"type": "Polygon", "coordinates": [[[-70.54926232104519, -33.3992609356328], [-70.54929775934777, -33.39931356074953], [-70.54910956912349, -33.39940274877164], [-70.54906829586152, -33.39934537212405], [-70.54926232104519, -33.3992609356328]]]}}, {"type": "Feature", "properties": {"uso": "UV", "edif": "EAb_base"}, "geometry": {"type": "Polygon", "coordinates": [[[-70.54899235490221, -33.39927877964926], [-70.54902787865272, -33.39933622811265], [-70.54885676521337, -33.39941555386538], [-70.54882124153909, -33.399358105351375], [-70.54894112364066, -33.399308365302325], [-70.54899235490221, -33.39927877964926]]]}}, {"type": "Feature", "properties": {"uso": "UV", "edif": "EAb_base"}, "geometry": {"type": "Polygon", "coordinates": [[[-70.54069591257621, -33.39938208922719], [-70.54070430138212, -33.39953153963103], [-70.54057206368745, -33.399533181810696], [-70.54057517401814, -33.39938358860015], [-70.54069591257621, -33.39938208922719]]]}}, {"type": "Feature", "properties": {"uso": "UV", "edif": "EAb_base"}, "geometry": {"type": "Polygon", "coordinates": [[[-70.54499658456716, -33.39933342968854], [-70.5452842273312, -33.39933949586926], [-70.54528525204958, -33.39939737515358], [-70.54499769447203, -33.399396132255106], [-70.54499658456716, -33.39933342968854]]]}}, {"type": "Feature", "properties": {"uso": "UV", "edif": "EAb_base"}, "geometry": {"type": "Polygon", "coordinates": [[[-70.54661226188945, -33.399318122657014], [-70.54670089660706, -33.3994520990672], [-70.54651278873582, -33.39954610650288], [-70.54646388753851, -33.399382688653475], [-70.54661226188945, -33.399318122657014]]]}}, {"type": "Feature", "properties": {"uso": "UV", "edif": "EAb_base"}, "geometry": {"type": "Polygon", "coordinates": [[[-70.54802679329111, -33.39931012896097], [-70.54805571153457, -33.399319416787314], [-70.54812075181896, -33.39941991621671], [-70.54799520516902, -33.39947455049725], [-70.54791832395888, -33.399354901401935], [-70.54802679329111, -33.39931012896097]]]}}, {"type": "Feature", "properties": {"uso": "UV", "edif": "EAb_base"}, "geometry": {"type": "Polygon", "coordinates": [[[-70.54869389823108, -33.39931145174198], [-70.54873525681884, -33.39937365178784], [-70.54854131641862, -33.399462910741214], [-70.54849995792154, -33.39940071062878], [-70.54869389823108, -33.39931145174198]]]}}, {"type": "Feature", "properties": {"uso": "UV", "edif": "EAb_base"}, "geometry": {"type": "Polygon", "coordinates": [[[-70.54419208942254, -33.399367567555174], [-70.54419396674973, -33.39947367963023], [-70.54390640883284, -33.39947243420841], [-70.5439046171722, -33.39937114539576], [-70.54419208942254, -33.399367567555174]]]}}, {"type": "Feature", "properties": {"uso": "UV", "edif": "EAb_base"}, "geometry": {"type": "Polygon", "coordinates": [[[-70.5408574081984, -33.39940902958306], [-70.54085953692305, -33.39952961167517], [-70.54072729924096, -33.39953125402018], [-70.54071959152436, -33.39942038989145], [-70.54075983772562, -33.39941989006619], [-70.54077116635207, -33.399410100688726], [-70.5408574081984, -33.39940902958306]]]}}, {"type": "Feature", "properties": {"uso": "UV", "edif": "EAb_base"}, "geometry": {"type": "Polygon", "coordinates": [[[-70.54546855100381, -33.39935649717757], [-70.54576185785237, -33.39935766735191], [-70.5457585855783, -33.39949761389249], [-70.5454709423046, -33.39949154882797], [-70.54546855100381, -33.39935649717757]]]}}, {"type": "Feature", "properties": {"uso": "UV", "edif": "EAb_base"}, "geometry": {"type": "Polygon", "coordinates": [[[-70.53269899407542, -33.39951491425514], [-70.532823206184, -33.399711177913616], [-70.5324696166182, -33.39987957400112], [-70.5323273097605, -33.39963528999348], [-70.53269899407542, -33.39951491425514]]]}}, {"type": "Feature", "properties": {"uso": "UV", "edif": "EAb_base"}, "geometry": {"type": "Polygon", "coordinates": [[[-70.5318825669626, -33.39952499800651], [-70.5320072852482, -33.39975020235546], [-70.53195029816743, -33.39977985216024], [-70.5319563863049, -33.39979907437747], [-70.5316480289853, -33.39992349045286], [-70.53147004248409, -33.39961210502611], [-70.5318825669626, -33.39952499800651]]]}}, {"type": "Feature", "properties": {"uso": "UV", "edif": "EAb_base"}, "geometry": {"type": "Polygon", "coordinates": [[[-70.54279522957687, -33.399399419455], [-70.54323227302744, -33.399398808055], [-70.54324633035104, -33.399543363364074], [-70.54279770200246, -33.3995392945541], [-70.54279522957687, -33.399399419455]]]}}, {"type": "Feature", "properties": {"uso": "UV", "edif": "EAb_base"}, "geometry": {"type": "Polygon", "coordinates": [[[-70.54930960066346, -33.39933271020733], [-70.54934521026011, -33.39939498183715], [-70.54915693430759, -33.399479346669025], [-70.54912141041152, -33.399421898247994], [-70.54930960066346, -33.39933271020733]]]}}, {"type": "Feature", "properties": {"uso": "UV", "edif": "EAb_base"}, "geometry": {"type": "Polygon", "coordinates": [[[-70.5405474483202, -33.39944182498965], [-70.5405496617516, -33.39956723038306], [-70.54013570003751, -33.39957237013869], [-70.5401334872003, -33.399446964720944], [-70.5405474483202, -33.39944182498965]]]}}, {"type": "Feature", "properties": {"uso": "UV", "edif": "EAb_base"}, "geometry": {"type": "Polygon", "coordinates": [[[-70.53452783816999, -33.39952125264701], [-70.53465839747163, -33.39975120631655], [-70.53442461841189, -33.39986505796803], [-70.5342771502108, -33.399654610552524], [-70.53452783816999, -33.39952125264701]]]}}, {"type": "Feature", "properties": {"uso": "UV", "edif": "EAb_base"}, "geometry": {"type": "Polygon", "coordinates": [[[-70.54120889150681, -33.399448082682454], [-70.54127213554237, -33.39944729698694], [-70.54139466290049, -33.39954708586472], [-70.5412106800451, -33.39954937162259], [-70.54120889150681, -33.399448082682454]]]}}, {"type": "Feature", "properties": {"uso": "UV", "edif": "EAb_base"}, "geometry": {"type": "Polygon", "coordinates": [[[-70.54949392486093, -33.399349705511185], [-70.54958839902154, -33.39948843118309], [-70.54953708222335, -33.39951319381523], [-70.54944269373725, -33.39937929136738], [-70.54949392486093, -33.399349705511185]]]}}, {"type": "Feature", "properties": {"uso": "UV", "edif": "EAb_base"}, "geometry": {"type": "Polygon", "coordinates": [[[-70.54904546934404, -33.39935530580961], [-70.5490809931621, -33.39941275425519], [-70.548892802493, -33.39950194195957], [-70.54885719316711, -33.39943967019286], [-70.54904546934404, -33.39935530580961]]]}}, {"type": "Feature", "properties": {"uso": "UV", "edif": "EAb_base"}, "geometry": {"type": "Polygon", "coordinates": [[[-70.5478955828368, -33.399369658147414], [-70.54796671458791, -33.39948937899578], [-70.5478754078032, -33.39952911292047], [-70.54779852670315, -33.39940946374859], [-70.5478955828368, -33.399369658147414]]]}}, {"type": "Feature", "properties": {"uso": "UV", "edif": "EAb_base"}, "geometry": {"type": "Polygon", "coordinates": [[[-70.54140445824243, -33.39945047734742], [-70.54147345173118, -33.39944962011466], [-70.5415958941248, -33.39954458550486], [-70.54152690056497, -33.39954544280784], [-70.54140445824243, -33.39945047734742]]]}}, {"type": "Feature", "properties": {"uso": "UV", "edif": "EAb_base"}, "geometry": {"type": "Polygon", "coordinates": [[[-70.53360842948102, -33.39956156759695], [-70.53375640448094, -33.39980095565836], [-70.5333967280006, -33.39995013222663], [-70.5332655785392, -33.39968641404472], [-70.53360842948102, -33.39956156759695]]]}}, {"type": "Feature", "properties": {"uso": "UV", "edif": "EAb_base"}, "geometry": {"type": "Polygon", "coordinates": [[[-70.54276776113956, -33.39947212613629], [-70.54277031878304, -33.39961682451477], [-70.54232177523886, -33.39961757727348], [-70.54231930356845, -33.399477702144765], [-70.54276776113956, -33.39947212613629]]]}}, {"type": "Feature", "properties": {"uso": "UV", "edif": "EAb_base"}, "geometry": {"type": "Polygon", "coordinates": [[[-70.54847713132085, -33.39941064421191], [-70.54851274036729, -33.39947291609619], [-70.548353039495, -33.399547274378484], [-70.5483116810871, -33.39948507420139], [-70.54847713132085, -33.39941064421191]]]}}, {"type": "Feature", "properties": {"uso": "UV", "edif": "EAb_base"}, "geometry": {"type": "Polygon", "coordinates": [[[-70.54777570001508, -33.39941939720497], [-70.54792345631473, -33.39964429745672], [-70.54775800514358, -33.39971872673125], [-70.54761599857191, -33.39949375455415], [-70.54777570001508, -33.39941939720497]]]}}, {"type": "Feature", "properties": {"uso": "UV", "edif": "EAb_base"}, "geometry": {"type": "Polygon", "coordinates": [[[-70.53201912289965, -33.39976935356962], [-70.53205488987724, -33.399841277114064], [-70.53166663181348, -33.40000045036772], [-70.53173224663847, -33.40013472203322], [-70.53137772225207, -33.400250058758566], [-70.53107476563535, -33.39969899782813], [-70.53144146426729, -33.399622106504964], [-70.53163120364358, -33.39994781992271], [-70.53201912289965, -33.39976935356962]]]}}, {"type": "Feature", "properties": {"uso": "UV", "edif": "EAb_base"}, "geometry": {"type": "Polygon", "coordinates": [[[-70.54869578102594, -33.39941756359218], [-70.54873139022888, -33.399479835409025], [-70.54863433438281, -33.3995196416561], [-70.5485945161681, -33.39954426036669], [-70.54855315759289, -33.399482060275], [-70.54869578102594, -33.39941756359218]]]}}, {"type": "Feature", "properties": {"uso": "UV", "edif": "EAb_base"}, "geometry": {"type": "Polygon", "coordinates": [[[-70.54935705159782, -33.39941413128956], [-70.54938047743002, -33.3994379603975], [-70.54945744631013, -33.39956243178902], [-70.54942320651911, -33.399577332423256], [-70.54940012312134, -33.399572796381925], [-70.54931148420819, -33.399438822026234], [-70.54935705159782, -33.39941413128956]]]}}, {"type": "Feature", "properties": {"uso": "UV", "edif": "EAb_base"}, "geometry": {"type": "Polygon", "coordinates": [[[-70.5446597576121, -33.399472705367685], [-70.5449705693955, -33.399488132468726], [-70.54497313069153, -33.39963283069641], [-70.54466257447042, -33.3996318734417], [-70.5446597576121, -33.399472705367685]]]}}, {"type": "Feature", "properties": {"uso": "UV", "edif": "EAb_base"}, "geometry": {"type": "Polygon", "coordinates": [[[-70.54813259289635, -33.39943906579359], [-70.5481858778105, -33.39952523887304], [-70.54794628304266, -33.39963436397226], [-70.54788724884352, -33.399548262521584], [-70.54813259289635, -33.39943906579359]]]}}, {"type": "Feature", "properties": {"uso": "UV", "edif": "EAb_base"}, "geometry": {"type": "Polygon", "coordinates": [[[-70.53042422607395, -33.39965878112162], [-70.53043039996575, -33.40001088253398], [-70.53026383289071, -33.40002258592102], [-70.53022324721708, -33.399675733295204], [-70.53042422607395, -33.39965878112162]]]}}, {"type": "Feature", "properties": {"uso": "UV", "edif": "EAb_base"}, "geometry": {"type": "Polygon", "coordinates": [[[-70.54909858388083, -33.39943183194359], [-70.54913410776645, -33.39948928037137], [-70.54894016754763, -33.39957853994247], [-70.54890464374867, -33.3995210914573], [-70.54909858388083, -33.39943183194359]]]}}, {"type": "Feature", "properties": {"uso": "UV", "edif": "EAb_base"}, "geometry": {"type": "Polygon", "coordinates": [[[-70.544194308083, -33.39949297273458], [-70.5441961854218, -33.39959908480737], [-70.54390296294892, -33.39960273422989], [-70.54390683542003, -33.39949655059211], [-70.544194308083, -33.39949297273458]]]}}, {"type": "Feature", "properties": {"uso": "UV", "edif": "EAb_base"}, "geometry": {"type": "Polygon", "coordinates": [[[-70.54671865777306, -33.39948082364848], [-70.54674242482058, -33.399523946355785], [-70.54653131902647, -33.399618240548], [-70.54651888003367, -33.39956532791437], [-70.54670707341069, -33.39947614373907], [-70.54671865777306, -33.39948082364848]]]}}, {"type": "Feature", "properties": {"uso": "UV", "edif": "EAb_base"}, "geometry": {"type": "Polygon", "coordinates": [[[-70.54625861665299, -33.39948173398461], [-70.54646568216918, -33.39948397734348], [-70.54648412694584, -33.39955128812702], [-70.54625998381351, -33.39955890632628], [-70.54625861665299, -33.39948173398461]]]}}, {"type": "Feature", "properties": {"uso": "UV", "edif": "EAb_base"}, "geometry": {"type": "Polygon", "coordinates": [[[-70.54928290826022, -33.39944882755591], [-70.54930041341416, -33.399463081949634], [-70.54938313165059, -33.39958748158874], [-70.5493775534458, -33.399597199921374], [-70.5493204870742, -33.399622034271125], [-70.54922017812838, -33.39947855692208], [-70.54928290826022, -33.39944882755591]]]}}, {"type": "Feature", "properties": {"uso": "UV", "edif": "EAb_base"}, "geometry": {"type": "Polygon", "coordinates": [[[-70.54877172189147, -33.39948415625018], [-70.54880724558843, -33.399541604776694], [-70.54863604596179, -33.399616106974015], [-70.54860635736561, -33.399563409894505], [-70.54877172189147, -33.39948415625018]]]}}, {"type": "Feature", "properties": {"uso": "UV", "edif": "EAb_base"}, "geometry": {"type": "Polygon", "coordinates": [[[-70.54279804302801, -33.39955858767096], [-70.54324667147579, -33.39956265647683], [-70.54324914463999, -33.39970253154245], [-70.54280060073008, -33.39970328604536], [-70.54279804302801, -33.39955858767096]]]}}, {"type": "Feature", "properties": {"uso": "UV", "edif": "EAb_base"}, "geometry": {"type": "Polygon", "coordinates": [[[-70.54055000228072, -33.39958652352028], [-70.54055779493868, -33.39970221094662], [-70.54013816821823, -33.39971224540918], [-70.5401360404752, -33.39959166327966], [-70.54055000228072, -33.39958652352028]]]}}, {"type": "Feature", "properties": {"uso": "UV", "edif": "EAb_base"}, "geometry": {"type": "Polygon", "coordinates": [[[-70.53074256336257, -33.39977546244293], [-70.53105193684398, -33.39970892826272], [-70.53157448200852, -33.40064805078631], [-70.53181419277877, -33.400871835580325], [-70.53160594447287, -33.401130097213866], [-70.53101652435505, -33.40096852049112], [-70.5310688588402, -33.40067358932518], [-70.53101761656416, -33.40037511206074], [-70.53074256336257, -33.39977546244293]]]}}, {"type": "Feature", "properties": {"uso": "UV", "edif": "EAb_base"}, "geometry": {"type": "Polygon", "coordinates": [[[-70.54919160215623, -33.39948856243132], [-70.54920318664402, -33.399493242104775], [-70.54929182545277, -33.39962721653994], [-70.54921201807095, -33.39966680783337], [-70.5492004335593, -33.39966212816155], [-70.5491176298977, -33.39953290513175], [-70.54911745868675, -33.3995232586021], [-70.54919160215623, -33.39948856243132]]]}}, {"type": "Feature", "properties": {"uso": "UV", "edif": "EAb_base"}, "geometry": {"type": "Polygon", "coordinates": [[[-70.54853041655069, -33.39949681713442], [-70.54856594009712, -33.39955426573438], [-70.5484062391269, -33.399628624087235], [-70.54836488064088, -33.399566423930864], [-70.54851316822693, -33.39949703242738], [-70.54853041655069, -33.39949681713442]]]}}, {"type": "Feature", "properties": {"uso": "UV", "edif": "EAb_base"}, "geometry": {"type": "Polygon", "coordinates": [[[-70.54759325736123, -33.39950851124637], [-70.54773526390089, -33.399733483449985], [-70.54757539081493, -33.399798194224765], [-70.54743347008039, -33.39957804510014], [-70.54759325736123, -33.39950851124637]]]}}, {"type": "Feature", "properties": {"uso": "UV", "edif": "EAb_base"}, "geometry": {"type": "Polygon", "coordinates": [[[-70.5434251605966, -33.399574909061236], [-70.54387945320796, -33.39957408076948], [-70.5438821833376, -33.39972842562294], [-70.54342771933963, -33.399719607392456], [-70.5434251605966, -33.399574909061236]]]}}, {"type": "Feature", "properties": {"uso": "UV", "edif": "EAb_base"}, "geometry": {"type": "Polygon", "coordinates": [[[-70.546760015065, -33.39954302438961], [-70.54678961707974, -33.39959089867349], [-70.5465556842739, -33.39969512618576], [-70.54654350164449, -33.39965668336775], [-70.54654890924583, -33.399637318612285], [-70.546760015065, -33.39954302438961]]]}}, {"type": "Feature", "properties": {"uso": "UV", "edif": "EAb_base"}, "geometry": {"type": "Polygon", "coordinates": [[[-70.54578269384896, -33.399560029886835], [-70.54607608679316, -33.39956602257015], [-70.54607839361468, -33.39969625090557], [-70.5457850002323, -33.39969025824043], [-70.54578269384896, -33.399560029886835]]]}}, {"type": "Feature", "properties": {"uso": "UV", "edif": "EAb_base"}, "geometry": {"type": "Polygon", "coordinates": [[[-70.5332488384298, -33.39971556702147], [-70.53337398416333, -33.39996488638284], [-70.53307146267446, -33.400094058189914], [-70.53291148170985, -33.399825871558384], [-70.5332488384298, -33.39971556702147]]]}}, {"type": "Feature", "properties": {"uso": "UV", "edif": "EAb_base"}, "geometry": {"type": "Polygon", "coordinates": [[[-70.54819771891715, -33.39954438844258], [-70.5482332422691, -33.39960183714316], [-70.54807354091243, -33.39967619507776], [-70.54803801763148, -33.39961874632995], [-70.54819771891715, -33.39954438844258]]]}}, {"type": "Feature", "properties": {"uso": "UV", "edif": "EAb_base"}, "geometry": {"type": "Polygon", "coordinates": [[[-70.54908321884893, -33.39953815914381], [-70.54909471773377, -33.39953801556246], [-70.54918344203705, -33.39967681334227], [-70.54911496225509, -33.399706614455084], [-70.54902632362706, -33.39957263988967], [-70.54903190187017, -33.39956292157172], [-70.54908321884893, -33.39953815914381]]]}}, {"type": "Feature", "properties": {"uso": "UV", "edif": "EAb_base"}, "geometry": {"type": "Polygon", "coordinates": [[[-70.54649605315024, -33.39957526114037], [-70.54653294282484, -33.39970988268979], [-70.54626271815019, -33.39971325100655], [-70.54626032560446, -33.399578199411515], [-70.54649605315024, -33.39957526114037]]]}}, {"type": "Feature", "properties": {"uso": "UV", "edif": "EAb_base"}, "geometry": {"type": "Polygon", "coordinates": [[[-70.53499135922583, -33.39971814098503], [-70.53503465948891, -33.3998912816925], [-70.53458967510763, -33.40009458501224], [-70.53444220610604, -33.39988413782295], [-70.53468731456708, -33.39976049729581], [-70.53499135922583, -33.39971814098503]]]}}, {"type": "Feature", "properties": {"uso": "UV", "edif": "EAb_base"}, "geometry": {"type": "Polygon", "coordinates": [[[-70.54232211616025, -33.39963687039442], [-70.5427649103375, -33.39963618912963], [-70.54277321746774, -33.3997808160061], [-70.54232467308108, -33.399781568799476], [-70.54232211616025, -33.39963687039442]]]}}, {"type": "Feature", "properties": {"uso": "UV", "edif": "EAb_base"}, "geometry": {"type": "Polygon", "coordinates": [[[-70.5307139004133, -33.39978064045141], [-70.53099487219907, -33.4003898657943], [-70.53104560674403, -33.40065940323961], [-70.5309933567952, -33.400959157703255], [-70.53069877445641, -33.40088560316829], [-70.53073749602765, -33.40047023134453], [-70.53060508267303, -33.39980610479201], [-70.5307139004133, -33.39978064045141]]]}}, {"type": "Feature", "properties": {"uso": "UV", "edif": "EAb_base"}, "geometry": {"type": "Polygon", "coordinates": [[[-70.54881908683141, -33.39956075428287], [-70.54886036004059, -33.399618131013234], [-70.54869499535117, -33.39969738477911], [-70.54865363662864, -33.39963518472654], [-70.54881908683141, -33.39956075428287]]]}}, {"type": "Feature", "properties": {"uso": "UV", "edif": "EAb_base"}, "geometry": {"type": "Polygon", "coordinates": [[[-70.54419661209108, -33.39962320118728], [-70.54419848944197, -33.39972931325774], [-70.54390518121386, -33.39972813942166], [-70.54390330421955, -33.3996220273365], [-70.54419661209108, -33.39962320118728]]]}}, {"type": "Feature", "properties": {"uso": "UV", "edif": "EAb_base"}, "geometry": {"type": "Polygon", "coordinates": [[[-70.54858353073602, -33.39957334349784], [-70.54861330490023, -33.39963086384895], [-70.548453518266, -33.39970039899858], [-70.54842382974749, -33.399647701873704], [-70.54858353073602, -33.39957334349784]]]}}, {"type": "Feature", "properties": {"uso": "UV", "edif": "EAb_base"}, "geometry": {"type": "Polygon", "coordinates": [[[-70.54741064330469, -33.39958797849155], [-70.54749344454063, -33.3997172027312], [-70.54732232888674, -33.399796526423955], [-70.5472572892063, -33.39969602656336], [-70.5472623546363, -33.39965736870556], [-70.54741064330469, -33.39958797849155]]]}}, {"type": "Feature", "properties": {"uso": "UV", "edif": "EAb_base"}, "geometry": {"type": "Polygon", "coordinates": [[[-70.54899766200148, -33.39957782209059], [-70.54909213565045, -33.39971654815122], [-70.54904648242521, -33.39973641553131], [-70.54895792946509, -33.39960726418055], [-70.54895775827131, -33.39959761765029], [-70.54899766200148, -33.39957782209059]]]}}, {"type": "Feature", "properties": {"uso": "UV", "edif": "EAb_base"}, "geometry": {"type": "Polygon", "coordinates": [[[-70.54680145789494, -33.399610048384694], [-70.5468782523587, -33.39972487493542], [-70.5466044149053, -33.39984889744044], [-70.54656761051896, -33.39971909919056], [-70.54680145789494, -33.399610048384694]]]}}, {"type": "Feature", "properties": {"uso": "UV", "edif": "EAb_base"}, "geometry": {"type": "Polygon", "coordinates": [[[-70.5305592557538, -33.39981631887508], [-70.53071475158899, -33.40048498502857], [-70.53067569154156, -33.400881063625], [-70.53035295383322, -33.400841626092365], [-70.53046202152032, -33.39984646453348], [-70.5305592557538, -33.39981631887508]]]}}, {"type": "Feature", "properties": {"uso": "UV", "edif": "EAb_base"}, "geometry": {"type": "Polygon", "coordinates": [[[-70.54166769908743, -33.39970289646061], [-70.5416696585651, -33.39981383193785], [-70.54149717413411, -33.39981597524112], [-70.54149512969055, -33.39970021647285], [-70.54166769908743, -33.39970289646061]]]}}, {"type": "Feature", "properties": {"uso": "UV", "edif": "EAb_base"}, "geometry": {"type": "Polygon", "coordinates": [[[-70.54825083284724, -33.399620914955484], [-70.54828644182679, -33.399683186904866], [-70.54812090536157, -33.39975279338945], [-70.54808546756574, -33.39970016792473], [-70.54825083284724, -33.399620914955484]]]}}, {"type": "Feature", "properties": {"uso": "UV", "edif": "EAb_base"}, "geometry": {"type": "Polygon", "coordinates": [[[-70.53287673055094, -33.39981182789908], [-70.53295393079827, -33.39995078009332], [-70.53258816394406, -33.40008073220732], [-70.53250521463266, -33.39994185079807], [-70.53287673055094, -33.39981182789908]]]}}, {"type": "Feature", "properties": {"uso": "UV", "edif": "EAb_base"}, "geometry": {"type": "Polygon", "coordinates": [[[-70.54800944146739, -33.39962875157183], [-70.54805079973626, -33.3996909518526], [-70.5478568579001, -33.3997802097718], [-70.54781558525607, -33.3997228326921], [-70.54800944146739, -33.39962875157183]]]}}, {"type": "Feature", "properties": {"uso": "UV", "edif": "EAb_base"}, "geometry": {"type": "Polygon", "coordinates": [[[-70.54102959257122, -33.39971564873564], [-70.54103155123899, -33.399826584246014], [-70.54081307085906, -33.39982929793378], [-70.54081686194547, -33.399718291004426], [-70.54102959257122, -33.39971564873564]]]}}, {"type": "Feature", "properties": {"uso": "UV", "edif": "EAb_base"}, "geometry": {"type": "Polygon", "coordinates": [[[-70.5488665374485, -33.39964217555947], [-70.54888395698393, -33.399651606747106], [-70.54896083977172, -33.399771255192626], [-70.54896101096696, -33.39978090172261], [-70.54888686715651, -33.39981559776376], [-70.54887528264096, -33.39981091806174], [-70.54879247930178, -33.39968169480804], [-70.54879805757784, -33.39967197649981], [-70.5488665374485, -33.39964217555947]]]}}, {"type": "Feature", "properties": {"uso": "UV", "edif": "EAb_base"}, "geometry": {"type": "Polygon", "coordinates": [[[-70.54863089556535, -33.399649941604714], [-70.54867216869792, -33.399707318399265], [-70.54850671808903, -33.39978174865689], [-70.54846544502578, -33.39972437180581], [-70.54863089556535, -33.399649941604714]]]}}, {"type": "Feature", "properties": {"uso": "UV", "edif": "EAb_base"}, "geometry": {"type": "Polygon", "coordinates": [[[-70.53421120849784, -33.39982910253642], [-70.53436451116245, -33.40004430220944], [-70.5336454962032, -33.40036195104559], [-70.53350885004458, -33.400112774152255], [-70.53421120849784, -33.39982910253642]]]}}, {"type": "Feature", "properties": {"uso": "UV", "edif": "EAb_base"}, "geometry": {"type": "Polygon", "coordinates": [[[-70.5320609780424, -33.39986049932519], [-70.53238651615297, -33.40038715705676], [-70.53237002966934, -33.4004307798304], [-70.5321086832583, -33.40061250856276], [-70.53190346976523, -33.40038829835885], [-70.53169563334684, -33.40001456535491], [-70.5320609780424, -33.39986049932519]]]}}, {"type": "Feature", "properties": {"uso": "UV", "edif": "EAb_base"}, "geometry": {"type": "Polygon", "coordinates": [[[-70.54578534191997, -33.39970955132961], [-70.54607873536727, -33.39971554399206], [-70.54608104220581, -33.399845772324184], [-70.54578198427126, -33.39984467459027], [-70.54578534191997, -33.39970955132961]]]}}, {"type": "Feature", "properties": {"uso": "UV", "edif": "EAb_base"}, "geometry": {"type": "Polygon", "coordinates": [[[-70.54419883077955, -33.39974860636126], [-70.5442030121913, -33.39998494687418], [-70.5439096177849, -33.399978949797166], [-70.5439055224866, -33.399747432527846], [-70.54419883077955, -33.39974860636126]]]}}, {"type": "Feature", "properties": {"uso": "UV", "edif": "EAb_base"}, "geometry": {"type": "Polygon", "coordinates": [[[-70.5487696526644, -33.39969162844573], [-70.54885829103422, -33.39982560319997], [-70.54876132045888, -33.39987023281903], [-70.54867259660541, -33.39973143472775], [-70.5487696526644, -33.39969162844573]]]}}, {"type": "Feature", "properties": {"uso": "UV", "edif": "EAb_base"}, "geometry": {"type": "Polygon", "coordinates": [[[-70.54830403243338, -33.3997022647086], [-70.5483395559226, -33.39975971337344], [-70.5481741049143, -33.39983414319779], [-70.54813849594757, -33.3997718712171], [-70.54830403243338, -33.3997022647086]]]}}, {"type": "Feature", "properties": {"uso": "UV", "edif": "EAb_base"}, "geometry": {"type": "Polygon", "coordinates": [[[-70.5480626408378, -33.39971010143474], [-70.54809816417433, -33.39976755017314], [-70.54800127879389, -33.39981700247479], [-70.54795553970993, -33.399832046194454], [-70.54791426697646, -33.39977466915065], [-70.5480626408378, -33.39971010143474]]]}}, {"type": "Feature", "properties": {"uso": "UV", "edif": "EAb_base"}, "geometry": {"type": "Polygon", "coordinates": [[[-70.54951733831821, -33.399696765085174], [-70.54954050738364, -33.39970612436721], [-70.54960554965272, -33.3998066229543], [-70.54951432896613, -33.39985118133525], [-70.54944319481271, -33.399731461450926], [-70.54951733831821, -33.399696765085174]]]}}, {"type": "Feature", "properties": {"uso": "UV", "edif": "EAb_base"}, "geometry": {"type": "Polygon", "coordinates": [[[-70.54779275848956, -33.399732766153456], [-70.54782828166141, -33.39979021497382], [-70.54762858989805, -33.39987954428038], [-70.54759298129439, -33.39981727213281], [-70.54779275848956, -33.399732766153456]]]}}, {"type": "Feature", "properties": {"uso": "UV", "edif": "EAb_base"}, "geometry": {"type": "Polygon", "coordinates": [[[-70.54750528552582, -33.39973635236989], [-70.54755264951982, -33.399812950911326], [-70.54738144822815, -33.399887451419936], [-70.54733416984652, -33.39981567607953], [-70.54750528552582, -33.39973635236989]]]}}, {"type": "Feature", "properties": {"uso": "UV", "edif": "EAb_base"}, "geometry": {"type": "Polygon", "coordinates": [[[-70.54689009321238, -33.39974402463668], [-70.54696688791566, -33.39985885112338], [-70.54665323118964, -33.400007491937444], [-70.54661634118631, -33.399872870439], [-70.54689009321238, -33.39974402463668]]]}}, {"type": "Feature", "properties": {"uso": "UV", "edif": "EAb_base"}, "geometry": {"type": "Polygon", "coordinates": [[[-70.54864985552103, -33.399746191609786], [-70.54873849376928, -33.39988016645222], [-70.54863010971091, -33.39992976278719], [-70.54861286130243, -33.39992997809645], [-70.54859544173794, -33.39992054687189], [-70.54851855930197, -33.399800898192], [-70.54864985552103, -33.399746191609786]]]}}, {"type": "Feature", "properties": {"uso": "UV", "edif": "EAb_base"}, "geometry": {"type": "Polygon", "coordinates": [[[-70.53504083313746, -33.39991532703491], [-70.5351135598636, -33.40012669836649], [-70.53473722964753, -33.4003098552959], [-70.53460151336564, -33.40011373596138], [-70.53504083313746, -33.39991532703491]]]}}, {"type": "Feature", "properties": {"uso": "UV", "edif": "EAb_base"}, "geometry": {"type": "Polygon", "coordinates": [[[-70.54941470440922, -33.39974629027681], [-70.54949150237282, -33.39986111510445], [-70.54942877202572, -33.399890844580696], [-70.54941718747304, -33.39988616493047], [-70.54938749831419, -33.3998334680564], [-70.54934631027683, -33.39978091478039], [-70.54941470440922, -33.39974629027681]]]}}, {"type": "Feature", "properties": {"uso": "UV", "edif": "EAb_base"}, "geometry": {"type": "Polygon", "coordinates": [[[-70.54835139709631, -33.39977886292573], [-70.54838700621553, -33.39984113484078], [-70.54822730456839, -33.399915492979446], [-70.54818594606313, -33.39985329276641], [-70.54835139709631, -33.39977886292573]]]}}, {"type": "Feature", "properties": {"uso": "UV", "edif": "EAb_base"}, "geometry": {"type": "Polygon", "coordinates": [[[-70.54057810820771, -33.399875634985044], [-70.54102682366975, -33.3998845350598], [-70.54102929330747, -33.40002441026455], [-70.54057482762869, -33.40001558161677], [-70.54057810820771, -33.399875634985044]]]}}, {"type": "Feature", "properties": {"uso": "UV_base", "edif": "EA_base"}, "geometry": {"type": "Polygon", "coordinates": [[[-70.53296576868283, -33.39996993120982], [-70.53304863402369, -33.40010398898787], [-70.53268887032183, -33.400248340265186], [-70.53260000176853, -33.400099883360134], [-70.53296576868283, -33.39996993120982]]]}}, {"type": "Feature", "properties": {"uso": "UV", "edif": "EAb_base"}, "geometry": {"type": "Polygon", "coordinates": [[[-70.5481157547586, -33.39978662800402], [-70.54815127816269, -33.399844076724634], [-70.5479859123707, -33.3999233295732], [-70.54795030349707, -33.3998610575365], [-70.5481157547586, -33.39978662800402]]]}}, {"type": "Feature", "properties": {"uso": "UV", "edif": "EAb_base"}, "geometry": {"type": "Polygon", "coordinates": [[[-70.5493233980635, -33.39978602525464], [-70.54942387879724, -33.3999391490259], [-70.5493497350503, -33.399973845341485], [-70.54924359055455, -33.39982561657119], [-70.5493233980635, -33.39978602525464]]]}}, {"type": "Feature", "properties": {"uso": "UV", "edif": "EAb_base"}, "geometry": {"type": "Polygon", "coordinates": [[[-70.54757023999754, -33.399832028822615], [-70.54765896223864, -33.39997082774788], [-70.54748784625663, -33.40005015167586], [-70.54739903868513, -33.399906529355924], [-70.54757023999754, -33.399832028822615]]]}}, {"type": "Feature", "properties": {"uso": "UV", "edif": "EAb_base"}, "geometry": {"type": "Polygon", "coordinates": [[[-70.54779455468584, -33.3998340547741], [-70.54783007790282, -33.3998915035918], [-70.54768178908257, -33.39996089430929], [-70.54764043093587, -33.39989869390421], [-70.54779455468584, -33.3998340547741]]]}}, {"type": "Feature", "properties": {"uso": "UV", "edif": "EAb_base"}, "geometry": {"type": "Polygon", "coordinates": [[[-70.54921501447329, -33.39983562208851], [-70.54923835477246, -33.399854627955285], [-70.5493269084055, -33.39998377908165], [-70.54924135124708, -33.40002344220321], [-70.5491585471612, -33.39989421921961], [-70.54916369736269, -33.39986038457378], [-70.54921501447329, -33.39983562208851]]]}}, {"type": "Feature", "properties": {"uso": "UV", "edif": "EAb_base"}, "geometry": {"type": "Polygon", "coordinates": [[[-70.54661796508961, -33.39996451257333], [-70.54626166836094, -33.39997860257699], [-70.54625995938204, -33.39988213715637], [-70.54658767929692, -33.39987805208972], [-70.54661796508961, -33.39996451257333]]]}}, {"type": "Feature", "properties": {"uso": "UV", "edif": "EAb_base"}, "geometry": {"type": "Polygon", "coordinates": [[[-70.54840459687678, -33.39986021262823], [-70.54848156478677, -33.39998468464658], [-70.54846474422078, -33.400009016265265], [-70.54836777323156, -33.40005364558702], [-70.54827904979412, -33.39991484720549], [-70.54840459687678, -33.39986021262823]]]}}, {"type": "Feature", "properties": {"uso": "UV", "edif": "EAb_base"}, "geometry": {"type": "Polygon", "coordinates": [[[-70.54816311930804, -33.3998632262955], [-70.54820447780234, -33.399925426516376], [-70.54803327688732, -33.39999992791376], [-70.54799775349187, -33.399942479160345], [-70.54816311930804, -33.3998632262955]]]}}, {"type": "Feature", "properties": {"uso": "UV", "edif": "EAb_base"}, "geometry": {"type": "Polygon", "coordinates": [[[-70.54697872880784, -33.39987800081472], [-70.54706127322852, -33.39999275553993], [-70.54670187671428, -33.40015643986651], [-70.5466594080258, -33.40003153660887], [-70.54697872880784, -33.39987800081472]]]}}, {"type": "Feature", "properties": {"uso": "UV", "edif": "EAb_base"}, "geometry": {"type": "Polygon", "coordinates": [[[-70.54232216238478, -33.39996492491887], [-70.54277079297054, -33.399968995386494], [-70.54276760116976, -33.40011376525217], [-70.54257778249496, -33.400111301290686], [-70.54257539561357, -33.39997624946938], [-70.54232216238478, -33.39996492491887]]]}}, {"type": "Feature", "properties": {"uso": "UV", "edif": "EAb_base"}, "geometry": {"type": "Polygon", "coordinates": [[[-70.53438209888152, -33.400063382071714], [-70.53454715586405, -33.400292909157905], [-70.5338228138663, -33.40063474665924], [-70.53365166951032, -33.40038599646535], [-70.53438209888152, -33.400063382071714]]]}}, {"type": "Feature", "properties": {"uso": "UV", "edif": "EAb_base"}, "geometry": {"type": "Polygon", "coordinates": [[[-70.54787049526166, -33.399900647988964], [-70.54790601855666, -33.399958096782115], [-70.5477291533587, -33.40003749277266], [-70.54769363014361, -33.39998004392715], [-70.54787049526166, -33.399900647988964]]]}}, {"type": "Feature", "properties": {"uso": "UV", "edif": "EAb_base"}, "geometry": {"type": "Polygon", "coordinates": [[[-70.5449903499476, -33.39995584685617], [-70.54527215989022, -33.399957161333276], [-70.54527446554673, -33.40008738970995], [-70.54498699107303, -33.4000909701258], [-70.5449903499476, -33.39995584685617]]]}}, {"type": "Feature", "properties": {"uso": "UV", "edif": "EAb_base"}, "geometry": {"type": "Polygon", "coordinates": [[[-70.54825622303451, -33.39992478075177], [-70.54834494644706, -33.40006357915017], [-70.54824797533324, -33.40010820838139], [-70.54815933757777, -33.39997423317813], [-70.54825622303451, -33.39992478075177]]]}}, {"type": "Feature", "properties": {"uso": "UV", "edif": "EAb_base"}, "geometry": {"type": "Polygon", "coordinates": [[[-70.54901540972018, -33.399929776854], [-70.54904999213335, -33.39993416938584], [-70.54906166227795, -33.39994367233533], [-70.54913854557866, -33.400063320650816], [-70.54913871679543, -33.40007296717952], [-70.54907023669183, -33.40010276827522], [-70.54897567703462, -33.39995921895248], [-70.5489755058366, -33.39994957242284], [-70.54901540972018, -33.399929776854]]]}}, {"type": "Feature", "properties": {"uso": "UV", "edif": "EAb_base"}, "geometry": {"type": "Polygon", "coordinates": [[[-70.54545073538988, -33.39997423424349], [-70.54575554327731, -33.39997526112653], [-70.54575227101046, -33.40011520765445], [-70.54545312671914, -33.400109285881555], [-70.54545073538988, -33.39997423424349]]]}}, {"type": "Feature", "properties": {"uso": "UV", "edif": "EAb_base"}, "geometry": {"type": "Polygon", "coordinates": [[[-70.5415295845994, -33.40002301915854], [-70.5415317994904, -33.400148424482154], [-70.54140531041648, -33.40014999613463], [-70.54139734621168, -33.40002466223891], [-70.5415295845994, -33.40002301915854]]]}}, {"type": "Feature", "properties": {"uso": "UV", "edif": "EAb_base"}, "geometry": {"type": "Polygon", "coordinates": [[[-70.53348602144204, -33.40012270502943], [-70.53361700276578, -33.40037677632382], [-70.53337163679062, -33.40048594491706], [-70.53322349213049, -33.40023690982436], [-70.53348602144204, -33.40012270502943]]]}}, {"type": "Feature", "properties": {"uso": "UV", "edif": "EAb_base"}, "geometry": {"type": "Polygon", "coordinates": [[[-70.53172692034302, -33.40015890953991], [-70.53188072555317, -33.40040305225066], [-70.53208585435753, -33.40062243918972], [-70.53183110289088, -33.40085232938859], [-70.53159139213419, -33.400628544626294], [-70.53138964446848, -33.40027403333782], [-70.53172692034302, -33.40015890953991]]]}}, {"type": "Feature", "properties": {"uso": "UV", "edif": "EAb_base"}, "geometry": {"type": "Polygon", "coordinates": [[[-70.54662414191259, -33.39998855724704], [-70.54667896422838, -33.40016154985925], [-70.54626500089323, -33.40016671014267], [-70.5462620101577, -33.39999789566093], [-70.54662414191259, -33.39998855724704]]]}}, {"type": "Feature", "properties": {"uso": "UV", "edif": "EAb_base"}, "geometry": {"type": "Polygon", "coordinates": [[[-70.54943572023066, -33.39995829846656], [-70.54947133018943, -33.400020570044134], [-70.54929455200005, -33.40010479149265], [-70.54925319265334, -33.40004259166186], [-70.54943572023066, -33.39995829846656]]]}}, {"type": "Feature", "properties": {"uso": "UV", "edif": "EAb_base"}, "geometry": {"type": "Polygon", "coordinates": [[[-70.54894126580862, -33.39996447292991], [-70.54896460608589, -33.39998347884853], [-70.5490473243765, -33.40010787870112], [-70.54904174610277, -33.40011759701989], [-70.548984679295, -33.400142431225696], [-70.54896133896959, -33.40012342531265], [-70.5488842846628, -33.399994130352994], [-70.54894126580862, -33.39996447292991]]]}}, {"type": "Feature", "properties": {"uso": "UV", "edif": "EAb_base"}, "geometry": {"type": "Polygon", "coordinates": [[[-70.54791785966563, -33.39997724637716], [-70.54795921804582, -33.400039446682214], [-70.54778235273753, -33.40011884275097], [-70.54774674392127, -33.40005657065583], [-70.54791785966563, -33.39997724637716]]]}}, {"type": "Feature", "properties": {"uso": "UV", "edif": "EAb_base"}, "geometry": {"type": "Polygon", "coordinates": [[[-70.54813076131398, -33.39998423845038], [-70.54822514852017, -33.400118141923215], [-70.54814534018637, -33.40015773255414], [-70.54812783507043, -33.400143477997524], [-70.54805095305484, -33.40002382901909], [-70.54813076131398, -33.39998423845038]]]}}, {"type": "Feature", "properties": {"uso": "UV", "edif": "EAb_base"}, "geometry": {"type": "Polygon", "coordinates": [[[-70.54767080329621, -33.399989977367994], [-70.54775961139762, -33.400133599476135], [-70.54759415916706, -33.40020802855721], [-70.54749968728879, -33.40006930131284], [-70.54767080329621, -33.399989977367994]]]}}, {"type": "Feature", "properties": {"uso": "UV", "edif": "EAb_base"}, "geometry": {"type": "Polygon", "coordinates": [[[-70.53512539823922, -33.400145849262124], [-70.535209624451, -33.40035707822743], [-70.53490761346625, -33.40051519424352], [-70.53475481750185, -33.40032893510066], [-70.53512539823922, -33.400145849262124]]]}}, {"type": "Feature", "properties": {"uso": "UV", "edif": "EAb_base"}, "geometry": {"type": "Polygon", "coordinates": [[[-70.54707311416043, -33.400011905220715], [-70.54714433086045, -33.40013644981511], [-70.54675069336912, -33.40031503430749], [-70.54670805357598, -33.40018048453426], [-70.54707311416043, -33.400011905220715]]]}}, {"type": "Feature", "properties": {"uso": "UV", "edif": "EAb_base"}, "geometry": {"type": "Polygon", "coordinates": [[[-70.5488614579563, -33.40000406400917], [-70.5489325059656, -33.40011896097387], [-70.54876705482685, -33.40019339159013], [-70.54870184203028, -33.40008324601915], [-70.54872449760548, -33.40006366586076], [-70.5488614579563, -33.40000406400917]]]}}, {"type": "Feature", "properties": {"uso": "UV", "edif": "EAb_base"}, "geometry": {"type": "Polygon", "coordinates": [[[-70.54948892111922, -33.400039647669374], [-70.54953019499915, -33.40009702415334], [-70.54934766723409, -33.400181317491594], [-70.5493120572918, -33.400119045879414], [-70.54948892111922, -33.400039647669374]]]}}, {"type": "Feature", "properties": {"uso": "UV", "edif": "EAb_base"}, "geometry": {"type": "Polygon", "coordinates": [[[-70.54797105917804, -33.40005859627127], [-70.54805961119176, -33.400187748346475], [-70.54805403280147, -33.400197466624014], [-70.54797988826098, -33.40023216214133], [-70.54788550129302, -33.400098258476916], [-70.54797105917804, -33.40005859627127]]]}}, {"type": "Feature", "properties": {"uso": "UV", "edif": "EAb_base"}, "geometry": {"type": "Polygon", "coordinates": [[[-70.53320066346144, -33.40024684065067], [-70.53334880807554, -33.40049587577163], [-70.53293789029418, -33.40067463045797], [-70.53280149971958, -33.40043992265707], [-70.5328124905661, -33.40041084077408], [-70.53320066346144, -33.40024684065067]]]}}, {"type": "Feature", "properties": {"uso": "UV", "edif": "EAb_base"}, "geometry": {"type": "Polygon", "coordinates": [[[-70.54915630766546, -33.40009204485359], [-70.54919191748661, -33.400154316514254], [-70.54902638091484, -33.40022392420721], [-70.54899085677997, -33.400166475761715], [-70.54915630766546, -33.40009204485359]]]}}, {"type": "Feature", "properties": {"uso": "UV", "edif": "EAb_base"}, "geometry": {"type": "Polygon", "coordinates": [[[-70.54786850946017, -33.40011294348532], [-70.54795131189167, -33.400242167374856], [-70.54786008986424, -33.400286724573576], [-70.54776570301394, -33.40015282081554], [-70.54786850946017, -33.40011294348532]]]}}, {"type": "Feature", "properties": {"uso": "UV", "edif": "EAb_base"}, "geometry": {"type": "Polygon", "coordinates": [[[-70.54954212210914, -33.40012099684549], [-70.54957764658076, -33.40017844512355], [-70.54940078256311, -33.400257843464196], [-70.54935950868611, -33.40020046693834], [-70.54954212210914, -33.40012099684549]]]}}, {"type": "Feature", "properties": {"uso": "UV", "edif": "EAb_base"}, "geometry": {"type": "Polygon", "coordinates": [[[-70.54858195873634, -33.40013298586553], [-70.54860521340551, -33.40014716858673], [-70.54866441989398, -33.40024291618617], [-70.5484989682812, -33.40031734645671], [-70.54842792066037, -33.400202449235394], [-70.54858195873634, -33.40013298586553]]]}}, {"type": "Feature", "properties": {"uso": "UV", "edif": "EAb_base"}, "geometry": {"type": "Polygon", "coordinates": [[[-70.54716183581992, -33.40015070451525], [-70.54720911425531, -33.400222479916444], [-70.54718654379005, -33.4002468830772], [-70.54728135741135, -33.40040490363843], [-70.54717305733408, -33.400459322007144], [-70.54703654397525, -33.400219807673615], [-70.54716183581992, -33.40015070451525]]]}}, {"type": "Feature", "properties": {"uso": "UV", "edif": "EAb_base"}, "geometry": {"type": "Polygon", "coordinates": [[[-70.54278902730387, -33.400349891411025], [-70.54279221906174, -33.40020512155089], [-70.54324085083545, -33.40020919028196], [-70.5429592104557, -33.40021751776858], [-70.54295009892725, -33.400352712576264], [-70.54278902730387, -33.400349891411025]]]}}, {"type": "Feature", "properties": {"uso": "UV", "edif": "EAb_base"}, "geometry": {"type": "Polygon", "coordinates": [[[-70.53455899414158, -33.40031206011001], [-70.53472388244981, -33.40053194033164], [-70.53401137748347, -33.400892929893104], [-70.53384040159429, -33.40065382659656], [-70.53455899414158, -33.40031206011001]]]}}, {"type": "Feature", "properties": {"uso": "UV", "edif": "EAb_base"}, "geometry": {"type": "Polygon", "coordinates": [[[-70.54894434731911, -33.40013811046332], [-70.549003639768, -33.40023868115498], [-70.54884393796513, -33.400313040088875], [-70.54877889615548, -33.40021254109589], [-70.54894434731911, -33.40013811046332]]]}}, {"type": "Feature", "properties": {"uso": "UV", "edif": "EAb_base"}, "geometry": {"type": "Polygon", "coordinates": [[[-70.54774287613088, -33.400162754270454], [-70.54783151346246, -33.40029672978032], [-70.54771180041054, -33.40035611534134], [-70.54769455191034, -33.40035633052537], [-70.54760600024498, -33.40022717818226], [-70.54774287613088, -33.400162754270454]]]}}, {"type": "Feature", "properties": {"uso": "UV", "edif": "EAb_base"}, "geometry": {"type": "Polygon", "coordinates": [[[-70.5434195971608, -33.400235912667355], [-70.54348842061123, -33.40022540774223], [-70.5438739785323, -33.400239907573415], [-70.54386512437713, -33.400389572235575], [-70.54342198537167, -33.40037096442922], [-70.5434195971608, -33.400235912667355]]]}}, {"type": "Feature", "properties": {"uso": "UV", "edif": "EAb_base"}, "geometry": {"type": "Polygon", "coordinates": [[[-70.54920950838509, -33.400173394179724], [-70.54924503266436, -33.400230842558294], [-70.54907958160106, -33.40030527358859], [-70.54904405739649, -33.40024782516102], [-70.54915235598284, -33.400193405197946], [-70.54920950838509, -33.400173394179724]]]}}, {"type": "Feature", "properties": {"uso": "UV", "edif": "EAb_base"}, "geometry": {"type": "Polygon", "coordinates": [[[-70.53011561398989, -33.400424835163], [-70.53038017794098, -33.40042639617892], [-70.53032987094548, -33.40083708648383], [-70.53007063253807, -33.400811337949065], [-70.53011561398989, -33.400424835163]]]}}, {"type": "Feature", "properties": {"uso": "UV", "edif": "EAb_base"}, "geometry": {"type": "Polygon", "coordinates": [[[-70.54700213250834, -33.400225061119116], [-70.54715014480053, -33.40046443208818], [-70.547075999656, -33.400499127080565], [-70.54693940100495, -33.40025478936658], [-70.54700213250834, -33.400225061119116]]]}}, {"type": "Feature", "properties": {"uso": "UV", "edif": "EAb_base"}, "geometry": {"type": "Polygon", "coordinates": [[[-70.54959523756642, -33.40019752273166], [-70.54963651159373, -33.40025489917467], [-70.5494539836138, -33.40033919267388], [-70.54941262403766, -33.400276992905], [-70.54959523756642, -33.40019752273166]]]}}, {"type": "Feature", "properties": {"uso": "UV", "edif": "EAb_base"}, "geometry": {"type": "Polygon", "coordinates": [[[-70.54840509384495, -33.40021238281032], [-70.54847614144487, -33.40032728004517], [-70.54831643900559, -33.400401638316445], [-70.54825156884222, -33.400310785565], [-70.54825114104165, -33.40028666923398], [-70.54840509384495, -33.40021238281032]]]}}, {"type": "Feature", "properties": {"uso": "UV", "edif": "EAb_base"}, "geometry": {"type": "Polygon", "coordinates": [[[-70.53362884085489, -33.400395927369956], [-70.5338000699305, -33.40064950089504], [-70.53310370730408, -33.40094756922088], [-70.53294972827992, -33.40069378157114], [-70.53362884085489, -33.400395927369956]]]}}, {"type": "Feature", "properties": {"uso": "UV", "edif": "EAb_base"}, "geometry": {"type": "Polygon", "coordinates": [[[-70.54691082449922, -33.40026479436399], [-70.54704150258851, -33.400499557271104], [-70.54703600955808, -33.40051409877504], [-70.54696169334467, -33.400539147163535], [-70.54684809293482, -33.40029452256678], [-70.54691082449922, -33.40026479436399]]]}}, {"type": "Feature", "properties": {"uso": "UV", "edif": "EAb_base"}, "geometry": {"type": "Polygon", "coordinates": [[[-70.54925687410143, -33.40024999201515], [-70.54929823355509, -33.400312191839795], [-70.54913278238867, -33.40038662294326], [-70.54909142301325, -33.40032442306177], [-70.54925687410143, -33.40024999201515]]]}}, {"type": "Feature", "properties": {"uso": "UV", "edif": "EAb_base"}, "geometry": {"type": "Polygon", "coordinates": [[[-70.54901548115417, -33.400257830636356], [-70.54908627276359, -33.40035825770377], [-70.54891498622003, -33.40042793705153], [-70.54885577932764, -33.400332189586], [-70.54901548115417, -33.400257830636356]]]}}, {"type": "Feature", "properties": {"uso": "UV", "edif": "EAb_base"}, "geometry": {"type": "Polygon", "coordinates": [[[-70.54867626120765, -33.40026206570205], [-70.54873555344287, -33.40036263652642], [-70.54857585117486, -33.4004369951268], [-70.54851080956996, -33.40033649598893], [-70.54867626120765, -33.40026206570205]]]}}, {"type": "Feature", "properties": {"uso": "UV", "edif": "EAb_base"}, "geometry": {"type": "Polygon", "coordinates": [[[-70.54188626830434, -33.40035629039724], [-70.54188264900274, -33.40047694387116], [-70.54170432855553, -33.400474335677345], [-70.5417017313952, -33.400652868521554], [-70.54167873325143, -33.40065315432142], [-70.54167911532562, -33.400349216168166], [-70.54188626830434, -33.40035629039724]]]}}, {"type": "Feature", "properties": {"uso": "UV", "edif": "EAb_base"}, "geometry": {"type": "Polygon", "coordinates": [[[-70.54682526590398, -33.40030445585667], [-70.5469331167499, -33.40054915216825], [-70.54685871499092, -33.400569377227505], [-70.54684138095853, -33.40056476902496], [-70.5467625342807, -33.40033418401768], [-70.54682526590398, -33.40030445585667]]]}}, {"type": "Feature", "properties": {"uso": "UV", "edif": "EAb_base"}, "geometry": {"type": "Polygon", "coordinates": [[[-70.54302518367751, -33.40037107606493], [-70.54323225144252, -33.400373324763535], [-70.54323336012393, -33.40043602737179], [-70.54302054269223, -33.400433850190666], [-70.54302518367751, -33.40037107606493]]]}}, {"type": "Feature", "properties": {"uso": "UV", "edif": "EAb_base"}, "geometry": {"type": "Polygon", "coordinates": [[[-70.5467166237461, -33.40033958075391], [-70.54659261329896, -33.4004810325266], [-70.54626480567033, -33.40048029440049], [-70.54626241305176, -33.400345242822304], [-70.5467166237461, -33.40033958075391]]]}}, {"type": "Feature", "properties": {"uso": "UV", "edif": "EAb_base"}, "geometry": {"type": "Polygon", "coordinates": [[[-70.5467398781828, -33.400353763831546], [-70.54681863933928, -33.4005795255845], [-70.54666992114905, -33.40062479879435], [-70.5466214463259, -33.4004854974091], [-70.5467398781828, -33.400353763831546]]]}}, {"type": "Feature", "properties": {"uso": "UV", "edif": "EAb_base"}, "geometry": {"type": "Polygon", "coordinates": [[[-70.5270132157386, -33.400598142287386], [-70.52704186813075, -33.400921021239725], [-70.52684655071297, -33.4009330739536], [-70.52680639988952, -33.40061033645737], [-70.5270132157386, -33.400598142287386]]]}}, {"type": "Feature", "properties": {"uso": "UV", "edif": "EAb_base"}, "geometry": {"type": "Polygon", "coordinates": [[[-70.54931582450943, -33.40033126948813], [-70.54935143454718, -33.400393541094594], [-70.54918598327765, -33.40046797227123], [-70.54915037332349, -33.400405700615444], [-70.54931582450943, -33.40033126948813]]]}}, {"type": "Feature", "properties": {"uso": "UV", "edif": "EAb_base"}, "geometry": {"type": "Polygon", "coordinates": [[[-70.54813726335763, -33.400350806709945], [-70.54815468296304, -33.40036023799717], [-70.54820805405662, -33.400451234304136], [-70.54804835115218, -33.400525592241884], [-70.54797738947869, -33.40041551802068], [-70.54811426536334, -33.40035109370027], [-70.54813726335763, -33.400350806709945]]]}}, {"type": "Feature", "properties": {"uso": "UV", "edif": "EAb_base"}, "geometry": {"type": "Polygon", "coordinates": [[[-70.54849381780112, -33.40035118108076], [-70.54855302431713, -33.40044692872987], [-70.54839332173259, -33.400521287103174], [-70.5483282802672, -33.40042078786666], [-70.54849381780112, -33.40035118108076]]]}}, {"type": "Feature", "properties": {"uso": "UV", "edif": "EAb_base"}, "geometry": {"type": "Polygon", "coordinates": [[[-70.53251597029899, -33.40055441015115], [-70.53273488718726, -33.40090388303671], [-70.5325422811766, -33.40107029033554], [-70.53222063449795, -33.40076550507576], [-70.53251597029899, -33.40055441015115]]]}}, {"type": "Feature", "properties": {"uso": "UV", "edif": "EAb_base"}, "geometry": {"type": "Polygon", "coordinates": [[[-70.5487530587, -33.40037689099265], [-70.54881818620275, -33.40048221325872], [-70.54865264870102, -33.40055182047583], [-70.54859335642223, -33.400451249615735], [-70.5487530587, -33.40037689099265]]]}}, {"type": "Feature", "properties": {"uso": "UV", "edif": "EAb_base"}, "geometry": {"type": "Polygon", "coordinates": [[[-70.53474147034802, -33.400551020136454], [-70.53494128108561, -33.40079458974172], [-70.5342173605778, -33.40116054608017], [-70.53402896530594, -33.40091200980025], [-70.53474147034802, -33.400551020136454]]]}}, {"type": "Feature", "properties": {"uso": "UV", "edif": "EAb_base"}, "geometry": {"type": "Polygon", "coordinates": [[[-70.54909811418487, -33.40037740717591], [-70.54916315648603, -33.40047790598476], [-70.54899761928641, -33.400547513654196], [-70.5489325771172, -33.400447014755606], [-70.54909811418487, -33.40037740717591]]]}}, {"type": "Feature", "properties": {"uso": "UV", "edif": "EAb_base"}, "geometry": {"type": "Polygon", "coordinates": [[[-70.54794881304989, -33.400425523255095], [-70.54796039760222, -33.400430203042276], [-70.54797833047886, -33.400468573954555], [-70.54802552420765, -33.40053552575013], [-70.54797420633582, -33.40056028776212], [-70.54796262176522, -33.40055560797684], [-70.54789174571265, -33.40045035697158], [-70.54794881304989, -33.400425523255095]]]}}, {"type": "Feature", "properties": {"uso": "UV", "edif": "EAb_base"}, "geometry": {"type": "Polygon", "coordinates": [[[-70.54936327603073, -33.40041269053948], [-70.54945191607248, -33.40054666480706], [-70.54928646460915, -33.40062109612187], [-70.54919782473631, -33.400487121732446], [-70.54936327603073, -33.40041269053948]]]}}, {"type": "Feature", "properties": {"uso": "UV", "edif": "EAb_base"}, "geometry": {"type": "Polygon", "coordinates": [[[-70.54576442718957, -33.40047688140855], [-70.54608082127109, -33.400482587435356], [-70.54608261553217, -33.40058387612574], [-70.54586413377768, -33.40058659876094], [-70.54576613565946, -33.40057334684252], [-70.54576442718957, -33.40047688140855]]]}}, {"type": "Feature", "properties": {"uso": "UV", "edif": "EAb_base"}, "geometry": {"type": "Polygon", "coordinates": [[[-70.54786891876844, -33.400460290451065], [-70.54794571540398, -33.40057511626364], [-70.54786007147035, -33.40060995519669], [-70.54779511607302, -33.400514278933194], [-70.54781185138462, -33.40048512413198], [-70.54786891876844, -33.400460290451065]]]}}, {"type": "Feature", "properties": {"uso": "UV", "edif": "EAb_base"}, "geometry": {"type": "Polygon", "coordinates": [[[-70.5485648656363, -33.40046607825568], [-70.548629907405, -33.40056657735861], [-70.54847020467523, -33.40064093583396], [-70.54840516302811, -33.40054043664475], [-70.5485648656363, -33.40046607825568]]]}}, {"type": "Feature", "properties": {"uso": "UV", "edif": "EAb_base"}, "geometry": {"type": "Polygon", "coordinates": [[[-70.54821989530205, -33.400470383865034], [-70.54828493668424, -33.400570883160164], [-70.54812523363455, -33.40064524119995], [-70.54806019237394, -33.40054474181854], [-70.54821989530205, -33.400470383865034]]]}}, {"type": "Feature", "properties": {"uso": "UV", "edif": "EAb_base"}, "geometry": {"type": "Polygon", "coordinates": [[[-70.5464836289696, -33.40049686414781], [-70.54659870468794, -33.40050025392898], [-70.54667180157756, -33.40073091072366], [-70.54647108088001, -33.40076235901264], [-70.5464836289696, -33.40049686414781]]]}}, {"type": "Feature", "properties": {"uso": "UV", "edif": "EAb_base"}, "geometry": {"type": "Polygon", "coordinates": [[[-70.53381765765675, -33.400668580835585], [-70.53398863351543, -33.40090768416389], [-70.5332756986516, -33.40124455315739], [-70.53310979578525, -33.400966791368425], [-70.53381765765675, -33.400668580835585]]]}}, {"type": "Feature", "properties": {"uso": "UV", "edif": "EAb_base"}, "geometry": {"type": "Polygon", "coordinates": [[[-70.5491749979412, -33.400497055448255], [-70.54923995480837, -33.40059273094609], [-70.54908025258372, -33.40066709019305], [-70.54901521022633, -33.40056659134499], [-70.5491749979412, -33.400497055448255]]]}}, {"type": "Feature", "properties": {"uso": "UV", "edif": "EAb_base"}, "geometry": {"type": "Polygon", "coordinates": [[[-70.54883577709073, -33.40050129097667], [-70.5488949840839, -33.400597038446556], [-70.54873528153932, -33.400671397257966], [-70.54867023956844, -33.4005708982177], [-70.54883577709073, -33.40050129097667]]]}}, {"type": "Feature", "properties": {"uso": "UV", "edif": "EAb_base"}, "geometry": {"type": "Polygon", "coordinates": [[[-70.54497244561665, -33.40056876062322], [-70.545110519514, -33.40057186537442], [-70.54509702797644, -33.40078430421474], [-70.54497053819391, -33.40078587952773], [-70.54497244561665, -33.40056876062322]]]}}, {"type": "Feature", "properties": {"uso": "UV", "edif": "EAb_base"}, "geometry": {"type": "Polygon", "coordinates": [[[-70.54803736542594, -33.40055467532903], [-70.5481024066686, -33.40065517472281], [-70.5479369537784, -33.400729604275206], [-70.54787766218132, -33.40062903305545], [-70.54803736542594, -33.40055467532903]]]}}, {"type": "Feature", "properties": {"uso": "UV", "edif": "EAb_base"}, "geometry": {"type": "Polygon", "coordinates": [[[-70.54578956086293, -33.400597176643686], [-70.54587022501597, -33.40060582020318], [-70.54586797811028, -33.40080364597104], [-70.5457817350901, -33.40080472059843], [-70.54578956086293, -33.400597176643686]]]}}, {"type": "Feature", "properties": {"uso": "UV", "edif": "EAb_base"}, "geometry": {"type": "Polygon", "coordinates": [[[-70.54946959273721, -33.400570565693776], [-70.549499367844, -33.40062808579659], [-70.5493395801691, -33.40069762210928], [-70.54930405562605, -33.40064017376922], [-70.54946959273721, -33.400570565693776]]]}}, {"type": "Feature", "properties": {"uso": "UV", "edif": "EAb_base"}, "geometry": {"type": "Polygon", "coordinates": [[[-70.53219797492086, -33.40078508232843], [-70.53252528649337, -33.40108497331892], [-70.53242923724673, -33.40118264675432], [-70.53204510717656, -33.40092205198419], [-70.53219797492086, -33.40078508232843]]]}}, {"type": "Feature", "properties": {"uso": "UV", "edif": "EAb_base"}, "geometry": {"type": "Polygon", "coordinates": [[[-70.54864749827068, -33.400585655103704], [-70.54871254022756, -33.40068615415611], [-70.54854708783348, -33.400760584508774], [-70.54848204600461, -33.400660085366866], [-70.54864749827068, -33.400585655103704]]]}}, {"type": "Feature", "properties": {"uso": "UV", "edif": "EAb_base"}, "geometry": {"type": "Polygon", "coordinates": [[[-70.5483025274774, -33.40058996095632], [-70.54836181952749, -33.40069053196022], [-70.54820203077367, -33.400760066836106], [-70.54813707489022, -33.40066439076795], [-70.5483025274774, -33.40058996095632]]]}}, {"type": "Feature", "properties": {"uso": "UV", "edif": "EAb_base"}, "geometry": {"type": "Polygon", "coordinates": [[[-70.54925179629672, -33.400611880400966], [-70.54931108943828, -33.400712450918746], [-70.54915130145164, -33.400781986996726], [-70.5490920940484, -33.40068623966367], [-70.54925179629672, -33.400611880400966]]]}}, {"type": "Feature", "properties": {"uso": "UV", "edif": "EAb_base"}, "geometry": {"type": "Polygon", "coordinates": [[[-70.5489068254985, -33.400616187936514], [-70.54897178217144, -33.40071186357895], [-70.54881216508288, -33.40079104575664], [-70.54874720851906, -33.400695370028444], [-70.5489068254985, -33.400616187936514]]]}}, {"type": "Feature", "properties": {"uso": "UV", "edif": "EAb_base"}, "geometry": {"type": "Polygon", "coordinates": [[[-70.53495886908539, -33.400813669512054], [-70.53513500402305, -33.40101893694931], [-70.53451381217491, -33.401340204670056], [-70.53436025235713, -33.4011105354091], [-70.53495886908539, -33.400813669512054]]]}}, {"type": "Feature", "properties": {"uso": "UV", "edif": "EAb_base"}, "geometry": {"type": "Polygon", "coordinates": [[[-70.54749295757497, -33.40066277841669], [-70.54757576001569, -33.40079200254691], [-70.54735898814516, -33.40089119318236], [-70.5472817644313, -33.40075225065764], [-70.54749295757497, -33.40066277841669]]]}}, {"type": "Feature", "properties": {"uso": "UV", "edif": "EAb_base"}, "geometry": {"type": "Polygon", "coordinates": [[[-70.54951687327652, -33.400642340149304], [-70.54955823310941, -33.40070453987275], [-70.54939278144874, -33.40077897133357], [-70.54935142169408, -33.400716771553284], [-70.54951687327652, -33.400642340149304]]]}}, {"type": "Feature", "properties": {"uso": "UV", "edif": "EAb_base"}, "geometry": {"type": "Polygon", "coordinates": [[[-70.5481142479208, -33.40067432429306], [-70.54817928934521, -33.40077482363952], [-70.54801383630208, -33.40084925329775], [-70.5479487950057, -33.40074875386178], [-70.5481142479208, -33.40067432429306]]]}}, {"type": "Feature", "properties": {"uso": "UV", "edif": "EAb_base"}, "geometry": {"type": "Polygon", "coordinates": [[[-70.54022047840205, -33.40079187599239], [-70.5402140012641, -33.401076592512965], [-70.54006442738321, -33.40107362508014], [-70.54009973786717, -33.40079337495836], [-70.54022047840205, -33.40079187599239]]]}}, {"type": "Feature", "properties": {"uso": "UV", "edif": "EAb_base"}, "geometry": {"type": "Polygon", "coordinates": [[[-70.54032989007875, -33.40080016625161], [-70.5403177488548, -33.40108977743827], [-70.540237169775, -33.40108595354906], [-70.54024364683674, -33.40080123702984], [-70.54032989007875, -33.40080016625161]]]}}, {"type": "Feature", "properties": {"uso": "UV", "edif": "EAb_base"}, "geometry": {"type": "Polygon", "coordinates": [[[-70.54872438161573, -33.40070530366404], [-70.54878933816286, -33.40080097940456], [-70.54862388562478, -33.40087540986273], [-70.54855892919676, -33.40077973403303], [-70.54872438161573, -33.40070530366404]]]}}, {"type": "Feature", "properties": {"uso": "UV", "edif": "EAb_base"}, "geometry": {"type": "Polygon", "coordinates": [[[-70.54837941036222, -33.40070960974395], [-70.54844436654189, -33.40080528567588], [-70.54827891368265, -33.400879715682514], [-70.54821962158901, -33.40077914464287], [-70.54837941036222, -33.40070960974395]]]}}, {"type": "Feature", "properties": {"uso": "UV", "edif": "EAb_base"}, "geometry": {"type": "Polygon", "coordinates": [[[-70.54080169365514, -33.40081360473606], [-70.54096276617615, -33.40081642845932], [-70.54098593469145, -33.40082578935561], [-70.5409760536323, -33.40091757455463], [-70.54078606284743, -33.40090546133478], [-70.54080169365514, -33.40081360473606]]]}}, {"type": "Feature", "properties": {"uso": "UV", "edif": "EAb_base"}, "geometry": {"type": "Polygon", "coordinates": [[[-70.53202244751957, -33.400941629206606], [-70.53240649292586, -33.40119740074409], [-70.53224263368453, -33.40136345249727], [-70.53180270048873, -33.40120003316044], [-70.53202244751957, -33.400941629206606]]]}}, {"type": "Feature", "properties": {"uso": "UV", "edif": "EAb_base"}, "geometry": {"type": "Polygon", "coordinates": [[[-70.54932868047965, -33.40073152856164], [-70.5493937233221, -33.40083202722879], [-70.54922827127481, -33.40090645847969], [-70.54916897808609, -33.4008058879264], [-70.54932868047965, -33.40073152856164]]]}}, {"type": "Feature", "properties": {"uso": "UV", "edif": "EAb_base"}, "geometry": {"type": "Polygon", "coordinates": [[[-70.54898945874277, -33.40073576453631], [-70.54904883728305, -33.40084115844782], [-70.54888904884209, -33.40091069419936], [-70.54882400650772, -33.400810195253705], [-70.54898945874277, -33.40073576453631]]]}}, {"type": "Feature", "properties": {"uso": "UV", "edif": "EAb_base"}, "geometry": {"type": "Polygon", "coordinates": [[[-70.5471160541183, -33.400812209334426], [-70.54725893733549, -33.40076218402866], [-70.54741913450945, -33.401039997333505], [-70.54724132611129, -33.40106633674551], [-70.5471160541183, -33.400812209334426]]]}}, {"type": "Feature", "properties": {"uso": "UV", "edif": "EAb_base"}, "geometry": {"type": "Polygon", "coordinates": [[[-70.53400622133617, -33.40092676407428], [-70.53419453179191, -33.401170477091654], [-70.53343559874918, -33.401507915854815], [-70.53329328639143, -33.40126363317039], [-70.53400622133617, -33.40092676407428]]]}}, {"type": "Feature", "properties": {"uso": "UV", "edif": "EAb_base"}, "geometry": {"type": "Polygon", "coordinates": [[[-70.52942422647612, -33.40100745832047], [-70.52962571579741, -33.40101944720092], [-70.52951740163822, -33.40140190631324], [-70.52936731991835, -33.40136998613678], [-70.52942422647612, -33.40100745832047]]]}}, {"type": "Feature", "properties": {"uso": "UV", "edif": "EAb_base"}, "geometry": {"type": "Polygon", "coordinates": [[[-70.54946735399241, -33.40076839129272], [-70.54947885303719, -33.40076824767113], [-70.54957358570815, -33.40092144306842], [-70.54951660417754, -33.400951100789435], [-70.54949926994334, -33.40094649296486], [-70.54940470862245, -33.40080294403479], [-70.54946735399241, -33.40076839129272]]]}}, {"type": "Feature", "properties": {"uso": "UV", "edif": "EAb_base"}, "geometry": {"type": "Polygon", "coordinates": [[[-70.54819113063127, -33.40079397320113], [-70.54825608667511, -33.40088964923456], [-70.54809071904137, -33.40096890226432], [-70.54803142709616, -33.40086833113162], [-70.54819113063127, -33.40079397320113]]]}}, {"type": "Feature", "properties": {"uso": "UV", "edif": "EAb_base"}, "geometry": {"type": "Polygon", "coordinates": [[[-70.53004103931727, -33.40109151522306], [-70.52972649974782, -33.40217604843191], [-70.52934642992875, -33.402146963997886], [-70.52964879870245, -33.401023986940054], [-70.53004103931727, -33.40109151522306]]]}}, {"type": "Feature", "properties": {"uso": "UV", "edif": "EAb_base"}, "geometry": {"type": "Polygon", "coordinates": [[[-70.54759343622989, -33.40081590371348], [-70.54767031837211, -33.400935552958735], [-70.547442047175, -33.401034887199344], [-70.54737649329493, -33.40090544784514], [-70.54759343622989, -33.40081590371348]]]}}, {"type": "Feature", "properties": {"uso": "UV", "edif": "EAb_base"}, "geometry": {"type": "Polygon", "coordinates": [[[-70.54709322698697, -33.40082214267586], [-70.54715294534299, -33.40094683063093], [-70.54696397991692, -33.400992606123346], [-70.54692760189221, -33.40088692437643], [-70.54696167166094, -33.40086237786968], [-70.54709322698697, -33.40082214267586]]]}}, {"type": "Feature", "properties": {"uso": "UV", "edif": "EAb_base"}, "geometry": {"type": "Polygon", "coordinates": [[[-70.54880117958422, -33.400820128903874], [-70.54886630749677, -33.400925451126184], [-70.54870076920965, -33.40099505842586], [-70.54863572702122, -33.400894559378365], [-70.54880117958422, -33.400820128903874]]]}}, {"type": "Feature", "properties": {"uso": "UV", "edif": "EAb_base"}, "geometry": {"type": "Polygon", "coordinates": [[[-70.54845620788949, -33.40082443521029], [-70.5485212498194, -33.40092493436049], [-70.5483615463479, -33.40099929271336], [-70.54829650453956, -33.400898793476856], [-70.54845620788949, -33.40082443521029]]]}}, {"type": "Feature", "properties": {"uso": "UV", "edif": "EAb_base"}, "geometry": {"type": "Polygon", "coordinates": [[[-70.53007486042752, -33.4010525032973], [-70.53038618420823, -33.40109690669435], [-70.53030958016268, -33.401319771732744], [-70.53002083126722, -33.401250967992695], [-70.53007486042752, -33.4010525032973]]]}}, {"type": "Feature", "properties": {"uso": "UV", "edif": "EAb_base"}, "geometry": {"type": "Polygon", "coordinates": [[[-70.54078640344609, -33.40092475446567], [-70.54096489515992, -33.40093701051807], [-70.5409662577162, -33.40101418303438], [-70.54077626672118, -33.4010020698057], [-70.54078640344609, -33.40092475446567]]]}}, {"type": "Feature", "properties": {"uso": "UV", "edif": "EAb_base"}, "geometry": {"type": "Polygon", "coordinates": [[[-70.54941131440623, -33.4008511048584], [-70.5494823638621, -33.400966001452225], [-70.54933973856343, -33.401030499080264], [-70.54930507008153, -33.401021283379684], [-70.54924586233942, -33.40092553613315], [-70.54941131440623, -33.4008511048584]]]}}, {"type": "Feature", "properties": {"uso": "UV", "edif": "EAb_base"}, "geometry": {"type": "Polygon", "coordinates": [[[-70.54906634268876, -33.40085541286453], [-70.54912563579718, -33.40095598346855], [-70.5489659328169, -33.4010303425861], [-70.54890663983537, -33.40092977190304], [-70.54906634268876, -33.40085541286453]]]}}, {"type": "Feature", "properties": {"uso": "UV", "edif": "EAb_base"}, "geometry": {"type": "Polygon", "coordinates": [[[-70.53515259211127, -33.401038016689], [-70.53532306322467, -33.401248178269036], [-70.53475370186378, -33.40157363008126], [-70.53457139298756, -33.40134431676584], [-70.53515259211127, -33.401038016689]]]}}, {"type": "Feature", "properties": {"uso": "UV", "edif": "EAb_base"}, "geometry": {"type": "Polygon", "coordinates": [[[-70.54378285798482, -33.40094057048247], [-70.54376953381909, -33.40116265581223], [-70.54362004515167, -33.401164515951216], [-70.54363903394099, -33.40093753580975], [-70.54378285798482, -33.40094057048247]]]}}, {"type": "Feature", "properties": {"uso": "UV", "edif": "EAb_base"}, "geometry": {"type": "Polygon", "coordinates": [[[-70.53049568026786, -33.401110028950335], [-70.53095725544341, -33.401195996319196], [-70.53048308953977, -33.402359690646875], [-70.53011899932172, -33.40225804622539], [-70.53049568026786, -33.401110028950335]]]}}, {"type": "Feature", "properties": {"uso": "UV", "edif": "EAb_base"}, "geometry": {"type": "Polygon", "coordinates": [[[-70.54034487930765, -33.40099777811011], [-70.54053478512428, -33.40100506871839], [-70.54053657298603, -33.401106357665235], [-70.5403465818226, -33.40109424378255], [-70.54034487930765, -33.40099777811011]]]}}, {"type": "Feature", "properties": {"uso": "UV", "edif": "EAb_base"}, "geometry": {"type": "Polygon", "coordinates": [[[-70.54675030650212, -33.400942202694495], [-70.54678642789524, -33.40103341469111], [-70.54656287929454, -33.40107479643002], [-70.54652829652377, -33.4010704032149], [-70.54650908214944, -33.400959683037236], [-70.54671546734494, -33.40092333972265], [-70.54675030650212, -33.400942202694495]]]}}, {"type": "Feature", "properties": {"uso": "UV", "edif": "EAb_base"}, "geometry": {"type": "Polygon", "coordinates": [[[-70.54151795997372, -33.400992855922766], [-70.54170211624563, -33.40100021618365], [-70.54169283233247, -33.40112576437977], [-70.54150867579537, -33.401118404112836], [-70.54151795997372, -33.400992855922766]]]}}, {"type": "Feature", "properties": {"uso": "UV", "edif": "EAb_base"}, "geometry": {"type": "Polygon", "coordinates": [[[-70.5482737630926, -33.40091355029787], [-70.54833305534527, -33.40101412130507], [-70.5481676019963, -33.401088551174944], [-70.54810256033642, -33.4009880518336], [-70.5482737630926, -33.40091355029787]]]}}, {"type": "Feature", "properties": {"uso": "UV", "edif": "EAb_base"}, "geometry": {"type": "Polygon", "coordinates": [[[-70.54056361807297, -33.40100953501277], [-70.54074785950527, -33.401021719974686], [-70.54073814847645, -33.40112315172511], [-70.54072673448451, -33.401128117820754], [-70.54056532083038, -33.40110600067509], [-70.54056361807297, -33.40100953501277]]]}}, {"type": "Feature", "properties": {"uso": "UV", "edif": "EAb_base"}, "geometry": {"type": "Polygon", "coordinates": [[[-70.5407766073189, -33.401021362936376], [-70.54096084879312, -33.40103354758031], [-70.5409456439197, -33.401149520603205], [-70.54093422993697, -33.40115448671768], [-70.54076131705216, -33.40113251266127], [-70.5407766073189, -33.401021362936376]]]}}, {"type": "Feature", "properties": {"uso": "UV", "edif": "EAb_base"}, "geometry": {"type": "Polygon", "coordinates": [[[-70.54524993173148, -33.40097537321907], [-70.54525223744385, -33.401105601575715], [-70.545085414921, -33.401102855050944], [-70.5450889443931, -33.40097737834896], [-70.54524993173148, -33.40097537321907]]]}}, {"type": "Feature", "properties": {"uso": "UV", "edif": "EAb_base"}, "geometry": {"type": "Polygon", "coordinates": [[[-70.54648041989832, -33.400964864672744], [-70.54651756662501, -33.40111395599009], [-70.54626458626463, -33.401117109410606], [-70.5462628772087, -33.40102064400784], [-70.54629119767652, -33.400996169341255], [-70.54648041989832, -33.400964864672744]]]}}, {"type": "Feature", "properties": {"uso": "UV", "edif": "EAb_base"}, "geometry": {"type": "Polygon", "coordinates": [[[-70.54853309120091, -33.40094408388626], [-70.54859813331255, -33.40104458298916], [-70.54843842969582, -33.40111894144406], [-70.54837338770572, -33.40101844225485], [-70.54853309120091, -33.40094408388626]]]}}, {"type": "Feature", "properties": {"uso": "UV", "edif": "EAb_base"}, "geometry": {"type": "Polygon", "coordinates": [[[-70.54775295027594, -33.40105513041654], [-70.54751335080981, -33.40116425479008], [-70.54741518080871, -33.40114135766695], [-70.54745388833977, -33.401054036834196], [-70.54767641003217, -33.40095477429909], [-70.54775295027594, -33.40105513041654]]]}}, {"type": "Feature", "properties": {"uso": "UV", "edif": "EAb_base"}, "geometry": {"type": "Polygon", "coordinates": [[[-70.54887814895271, -33.40094460061681], [-70.54894310585405, -33.40104027626323], [-70.54878340255723, -33.401114635153704], [-70.54871836018063, -33.401014136156704], [-70.54887814895271, -33.40094460061681]]]}}, {"type": "Feature", "properties": {"uso": "UV", "edif": "EAb_base"}, "geometry": {"type": "Polygon", "coordinates": [[[-70.53433750839545, -33.4011252897433], [-70.53449106818205, -33.40135495903285], [-70.53445107537334, -33.40136992674053], [-70.53438647298292, -33.40129353624868], [-70.53412952150589, -33.40139802529994], [-70.53417704449947, -33.40148427583448], [-70.53416005002262, -33.40149895903538], [-70.53401240997229, -33.401278864823844], [-70.53433750839545, -33.4011252897433]]]}}, {"type": "Feature", "properties": {"uso": "UV", "edif": "EAb_base"}, "geometry": {"type": "Polygon", "coordinates": [[[-70.54716487193494, -33.40097080356399], [-70.54721841342429, -33.40107144684315], [-70.546994693977, -33.40110318282047], [-70.54698791851156, -33.401045375295155], [-70.5469700714273, -33.401011827502565], [-70.54716487193494, -33.40097080356399]]]}}, {"type": "Feature", "properties": {"uso": "UV", "edif": "EAb_base"}, "geometry": {"type": "Polygon", "coordinates": [[[-70.54913747731347, -33.40097513293256], [-70.54920260574808, -33.401080454960706], [-70.54918578518846, -33.40110478667332], [-70.54905457292652, -33.401164317124284], [-70.5489777743095, -33.401049492065845], [-70.54913747731347, -33.40097513293256]]]}}, {"type": "Feature", "properties": {"uso": "UV_base", "edif": "EAb_base"}, "geometry": {"type": "Polygon", "coordinates": [[[-70.53098033845477, -33.40120053580708], [-70.5313500900882, -33.401297283538106], [-70.53113820525857, -33.40167619800692], [-70.53082028345013, -33.40158363447216], [-70.53098033845477, -33.40120053580708]]]}}, {"type": "Feature", "properties": {"uso": "UV", "edif": "EAb_base"}, "geometry": {"type": "Polygon", "coordinates": [[[-70.54006476782456, -33.40109291821707], [-70.54047933269581, -33.401121541475376], [-70.54045931405138, -33.40129064196571], [-70.54004415261005, -33.40122825567502], [-70.54006476782456, -33.40109291821707]]]}}, {"type": "Feature", "properties": {"uso": "UV", "edif": "EAb_base"}, "geometry": {"type": "Polygon", "coordinates": [[[-70.54113469838339, -33.40110857746291], [-70.54139960438557, -33.401129408033256], [-70.5413902348459, -33.40125013293603], [-70.541119578902, -33.401229373781234], [-70.54113469838339, -33.40110857746291]]]}}, {"type": "Feature", "properties": {"uso": "UV", "edif": "EAb_base"}, "geometry": {"type": "Polygon", "coordinates": [[[-70.54050816568092, -33.40112600778153], [-70.54094032014385, -33.40117370843039], [-70.54092520038478, -33.401294504731844], [-70.540493045327, -33.401246804048114], [-70.54050816568092, -33.40112600778153]]]}}, {"type": "Feature", "properties": {"uso": "UV", "edif": "EAb_base"}, "geometry": {"type": "Polygon", "coordinates": [[[-70.548350646242, -33.40103319909023], [-70.54840985309716, -33.40112894678871], [-70.54825014915853, -33.401203305009275], [-70.54818519287349, -33.40110762898395], [-70.548350646242, -33.40103319909023]]]}}, {"type": "Feature", "properties": {"uso": "UV", "edif": "EAb_base"}, "geometry": {"type": "Polygon", "coordinates": [[[-70.54679843988306, -33.40106221093059], [-70.546822805819, -33.40113909648022], [-70.54655326051002, -33.401181051710125], [-70.54654030843301, -33.4010991994815], [-70.54676960665697, -33.40105774609538], [-70.54679843988306, -33.40106221093059]]]}}, {"type": "Feature", "properties": {"uso": "UV", "edif": "EAb_base"}, "geometry": {"type": "Polygon", "coordinates": [[[-70.53001550443877, -33.40127515543712], [-70.53030416883946, -33.401339135881045], [-70.53021149946015, -33.40162973991879], [-70.5299286683283, -33.40157051168774], [-70.53001550443877, -33.40127515543712]]]}}, {"type": "Feature", "properties": {"uso": "UV", "edif": "EAb_base"}, "geometry": {"type": "Polygon", "coordinates": [[[-70.54895494734318, -33.40105942574525], [-70.54902599638967, -33.401174322609236], [-70.54887762084294, -33.40123889151414], [-70.5488544514298, -33.4012295321202], [-70.54879524402268, -33.401133784651456], [-70.54895494734318, -33.40105942574525]]]}}, {"type": "Feature", "properties": {"uso": "UV", "edif": "EAb_base"}, "geometry": {"type": "Polygon", "coordinates": [[[-70.54860997472794, -33.40106373250626], [-70.54867493143502, -33.40115940829729], [-70.54850947812595, -33.40123383862109], [-70.54845027108753, -33.4011380909769], [-70.54860997472794, -33.40106373250626]]]}}, {"type": "Feature", "properties": {"uso": "UV", "edif": "EAb_base"}, "geometry": {"type": "Polygon", "coordinates": [[[-70.5477706265939, -33.40107903155396], [-70.54783583903075, -33.401189177609936], [-70.54758474018875, -33.40129844559808], [-70.54752519200866, -33.40118340441679], [-70.5477706265939, -33.40107903155396]]]}}, {"type": "Feature", "properties": {"uso": "UV", "edif": "EAb_base"}, "geometry": {"type": "Polygon", "coordinates": [[[-70.54508575647239, -33.40112214814211], [-70.54524682947476, -33.401124966281124], [-70.54525454317104, -33.40123582992948], [-70.54508205622221, -33.40123797829609], [-70.54508575647239, -33.40112214814211]]]}}, {"type": "Feature", "properties": {"uso": "UV", "edif": "EAb_base"}, "geometry": {"type": "Polygon", "coordinates": [[[-70.5432002416128, -33.401164914409925], [-70.54320254428404, -33.4012951428886], [-70.54293222900796, -33.40129368081555], [-70.5429357615755, -33.40116820408939], [-70.5432002416128, -33.401164914409925]]]}}, {"type": "Feature", "properties": {"uso": "UV", "edif": "EAb_base"}, "geometry": {"type": "Polygon", "coordinates": [[[-70.54543690648632, -33.40114189590767], [-70.54563831183991, -33.40114903543054], [-70.54563984937622, -33.40123585431694], [-70.54543852922963, -33.40123353807431], [-70.54543690648632, -33.40114189590767]]]}}, {"type": "Feature", "properties": {"uso": "UV", "edif": "EAb_base"}, "geometry": {"type": "Polygon", "coordinates": [[[-70.53534065140117, -33.40126725797889], [-70.53547586206308, -33.40143443660455], [-70.53525958308795, -33.401562546289895], [-70.53512428778397, -33.40139054413041], [-70.53534065140117, -33.40126725797889]]]}}, {"type": "Feature", "properties": {"uso": "UV", "edif": "EAb_base"}, "geometry": {"type": "Polygon", "coordinates": [[[-70.54653686652043, -33.401229499431885], [-70.54626655168899, -33.40122804462184], [-70.54626492807678, -33.40113640249098], [-70.54651790849303, -33.40113324906816], [-70.54653686652043, -33.401229499431885]]]}}, {"type": "Feature", "properties": {"uso": "UV", "edif": "EAb_base"}, "geometry": {"type": "Polygon", "coordinates": [[[-70.53398958113112, -33.401288795798976], [-70.53414305554006, -33.40151364223408], [-70.5340005020827, -33.401582945864554], [-70.53384711267253, -33.40136292254657], [-70.53398958113112, -33.401288795798976]]]}}, {"type": "Feature", "properties": {"uso": "UV", "edif": "EAb_base"}, "geometry": {"type": "Polygon", "coordinates": [[[-70.52915991117055, -33.40134842111268], [-70.52951207466181, -33.40142609373971], [-70.52946354006846, -33.40161001741289], [-70.52910554173181, -33.40152759223011], [-70.52915991117055, -33.40134842111268]]]}}, {"type": "Feature", "properties": {"uso": "UV", "edif": "EAb_base"}, "geometry": {"type": "Polygon", "coordinates": [[[-70.53187669053084, -33.40148375607917], [-70.53123875144482, -33.40249027181629], [-70.53084701135673, -33.40245168736567], [-70.53144259159441, -33.40132508777243], [-70.53187669053084, -33.40148375607917]]]}}, {"type": "Feature", "properties": {"uso": "UV", "edif": "EAb_base"}, "geometry": {"type": "Polygon", "coordinates": [[[-70.54376987508041, -33.40118194891517], [-70.54376617308249, -33.4012977790791], [-70.54339236551421, -33.40129760581898], [-70.54339031844269, -33.40118184718183], [-70.54376987508041, -33.40118194891517]]]}}, {"type": "Feature", "properties": {"uso": "UV", "edif": "EAb_base"}, "geometry": {"type": "Polygon", "coordinates": [[[-70.54608136950964, -33.40116281191806], [-70.54608316381763, -33.4012641005973], [-70.54583584710555, -33.4012623582306], [-70.54583988807245, -33.401165821167474], [-70.54608136950964, -33.40116281191806]]]}}, {"type": "Feature", "properties": {"uso": "UV", "edif": "EAb_base"}, "geometry": {"type": "Polygon", "coordinates": [[[-70.54003874346934, -33.40124762018637], [-70.54045965458279, -33.40130993509838], [-70.54043895481371, -33.40144044931822], [-70.54001237859896, -33.40138302901267], [-70.54003874346934, -33.40124762018637]]]}}, {"type": "Feature", "properties": {"uso": "UV", "edif": "EAb_base"}, "geometry": {"type": "Polygon", "coordinates": [[[-70.53438689696962, -33.40131765273333], [-70.53452261476109, -33.40151377222624], [-70.53430024533138, -33.40162265821536], [-70.53415852388798, -33.401412139683515], [-70.53438689696962, -33.40131765273333]]]}}, {"type": "Feature", "properties": {"uso": "UV", "edif": "EAb_base"}, "geometry": {"type": "Polygon", "coordinates": [[[-70.5484274440344, -33.40114802456148], [-70.5484867366316, -33.40124859548186], [-70.54832703254775, -33.40132295380446], [-70.54826199052188, -33.4012224545607], [-70.5484274440344, -33.40114802456148]]]}}, {"type": "Feature", "properties": {"uso": "UV", "edif": "EAb_base"}, "geometry": {"type": "Polygon", "coordinates": [[[-70.54740402376777, -33.40116079416862], [-70.54749652975454, -33.40118858628732], [-70.54764505830344, -33.40145689614454], [-70.54754432220255, -33.40128930112758], [-70.54740701684361, -33.401329608527526], [-70.54737123673208, -33.40125768980794], [-70.54740402376777, -33.40116079416862]]]}}, {"type": "Feature", "properties": {"uso": "UV", "edif": "EAb_base"}, "geometry": {"type": "Polygon", "coordinates": [[[-70.54947403310261, -33.40114460579945], [-70.54958060786221, -33.401316950596474], [-70.5495064630331, -33.401351647030275], [-70.54941747953073, -33.40119837979313], [-70.54942280094293, -33.40117419166979], [-70.54947403310261, -33.40114460579945]]]}}, {"type": "Feature", "properties": {"uso": "UV", "edif": "EAb_base"}, "geometry": {"type": "Polygon", "coordinates": [[[-70.54111417000183, -33.401248738332626], [-70.54139066076674, -33.401274249341434], [-70.54137554162163, -33.401395045678505], [-70.54109905047554, -33.40136953464732], [-70.54111417000183, -33.401248738332626]]]}}, {"type": "Feature", "properties": {"uso": "UV", "edif": "EAb_base"}, "geometry": {"type": "Polygon", "coordinates": [[[-70.54048763628572, -33.40126616857614], [-70.54091979143766, -33.4013138692759], [-70.54089909235931, -33.401444383552764], [-70.54047251588689, -33.40138696483909], [-70.54048763628572, -33.40126616857614]]]}}, {"type": "Feature", "properties": {"uso": "UV", "edif": "EAb_base"}, "geometry": {"type": "Polygon", "coordinates": [[[-70.54868677288357, -33.40117855780577], [-70.54875164417294, -33.401269410285686], [-70.54875215771874, -33.40129834987144], [-70.54859820335035, -33.40137263676009], [-70.5485270691065, -33.401252916378155], [-70.54868677288357, -33.40117855780577]]]}}, {"type": "Feature", "properties": {"uso": "UV", "edif": "EAb_base"}, "geometry": {"type": "Polygon", "coordinates": [[[-70.53454856419737, -33.40135424784241], [-70.53473095785404, -33.40158838448809], [-70.53433238525298, -33.401815234534496], [-70.53423801699513, -33.401681319966286], [-70.53455153243513, -33.40152306321834], [-70.53446874819197, -33.40139382987508], [-70.53454856419737, -33.40135424784241]]]}}, {"type": "Feature", "properties": {"uso": "UV", "edif": "EAb_base"}, "geometry": {"type": "Polygon", "coordinates": [[[-70.53381844941894, -33.401368101280866], [-70.53397192354325, -33.401592947933565], [-70.53383520420667, -33.4016670035842], [-70.5336757264048, -33.401427757943495], [-70.53381844941894, -33.401368101280866]]]}}, {"type": "Feature", "properties": {"uso": "UV", "edif": "EAb_base"}, "geometry": {"type": "Polygon", "coordinates": [[[-70.54785342985852, -33.401208255467196], [-70.5479303127184, -33.40132790452377], [-70.54791924131713, -33.40135216433473], [-70.5478049343229, -33.40139218521059], [-70.54772779496851, -33.40125806627426], [-70.54785342985852, -33.401208255467196]]]}}, {"type": "Feature", "properties": {"uso": "UV", "edif": "EAb_base"}, "geometry": {"type": "Polygon", "coordinates": [[[-70.52890853346997, -33.401443182040204], [-70.5288698069873, -33.40153049761459], [-70.52880673005403, -33.40154092365053], [-70.52880816638339, -33.40162291990884], [-70.52876867933286, -33.40166682567072], [-70.52842961961952, -33.401680652163044], [-70.5284201533598, -33.401468497352155], [-70.52890853346997, -33.401443182040204]]]}}, {"type": "Feature", "properties": {"uso": "UV", "edif": "EAb_base"}, "geometry": {"type": "Polygon", "coordinates": [[[-70.54653720839421, -33.40124879250941], [-70.54653968698895, -33.40138866731962], [-70.54626928621038, -33.40138238926008], [-70.54626689350302, -33.40124733770183], [-70.54653720839421, -33.40124879250941]]]}}, {"type": "Feature", "properties": {"uso": "UV", "edif": "EAb_base"}, "geometry": {"type": "Polygon", "coordinates": [[[-70.52799484991078, -33.40148338515593], [-70.52839715485784, -33.40146878069653], [-70.52840087142226, -33.40168100634702], [-70.52833779431523, -33.401691432148915], [-70.52834852740682, -33.401975936614754], [-70.52829728725283, -33.40200551397311], [-70.5282745482701, -33.4016922112983], [-70.52799281585767, -33.40169568166318], [-70.52799484991078, -33.40148338515593]]]}}, {"type": "Feature", "properties": {"uso": "UV", "edif": "EAb_base"}, "geometry": {"type": "Polygon", "coordinates": [[[-70.53510729348942, -33.40140522745625], [-70.53523683917031, -33.401577300787], [-70.53508312664013, -33.40166604112434], [-70.53494783150744, -33.40149403876977], [-70.53510729348942, -33.40140522745625]]]}}, {"type": "Feature", "properties": {"uso": "UV", "edif": "EAb_base"}, "geometry": {"type": "Polygon", "coordinates": [[[-70.54928583919701, -33.40123379417232], [-70.5493205933847, -33.40124783313862], [-70.54940365595479, -33.40139152573104], [-70.54934092449703, -33.401421255188374], [-70.54932933974217, -33.401416575536786], [-70.54923460691921, -33.40126337996786], [-70.5492401852391, -33.401253661640624], [-70.54928583919701, -33.40123379417232]]]}}, {"type": "Feature", "properties": {"uso": "UV", "edif": "EAb_base"}, "geometry": {"type": "Polygon", "coordinates": [[[-70.54293257008594, -33.40131297392572], [-70.54320288542178, -33.401314435996305], [-70.54320501754002, -33.40143501791804], [-70.54293470183067, -33.40143355586285], [-70.54293257008594, -33.40131297392572]]]}}, {"type": "Feature", "properties": {"uso": "UV", "edif": "EAb_base"}, "geometry": {"type": "Polygon", "coordinates": [[[-70.54574419576475, -33.40128279757236], [-70.54607775602607, -33.40128346533343], [-70.54607989211281, -33.401404047092086], [-70.54574075266633, -33.40141309753134], [-70.54574419576475, -33.40128279757236]]]}}, {"type": "Feature", "properties": {"uso": "UV", "edif": "EAb_base"}, "geometry": {"type": "Polygon", "coordinates": [[[-70.53365289748453, -33.40143768885863], [-70.53380671038606, -33.40168182891427], [-70.5335956693462, -33.40178092490446], [-70.53344752170887, -33.401531890210535], [-70.53365289748453, -33.40143768885863]]]}}, {"type": "Feature", "properties": {"uso": "UV", "edif": "EAb_base"}, "geometry": {"type": "Polygon", "coordinates": [[[-70.54770496779685, -33.40126799972893], [-70.5477763575574, -33.40140219041354], [-70.54766788553091, -33.40144696269955], [-70.54759658142241, -33.4013175952166], [-70.54770496779685, -33.40126799972893]]]}}, {"type": "Feature", "properties": {"uso": "UV", "edif": "EAb_base"}, "geometry": {"type": "Polygon", "coordinates": [[[-70.5473312463464, -33.40127266160438], [-70.54722997741892, -33.40139935734732], [-70.54701724331285, -33.40140201036305], [-70.54701519142652, -33.401286251926074], [-70.5473312463464, -33.40127266160438]]]}}, {"type": "Feature", "properties": {"uso": "UV", "edif": "EAb_base"}, "geometry": {"type": "Polygon", "coordinates": [[[-70.54850432761042, -33.40126767324218], [-70.5485753762549, -33.40138257037279], [-70.54843849914465, -33.40144699522859], [-70.54840975129487, -33.40144735404596], [-70.54833887394497, -33.40134210334724], [-70.54850432761042, -33.40126767324218]]]}}, {"type": "Feature", "properties": {"uso": "UV", "edif": "EAb_base"}, "geometry": {"type": "Polygon", "coordinates": [[[-70.54735441561944, -33.401282021287216], [-70.54747934694153, -33.401516855331515], [-70.54734229773779, -33.401571632471146], [-70.54725314671607, -33.401408717048234], [-70.54735441561944, -33.401282021287216]]]}}, {"type": "Feature", "properties": {"uso": "UV", "edif": "EAb_base"}, "geometry": {"type": "Polygon", "coordinates": [[[-70.54920594475671, -33.401268562231195], [-70.5493065127242, -33.40142650928193], [-70.5493066839684, -33.40143615580776], [-70.54924386682538, -33.401461061954684], [-70.54914329892684, -33.40130311485188], [-70.54920594475671, -33.401268562231195]]]}}, {"type": "Feature", "properties": {"uso": "UV", "edif": "EAb_base"}, "geometry": {"type": "Polygon", "coordinates": [[[-70.53231704872724, -33.40167129160825], [-70.53159726341806, -33.402601630472596], [-70.53122784446096, -33.40252417687595], [-70.53189985832036, -33.4014931186946], [-70.53231704872724, -33.40167129160825]]]}}, {"type": "Feature", "properties": {"uso": "UV", "edif": "EAb_base"}, "geometry": {"type": "Polygon", "coordinates": [[[-70.54109364156335, -33.40138889919778], [-70.54137013276994, -33.401414410239205], [-70.54136084835831, -33.401539958417374], [-70.54107277239814, -33.40150976693196], [-70.54109364156335, -33.40138889919778]]]}}, {"type": "Feature", "properties": {"uso": "UV", "edif": "EAb_base"}, "geometry": {"type": "Polygon", "coordinates": [[[-70.54000705455114, -33.40140721680674], [-70.54043363088203, -33.40146463712709], [-70.54040718144513, -33.40159522273404], [-70.5399804342717, -33.40152815577353], [-70.54000705455114, -33.40140721680674]]]}}, {"type": "Feature", "properties": {"uso": "UV", "edif": "EAb_base"}, "geometry": {"type": "Polygon", "coordinates": [[[-70.54752750113342, -33.401313632629], [-70.54761073192375, -33.40146697303763], [-70.54750217420451, -33.40150692191612], [-70.547418943561, -33.401353581431195], [-70.54752750113342, -33.401313632629]]]}}, {"type": "Feature", "properties": {"uso": "UV", "edif": "EAb_base"}, "geometry": {"type": "Polygon", "coordinates": [[[-70.54683188927349, -33.40132713227142], [-70.54683445383337, -33.4014718303289], [-70.54656413827259, -33.401470376189266], [-70.54656740919832, -33.40133042970543], [-70.54683188927349, -33.40132713227142]]]}}, {"type": "Feature", "properties": {"uso": "UV", "edif": "EAb_base"}, "geometry": {"type": "Polygon", "coordinates": [[[-70.54571664385915, -33.4013506815607], [-70.54571783978987, -33.40141820735662], [-70.54543602516222, -33.401416894028415], [-70.54543474404163, -33.40134454495166], [-70.54571664385915, -33.4013506815607]]]}}, {"type": "Feature", "properties": {"uso": "UV", "edif": "EAb_base"}, "geometry": {"type": "Polygon", "coordinates": [[[-70.5404671068336, -33.40140632936618], [-70.54089368339841, -33.401463748095665], [-70.54087856354066, -33.401584544389266], [-70.54044623679299, -33.401527197019625], [-70.5404671068336, -33.40140632936618]]]}}, {"type": "Feature", "properties": {"uso": "UV", "edif": "EAb_base"}, "geometry": {"type": "Polygon", "coordinates": [[[-70.52910013012821, -33.40154695633323], [-70.52945821306668, -33.40163420483706], [-70.52939335907807, -33.401871397523564], [-70.52900593547986, -33.40175074002579], [-70.52910013012821, -33.40154695633323]]]}}, {"type": "Feature", "properties": {"uso": "UV", "edif": "EAb_base"}, "geometry": {"type": "Polygon", "coordinates": [[[-70.54912038630401, -33.40130822529929], [-70.54921529021624, -33.40147106748496], [-70.54904400163487, -33.40154074705887], [-70.54896085389223, -33.40139223095218], [-70.54897776017167, -33.401372722531455], [-70.54912038630401, -33.40130822529929]]]}}, {"type": "Feature", "properties": {"uso": "UV", "edif": "EAb_base"}, "geometry": {"type": "Polygon", "coordinates": [[[-70.53492500272444, -33.40150396991531], [-70.5350603826651, -33.401680795590465], [-70.53490092014067, -33.40176960685564], [-70.53476562519022, -33.40159760429942], [-70.53492500272444, -33.40150396991531]]]}}, {"type": "Feature", "properties": {"uso": "UV", "edif": "EAb_base"}, "geometry": {"type": "Polygon", "coordinates": [[[-70.53553454616167, -33.40150125107519], [-70.53572827222963, -33.401725597243015], [-70.53502844909833, -33.40215397650771], [-70.53484588376782, -33.40191019378589], [-70.53553454616167, -33.40150125107519]]]}}, {"type": "Feature", "properties": {"uso": "UV", "edif": "EAb_base"}, "geometry": {"type": "Polygon", "coordinates": [[[-70.52991759182848, -33.40159477003468], [-70.53020042303314, -33.401653998288744], [-70.53009151880194, -33.40200269467336], [-70.52982018582723, -33.401943324400015], [-70.52991759182848, -33.40159477003468]]]}}, {"type": "Feature", "properties": {"uso": "UV", "edif": "EAb_base"}, "geometry": {"type": "Polygon", "coordinates": [[[-70.54264155827545, -33.40144202575859], [-70.54291204456987, -33.40145313500702], [-70.54290774455262, -33.40153520223167], [-70.54263725800351, -33.401524092981276], [-70.54264155827545, -33.40144202575859]]]}}, {"type": "Feature", "properties": {"uso": "UV", "edif": "EAb_base"}, "geometry": {"type": "Polygon", "coordinates": [[[-70.54626971348122, -33.401406505609444], [-70.54654002886544, -33.401407960396625], [-70.5465423365402, -33.401538188664794], [-70.5462720207526, -33.40153673389428], [-70.54626971348122, -33.401406505609444]]]}}, {"type": "Feature", "properties": {"uso": "UV", "edif": "EAb_base"}, "geometry": {"type": "Polygon", "coordinates": [[[-70.53081495682811, -33.40160782194395], [-70.53112712908718, -33.40170045645229], [-70.53103251601462, -33.40188012502905], [-70.53073767671383, -33.401792100772816], [-70.53081495682811, -33.40160782194395]]]}}, {"type": "Feature", "properties": {"uso": "UV", "edif": "EAb_base"}, "geometry": {"type": "Polygon", "coordinates": [[[-70.54608023388788, -33.401423340173245], [-70.54608254087806, -33.40155356846938], [-70.54573748041614, -33.401553044029825], [-70.54574109436656, -33.40143239061556], [-70.54608023388788, -33.401423340173245]]]}}, {"type": "Feature", "properties": {"uso": "UV", "edif": "EAb_base"}, "geometry": {"type": "Polygon", "coordinates": [[[-70.54338951596765, -33.40146166874808], [-70.54375774528681, -33.40147156009507], [-70.54374829368427, -33.40158746180145], [-70.54339173365138, -33.401587073932596], [-70.54338951596765, -33.40146166874808]]]}}, {"type": "Feature", "properties": {"uso": "UV", "edif": "EAb_base"}, "geometry": {"type": "Polygon", "coordinates": [[[-70.54185437615784, -33.401480757826526], [-70.54214211131232, -33.401491654374865], [-70.54213798102232, -33.40158336815143], [-70.54185024556509, -33.40157247160232], [-70.54185437615784, -33.401480757826526]]]}}, {"type": "Feature", "properties": {"uso": "UV", "edif": "EAb_base"}, "geometry": {"type": "Polygon", "coordinates": [[[-70.54216519489965, -33.40149619176195], [-70.5424529301145, -33.401507087586594], [-70.5424544645037, -33.4015939065985], [-70.54216097940618, -33.40158308225944], [-70.54216519489965, -33.40149619176195]]]}}, {"type": "Feature", "properties": {"uso": "UV", "edif": "EAb_base"}, "geometry": {"type": "Polygon", "coordinates": [[[-70.54941558322207, -33.40141549842644], [-70.54945119380405, -33.40147776997893], [-70.54928565498571, -33.40154737807006], [-70.54924995887035, -33.4014802832051], [-70.54941558322207, -33.40141549842644]]]}}, {"type": "Feature", "properties": {"uso": "UV", "edif": "EAb_base"}, "geometry": {"type": "Polygon", "coordinates": [[[-70.54107319823547, -33.401533883339965], [-70.54135552467886, -33.40156414625829], [-70.5413461550559, -33.40168487115265], [-70.54105241418206, -33.40165957435132], [-70.54107319823547, -33.401533883339965]]]}}, {"type": "Feature", "properties": {"uso": "UV", "edif": "EAb_base"}, "geometry": {"type": "Polygon", "coordinates": [[[-70.53474288117648, -33.401612358708505], [-70.53487817610718, -33.40178436128976], [-70.53473012765492, -33.40186820677522], [-70.53456067436241, -33.40171592394913], [-70.53474288117648, -33.401612358708505]]]}}, {"type": "Feature", "properties": {"uso": "UV", "edif": "EAb_base"}, "geometry": {"type": "Polygon", "coordinates": [[[-70.54882372028273, -33.40144218643353], [-70.54885830329098, -33.401446579000776], [-70.54894136531503, -33.40159027191488], [-70.5488670487914, -33.40161532145152], [-70.54877815169854, -33.40146687700136], [-70.54882372028273, -33.40144218643353]]]}}, {"type": "Feature", "properties": {"uso": "UV", "edif": "EAb_base"}, "geometry": {"type": "Polygon", "coordinates": [[[-70.5404408277264, -33.40154656154556], [-70.54087315456776, -33.40160390893124], [-70.5408580346651, -33.40172470522122], [-70.54042579236194, -33.40167218108374], [-70.5404408277264, -33.40154656154556]]]}}, {"type": "Feature", "properties": {"uso": "UV", "edif": "EAb_base"}, "geometry": {"type": "Polygon", "coordinates": [[[-70.53997511020776, -33.40155234356619], [-70.54040760709998, -33.40161933914928], [-70.54039265680984, -33.4017497819667], [-70.53995990395691, -33.40166831649904], [-70.53997511020776, -33.40155234356619]]]}}, {"type": "Feature", "properties": {"uso": "UV", "edif": "EAb_base"}, "geometry": {"type": "Polygon", "coordinates": [[[-70.52874610321675, -33.40169122562806], [-70.52862755728164, -33.4018181195136], [-70.52837135710868, -33.40196600665563], [-70.52836104627349, -33.40170561874456], [-70.52874610321675, -33.40169122562806]]]}}, {"type": "Feature", "properties": {"uso": "UV", "edif": "EAb_base"}, "geometry": {"type": "Polygon", "coordinates": [[[-70.52825180308653, -33.401706964548765], [-70.52826879233155, -33.40202033806004], [-70.5280065034777, -33.40214900206673], [-70.52799323808449, -33.40171979821842], [-70.52825180308653, -33.401706964548765]]]}}, {"type": "Feature", "properties": {"uso": "UV", "edif": "EAb_base"}, "geometry": {"type": "Polygon", "coordinates": [[[-70.5341797576724, -33.40163862134487], [-70.53431539074094, -33.40182991775703], [-70.53417300649689, -33.40190886818691], [-70.53403720404577, -33.4017079250212], [-70.5341797576724, -33.40163862134487]]]}}, {"type": "Feature", "properties": {"uso": "UV", "edif": "EAb_base"}, "geometry": {"type": "Polygon", "coordinates": [[[-70.52797023951173, -33.40172008148556], [-70.52797792401243, -33.40215900277852], [-70.52760740345977, -33.40234689118526], [-70.52758518221597, -33.40173447220044], [-70.52797023951173, -33.40172008148556]]]}}, {"type": "Feature", "properties": {"uso": "UV", "edif": "EAb_base"}, "geometry": {"type": "Polygon", "coordinates": [[[-70.54804237763898, -33.40148570918081], [-70.54810776185079, -33.40160550159934], [-70.54786232624102, -33.40170987515182], [-70.54778510096051, -33.401570933002176], [-70.5480077946469, -33.401481316385336], [-70.54804237763898, -33.40148570918081]]]}}, {"type": "Feature", "properties": {"uso": "UV", "edif": "EAb_base"}, "geometry": {"type": "Polygon", "coordinates": [[[-70.54875532460073, -33.401476810647175], [-70.54884422166624, -33.4016252551143], [-70.54878140424769, -33.40165016103398], [-70.54876406990772, -33.401645553110036], [-70.54868692886348, -33.40151143482447], [-70.54875532460073, -33.401476810647175]]]}}, {"type": "Feature", "properties": {"uso": "UV_base", "edif": "EA_base"}, "geometry": {"type": "Polygon", "coordinates": [[[-70.53234021661129, -33.40168065413838], [-70.53267099476628, -33.401850244458494], [-70.53253579842189, -33.40201111812587], [-70.53221085421119, -33.401846279747915], [-70.53234021661129, -33.40168065413838]]]}}, {"type": "Feature", "properties": {"uso": "UV", "edif": "EAb_base"}, "geometry": {"type": "Polygon", "coordinates": [[[-70.52755660283236, -33.40174447281329], [-70.52758465799224, -33.402361644319946], [-70.52728812211764, -33.402505201588085], [-70.52720697161995, -33.401811494008626], [-70.52755660283236, -33.40174447281329]]]}}, {"type": "Feature", "properties": {"uso": "UV", "edif": "EAb_base"}, "geometry": {"type": "Polygon", "coordinates": [[[-70.54922713182637, -33.401490216936295], [-70.5493101944922, -33.40163390958367], [-70.54913890567762, -33.401703589293916], [-70.54905592882683, -33.40156471979053], [-70.54922713182637, -33.401490216936295]]]}}, {"type": "Feature", "properties": {"uso": "UV", "edif": "EAb_base"}, "geometry": {"type": "Polygon", "coordinates": [[[-70.549463035466, -33.40149691940621], [-70.54949856048378, -33.40155436768], [-70.54933302156302, -33.40162397583662], [-70.54929749662205, -33.4015665275137], [-70.549463035466, -33.40149691940621]]]}}, {"type": "Feature", "properties": {"uso": "UV", "edif": "EAb_base"}, "geometry": {"type": "Polygon", "coordinates": [[[-70.54866401615627, -33.40151654518976], [-70.5487530842969, -33.4016746362527], [-70.54857595975544, -33.40173956371506], [-70.54850465406506, -33.40161019680576], [-70.54852713890935, -33.40158097014619], [-70.54866401615627, -33.40151654518976]]]}}, {"type": "Feature", "properties": {"uso": "UV", "edif": "EAb_base"}, "geometry": {"type": "Polygon", "coordinates": [[[-70.52885872609309, -33.40188281175088], [-70.52900052384216, -33.401770104124914], [-70.52938803204366, -33.40189558494474], [-70.52935040464155, -33.40204560365555], [-70.52885872609309, -33.40188281175088]]]}}, {"type": "Feature", "properties": {"uso": "UV", "edif": "EAb_base"}, "geometry": {"type": "Polygon", "coordinates": [[[-70.53401437509734, -33.40171785600334], [-70.53415601193953, -33.40192355138866], [-70.53402504190599, -33.40199753615156], [-70.53387765560724, -33.40179191170389], [-70.53401437509734, -33.40171785600334]]]}}, {"type": "Feature", "properties": {"uso": "UV", "edif": "EAb_base"}, "geometry": {"type": "Polygon", "coordinates": [[[-70.534406960872, -33.40180466347315], [-70.53453793028245, -33.40173067832223], [-70.53476572812541, -33.40193048283486], [-70.53462308971147, -33.401994963886], [-70.534406960872, -33.40180466347315]]]}}, {"type": "Feature", "properties": {"uso": "UV", "edif": "EAb_base"}, "geometry": {"type": "Polygon", "coordinates": [[[-70.54263355450463, -33.401639923148814], [-70.54290970574229, -33.40164613761123], [-70.54290532045135, -33.40172338155639], [-70.54263483331799, -33.40171227231777], [-70.54263355450463, -33.401639923148814]]]}}, {"type": "Feature", "properties": {"uso": "UV", "edif": "EAb_base"}, "geometry": {"type": "Polygon", "coordinates": [[[-70.5477622737154, -33.40158086646908], [-70.54788703548947, -33.401806053515976], [-70.54774998611329, -33.40186083110936], [-70.5476252246032, -33.40163564391858], [-70.5477622737154, -33.40158086646908]]]}}, {"type": "Feature", "properties": {"uso": "UV", "edif": "EAb_base"}, "geometry": {"type": "Polygon", "coordinates": [[[-70.54571559259298, -33.401616033107274], [-70.54571695938412, -33.40169320544216], [-70.54542930886507, -33.401687140491305], [-70.54542811314532, -33.40161961468909], [-70.54571559259298, -33.401616033107274]]]}}, {"type": "Feature", "properties": {"uso": "UV", "edif": "EAb_base"}, "geometry": {"type": "Polygon", "coordinates": [[[-70.53994299555644, -33.401687823749114], [-70.5403872477195, -33.40176914649037], [-70.54036646263101, -33.40189483741213], [-70.54026880418999, -33.40190087430316], [-70.5399107106052, -33.401813657355696], [-70.53994299555644, -33.401687823749114]]]}}, {"type": "Feature", "properties": {"uso": "UV", "edif": "EAb_base"}, "geometry": {"type": "Polygon", "coordinates": [[[-70.54951040216704, -33.40157351710191], [-70.54954601288469, -33.40163578862185], [-70.54938047385255, -33.40170539684429], [-70.54934486322065, -33.40164312527491], [-70.54951040216704, -33.40157351710191]]]}}, {"type": "Feature", "properties": {"uso": "UV", "edif": "EAb_base"}, "geometry": {"type": "Polygon", "coordinates": [[[-70.53574586059291, -33.40174467688868], [-70.53582813777436, -33.401844969549444], [-70.53559486402898, -33.40198776324743], [-70.53549525320567, -33.40188286063329], [-70.53574586059291, -33.40174467688868]]]}}, {"type": "Feature", "properties": {"uso": "UV", "edif": "EAb_base"}, "geometry": {"type": "Polygon", "coordinates": [[[-70.54104717557719, -33.40168858546274], [-70.5413407461823, -33.4017042357119], [-70.5413313765317, -33.40182496060353], [-70.54103763518745, -33.40179966378115], [-70.54104717557719, -33.40168858546274]]]}}, {"type": "Feature", "properties": {"uso": "UV", "edif": "EAb_base"}, "geometry": {"type": "Polygon", "coordinates": [[[-70.53073226546131, -33.4018114649365], [-70.53102135517655, -33.401899560161716], [-70.53088835541693, -33.40218583802767], [-70.5306222635072, -33.40209745876234], [-70.53073226546131, -33.4018114649365]]]}}, {"type": "Feature", "properties": {"uso": "UV", "edif": "EAb_base"}, "geometry": {"type": "Polygon", "coordinates": [[[-70.54042055354707, -33.401701192174635], [-70.54085262568017, -33.401744069762245], [-70.54083733542153, -33.40185521948487], [-70.54041109748871, -33.40181709375041], [-70.54042055354707, -33.401701192174635]]]}}, {"type": "Feature", "properties": {"uso": "UV", "edif": "EAb_base"}, "geometry": {"type": "Polygon", "coordinates": [[[-70.54895320688335, -33.40160942139326], [-70.54898281082748, -33.401657295083396], [-70.54898306764238, -33.40167176487382], [-70.54881735687115, -33.401731725831816], [-70.54878183221687, -33.401674277353635], [-70.54895320688335, -33.40160942139326]]]}}, {"type": "Feature", "properties": {"uso": "UV", "edif": "EAb_base"}, "geometry": {"type": "Polygon", "coordinates": [[[-70.53384907698509, -33.40180191374662], [-70.53399654801375, -33.40201236152665], [-70.53386566247896, -33.40209116942528], [-70.53368952818747, -33.40188590019614], [-70.53384907698509, -33.40180191374662]]]}}, {"type": "Feature", "properties": {"uso": "UV", "edif": "EAb_base"}, "geometry": {"type": "Polygon", "coordinates": [[[-70.54812543838158, -33.401629402678104], [-70.54820274981313, -33.40177316786268], [-70.54794555801708, -33.40186321529848], [-70.54787416759406, -33.40172902473926], [-70.54812543838158, -33.401629402678104]]]}}, {"type": "Feature", "properties": {"uso": "UV", "edif": "EAb_base"}, "geometry": {"type": "Polygon", "coordinates": [[[-70.54760239732208, -33.401645577356994], [-70.54772140918968, -33.40187083630351], [-70.54757852446996, -33.4019208621781], [-70.54746526248105, -33.40169553136818], [-70.54760239732208, -33.401645577356994]]]}}, {"type": "Feature", "properties": {"uso": "UV", "edif": "EAb_base"}, "geometry": {"type": "Polygon", "coordinates": [[[-70.53438421674241, -33.40181941781926], [-70.53459451111618, -33.40200496609965], [-70.53411815418005, -33.40238715670693], [-70.5338660863346, -33.40211528591272], [-70.53438421674241, -33.40181941781926]]]}}, {"type": "Feature", "properties": {"uso": "UV", "edif": "EAb_base"}, "geometry": {"type": "Polygon", "coordinates": [[[-70.52866019173119, -33.402039637507244], [-70.5288475647626, -33.40190224670171], [-70.52931616023413, -33.40206049885899], [-70.52933958148672, -33.40208433187853], [-70.52931776611024, -33.402152141706345], [-70.52920277274487, -33.40215355924295], [-70.52866019173119, -33.402039637507244]]]}}, {"type": "Feature", "properties": {"uso": "UV", "edif": "EAb_base"}, "geometry": {"type": "Polygon", "coordinates": [[[-70.54932203614635, -33.40165305902422], [-70.54935764676658, -33.40171533060042], [-70.54918635783542, -33.40178501037884], [-70.54915074730495, -33.401722738751424], [-70.54932203614635, -33.40165305902422]]]}}, {"type": "Feature", "properties": {"uso": "UV", "edif": "EAb_base"}, "geometry": {"type": "Polygon", "coordinates": [[[-70.54955785458995, -33.40165493803839], [-70.54959346537653, -33.401717209541985], [-70.54942792623302, -33.40178681783025], [-70.5493923155322, -33.4017245462772], [-70.54955785458995, -33.40165493803839]]]}}, {"type": "Feature", "properties": {"uso": "UV_base", "edif": "EAb_base"}, "geometry": {"type": "Polygon", "coordinates": [[[-70.53219402868046, -33.40187060929293], [-70.5325131386057, -33.40203069543954], [-70.53240601248343, -33.40215262743059], [-70.53209848626186, -33.40199722230452], [-70.53219402868046, -33.40187060929293]]]}}, {"type": "Feature", "properties": {"uso": "UV", "edif": "EAb_base"}, "geometry": {"type": "Polygon", "coordinates": [[[-70.54495826901002, -33.40171712922248], [-70.5450675967412, -33.40172059198231], [-70.54506381108502, -33.4018315988541], [-70.54507548107304, -33.40184110218109], [-70.54523655540382, -33.40184392029497], [-70.54523681159958, -33.40185839011058], [-70.54496649472517, -33.40185693252257], [-70.54495826901002, -33.40171712922248]]]}}, {"type": "Feature", "properties": {"uso": "UV", "edif": "EAb_base"}, "geometry": {"type": "Polygon", "coordinates": [[[-70.54292865994644, -33.401742388630005], [-70.54320472621691, -33.401743779148745], [-70.5432069436589, -33.4018691843385], [-70.54292512737914, -33.40186786534572], [-70.54292865994644, -33.401742388630005]]]}}, {"type": "Feature", "properties": {"uso": "UV", "edif": "EAb_base"}, "geometry": {"type": "Polygon", "coordinates": [[[-70.54626943299955, -33.40171526653678], [-70.54653974934057, -33.40171672129699], [-70.54654222798337, -33.40185659609649], [-70.54627191120908, -33.401855141354176], [-70.54626943299955, -33.40171526653678]]]}}, {"type": "Feature", "properties": {"uso": "UV", "edif": "EAb_base"}, "geometry": {"type": "Polygon", "coordinates": [[[-70.54743668557546, -33.40170553649637], [-70.54755561158292, -33.401925972343264], [-70.54740706258268, -33.40198089301605], [-70.54728813686417, -33.401760457019954], [-70.54743668557546, -33.40170553649637]]]}}, {"type": "Feature", "properties": {"uso": "UV", "edif": "EAb_base"}, "geometry": {"type": "Polygon", "coordinates": [[[-70.54900065881596, -33.401690842556896], [-70.54903051963866, -33.40175318602346], [-70.54886489434922, -33.40181797031122], [-70.54882919843322, -33.40175087532185], [-70.54900065881596, -33.401690842556896]]]}}, {"type": "Feature", "properties": {"uso": "UV", "edif": "EAb_base"}, "geometry": {"type": "Polygon", "coordinates": [[[-70.54876492583686, -33.40169378574969], [-70.5488242192131, -33.4017943564783], [-70.54864143047958, -33.40186417908506], [-70.54858205167658, -33.40175878500116], [-70.54876492583686, -33.40169378574969]]]}}, {"type": "Feature", "properties": {"uso": "UV", "edif": "EAb_base"}, "geometry": {"type": "Polygon", "coordinates": [[[-70.54607986729327, -33.40172727784861], [-70.54608234520019, -33.40186715267826], [-70.5457371980717, -33.40186180500312], [-70.54574064116574, -33.40173150505267], [-70.54607986729327, -33.40172727784861]]]}}, {"type": "Feature", "properties": {"uso": "UV", "edif": "EAb_base"}, "geometry": {"type": "Polygon", "coordinates": [[[-70.53989955178514, -33.401833093230685], [-70.54025189581733, -33.401920381593946], [-70.54036680314971, -33.40191413054375], [-70.54034069401823, -33.40206400926549], [-70.53986134689482, -33.40194935162625], [-70.53989955178514, -33.401833093230685]]]}}, {"type": "Feature", "properties": {"uso": "UV", "edif": "EAb_base"}, "geometry": {"type": "Polygon", "coordinates": [[[-70.54103231140493, -33.401823851610246], [-70.54132021803197, -33.40184439659725], [-70.54131084834579, -33.40196512148595], [-70.54101144207485, -33.40194471933135], [-70.54103231140493, -33.401823851610246]]]}}, {"type": "Feature", "properties": {"uso": "UV", "edif": "EAb_base"}, "geometry": {"type": "Polygon", "coordinates": [[[-70.53586339948221, -33.401887952099514], [-70.53597501934557, -33.402021651787045], [-70.53530360411806, -33.40243038349789], [-70.5351864895831, -33.40231122423497], [-70.53586339948221, -33.401887952099514]]]}}, {"type": "Feature", "properties": {"uso": "UV", "edif": "EAb_base"}, "geometry": {"type": "Polygon", "coordinates": [[[-70.53547242438911, -33.401892791880115], [-70.53557212006264, -33.402002517806594], [-70.53535025991745, -33.402140345431974], [-70.53525639884298, -33.40203537146613], [-70.53547242438911, -33.401892791880115]]]}}, {"type": "Feature", "properties": {"uso": "UV", "edif": "EAb_base"}, "geometry": {"type": "Polygon", "coordinates": [[[-70.52981477436145, -33.40196268852927], [-70.53016694086185, -33.40204035920224], [-70.53009600063001, -33.40225832989053], [-70.52974958296576, -33.40218058814259], [-70.52981477436145, -33.40196268852927]]]}}, {"type": "Feature", "properties": {"uso": "UV", "edif": "EAb_base"}, "geometry": {"type": "Polygon", "coordinates": [[[-70.54040568839892, -33.40183645827469], [-70.54083209673568, -33.40188423058869], [-70.54081697674323, -33.40200502687142], [-70.5403848181942, -33.40195732591508], [-70.54040568839892, -33.40183645827469]]]}}, {"type": "Feature", "properties": {"uso": "UV_base", "edif": "EA_base"}, "geometry": {"type": "Polygon", "coordinates": [[[-70.53283350949542, -33.40193507479332], [-70.53313588019054, -33.40212431221759], [-70.53294344181178, -33.402300366761416], [-70.5326639848102, -33.40210602144271], [-70.53283350949542, -33.40193507479332]]]}}, {"type": "Feature", "properties": {"uso": "UV", "edif": "EAb_base"}, "geometry": {"type": "Polygon", "coordinates": [[[-70.54936948844274, -33.40173448003558], [-70.54940509913189, -33.40179675159544], [-70.54923381008413, -33.40186643144201], [-70.54919828510205, -33.40180898309381], [-70.54936948844274, -33.40173448003558]]]}}, {"type": "Feature", "properties": {"uso": "UV", "edif": "EAb_base"}, "geometry": {"type": "Polygon", "coordinates": [[[-70.54960530710379, -33.40173635895312], [-70.54963516836949, -33.401798702260756], [-70.54946954347707, -33.40186348734509], [-70.54943976793469, -33.401805967257744], [-70.54960530710379, -33.40173635895312]]]}}, {"type": "Feature", "properties": {"uso": "UV", "edif": "EAb_base"}, "geometry": {"type": "Polygon", "coordinates": [[[-70.54725955991563, -33.40177046210842], [-70.54735437543546, -33.401928482524916], [-70.54726864443148, -33.40195849782019], [-70.54718541372871, -33.40180515718988], [-70.5471909923128, -33.40179543894809], [-70.54725955991563, -33.40177046210842]]]}}, {"type": "Feature", "properties": {"uso": "UV", "edif": "EAb_base"}, "geometry": {"type": "Polygon", "coordinates": [[[-70.53482313968892, -33.40192494821091], [-70.53500578982413, -33.40217355426146], [-70.53437529488967, -33.402620369450474], [-70.53413565755271, -33.40240141328859], [-70.53461776412979, -33.402019151490194], [-70.53482313968892, -33.40192494821091]]]}}, {"type": "Feature", "properties": {"uso": "UV", "edif": "EAb_base"}, "geometry": {"type": "Polygon", "coordinates": [[[-70.54904811083946, -33.40177226369879], [-70.5490778861151, -33.40182978388824], [-70.54891226072034, -33.40189456824167], [-70.54887673593402, -33.40183711979585], [-70.54904811083946, -33.40177226369879]]]}}, {"type": "Feature", "properties": {"uso": "UV", "edif": "EAb_base"}, "geometry": {"type": "Polygon", "coordinates": [[[-70.54821459124871, -33.40179231741499], [-70.54829190298025, -33.40193608253195], [-70.54828083161058, -33.401960342372234], [-70.5480465522464, -33.40204527972924], [-70.54796323455948, -33.40188711639921], [-70.54821459124871, -33.40179231741499]]]}}, {"type": "Feature", "properties": {"uso": "UV", "edif": "EAb_base"}, "geometry": {"type": "Polygon", "coordinates": [[[-70.52854629668064, -33.402103757454014], [-70.5286374465275, -33.40205439082836], [-70.52891461331475, -33.40211851614934], [-70.52886015845685, -33.40229286385712], [-70.5286577369201, -33.40222781741564], [-70.52859364569413, -33.402180363646], [-70.52854080044443, -33.40211829822604], [-70.52854629668064, -33.402103757454014]]]}}, {"type": "Feature", "properties": {"uso": "UV", "edif": "EAb_base"}, "geometry": {"type": "Polygon", "coordinates": [[[-70.5437590769444, -33.40187196349901], [-70.54412155838384, -33.401881925262245], [-70.5441125339284, -33.402021943347876], [-70.54375580152642, -33.40201191002706], [-70.5437590769444, -33.40187196349901]]]}}, {"type": "Feature", "properties": {"uso": "UV", "edif": "EAb_base"}, "geometry": {"type": "Polygon", "coordinates": [[[-70.5320815759995, -33.402016728533845], [-70.53238910226281, -33.402172133700276], [-70.5322705611419, -33.402299030926024], [-70.5319862025976, -33.402152988068536], [-70.5320815759995, -33.402016728533845]]]}}, {"type": "Feature", "properties": {"uso": "UV", "edif": "EAb_base"}, "geometry": {"type": "Polygon", "coordinates": [[[-70.54789887686174, -33.401825203100216], [-70.54794649904956, -33.40191627122076], [-70.5478331323073, -33.40200934806352], [-70.54782729715647, -33.40200459653469], [-70.54783853974456, -33.40198998326294], [-70.54783819757355, -33.401970690199605], [-70.54778465478596, -33.401870047238546], [-70.54789887686174, -33.401825203100216]]]}}, {"type": "Feature", "properties": {"uso": "UV", "edif": "EAb_base"}, "geometry": {"type": "Polygon", "coordinates": [[[-70.54883614638307, -33.401818329230885], [-70.54888969033075, -33.40191897170476], [-70.54870681580584, -33.401983971148844], [-70.54865327202289, -33.40188332859212], [-70.54883614638307, -33.401818329230885]]]}}, {"type": "Feature", "properties": {"uso": "UV", "edif": "EAb_base"}, "geometry": {"type": "Polygon", "coordinates": [[[-70.54941694083006, -33.401815901025195], [-70.54944680199257, -33.401878244380505], [-70.54928126242378, -33.40194785248346], [-70.54924565175547, -33.40188558088873], [-70.54941694083006, -33.401815901025195]]]}}, {"type": "Feature", "properties": {"uso": "UV", "edif": "EAb_base"}, "geometry": {"type": "Polygon", "coordinates": [[[-70.54338577869376, -33.40190072994453], [-70.54373084078398, -33.401901260887904], [-70.54372722405837, -33.40202191431525], [-70.54338791111205, -33.40202131184446], [-70.54338577869376, -33.40190072994453]]]}}, {"type": "Feature", "properties": {"uso": "UV", "edif": "EAb_base"}, "geometry": {"type": "Polygon", "coordinates": [[[-70.54626650342846, -33.40187450609662], [-70.54653682026316, -33.401875960848976], [-70.54653938438732, -33.40202065891382], [-70.5462691525606, -33.40202402744937], [-70.54626650342846, -33.40187450609662]]]}}, {"type": "Feature", "properties": {"uso": "UV", "edif": "EAb_base"}, "geometry": {"type": "Polygon", "coordinates": [[[-70.54573753977697, -33.40188109808598], [-70.54608268698179, -33.401886445757945], [-70.54608499401614, -33.4020166740442], [-70.54573993172286, -33.40201614966419], [-70.54573753977697, -33.40188109808598]]]}}, {"type": "Feature", "properties": {"uso": "UV", "edif": "EAb_base"}, "geometry": {"type": "Polygon", "coordinates": [[[-70.54908972774753, -33.40184893335108], [-70.54912533829037, -33.40191120499457], [-70.54895962717666, -33.4019711661507], [-70.54892418792899, -33.40191854098435], [-70.54908972774753, -33.40184893335108]]]}}, {"type": "Feature", "properties": {"uso": "UV", "edif": "EAb_base"}, "geometry": {"type": "Polygon", "coordinates": [[[-70.5398560227767, -33.40197353941389], [-70.54032962039398, -33.40208826845941], [-70.54030308552231, -33.40221403075858], [-70.53981215323796, -33.402094692446724], [-70.5398560227767, -33.40197353941389]]]}}, {"type": "Feature", "properties": {"uso": "UV", "edif": "EAb_base"}, "geometry": {"type": "Polygon", "coordinates": [[[-70.54776182746396, -33.40187998070718], [-70.54780944954312, -33.40197104888284], [-70.54780979170778, -33.40199034194645], [-70.54779846357413, -33.40200013194982], [-70.54772414635002, -33.40202518081955], [-70.54766468298659, -33.40191496300406], [-70.54776182746396, -33.40187998070718]]]}}, {"type": "Feature", "properties": {"uso": "UV", "edif": "EAb_base"}, "geometry": {"type": "Polygon", "coordinates": [[[-70.54101178273675, -33.401964012456965], [-70.54130543944943, -33.401984486043546], [-70.5412904904657, -33.40211492892511], [-70.5409967481497, -33.402089632034695], [-70.54101178273675, -33.401964012456965]]]}}, {"type": "Feature", "properties": {"uso": "UV", "edif": "EAb_base"}, "geometry": {"type": "Polygon", "coordinates": [[[-70.5403794090911, -33.4019766904382], [-70.54081156773428, -33.40202439141059], [-70.54079653285112, -33.40215001097144], [-70.54035853882417, -33.40209755807354], [-70.5403794090911, -33.4019766904382]]]}}, {"type": "Feature", "properties": {"uso": "UV", "edif": "EAb_base"}, "geometry": {"type": "Polygon", "coordinates": [[[-70.52893769648121, -33.40212305601281], [-70.52916852826897, -33.40216845440729], [-70.52912565776813, -33.40234748377829], [-70.52888899134618, -33.402297332869594], [-70.52893769648121, -33.40212305601281]]]}}, {"type": "Feature", "properties": {"uso": "UV", "edif": "EAb_base"}, "geometry": {"type": "Polygon", "coordinates": [[[-70.53598685818092, -33.40204080258205], [-70.53609255899397, -33.4021649267531], [-70.53544405712522, -33.40256855115888], [-70.53532119253924, -33.4024494632003], [-70.53598685818092, -33.40204080258205]]]}}, {"type": "Feature", "properties": {"uso": "UV", "edif": "EAb_base"}, "geometry": {"type": "Polygon", "coordinates": [[[-70.5352336548048, -33.402050125965104], [-70.53534518909062, -33.4021790029436], [-70.53516315155817, -33.402292215662165], [-70.53505178705677, -33.40217298510819], [-70.5352336548048, -33.402050125965104]]]}}, {"type": "Feature", "properties": {"uso": "UV", "edif": "EAb_base"}, "geometry": {"type": "Polygon", "coordinates": [[[-70.5472160428872, -33.40191091053459], [-70.5472458170241, -33.401968431196075], [-70.54701728616462, -33.40205329492818], [-70.54702175331151, -33.401980874213564], [-70.5472160428872, -33.40191091053459]]]}}, {"type": "Feature", "properties": {"uso": "UV", "edif": "EAb_base"}, "geometry": {"type": "Polygon", "coordinates": [[[-70.53061110255041, -33.40211689386082], [-70.5309407792892, -33.40222378587804], [-70.53082392801767, -33.40244714786309], [-70.53050617284035, -33.402364230214104], [-70.53061110255041, -33.40211689386082]]]}}, {"type": "Feature", "properties": {"uso": "UV", "edif": "EAb_base"}, "geometry": {"type": "Polygon", "coordinates": [[[-70.54945864371153, -33.401897393805456], [-70.54949425453451, -33.401959665334395], [-70.54932871485435, -33.40202927350315], [-70.54929310411711, -33.401967001924774], [-70.54945864371153, -33.401897393805456]]]}}, {"type": "Feature", "properties": {"uso": "UV", "edif": "EAb_base"}, "geometry": {"type": "Polygon", "coordinates": [[[-70.54182316121941, -33.40199252568612], [-70.54211664768697, -33.40200335078557], [-70.5421130287288, -33.40212400422813], [-70.54181370701282, -33.40210842731107], [-70.54182316121941, -33.40199252568612]]]}}, {"type": "Feature", "properties": {"uso": "UV", "edif": "EAb_base"}, "geometry": {"type": "Polygon", "coordinates": [[[-70.54764185563847, -33.40192489645127], [-70.54770131898081, -33.40203511427818], [-70.54763275130956, -33.40206009136339], [-70.54761550247203, -33.402060306546076], [-70.54759233296288, -33.40205094691993], [-70.54754462553343, -33.40195505539023], [-70.54764185563847, -33.40192489645127]]]}}, {"type": "Feature", "properties": {"uso": "UV", "edif": "EAb_base"}, "geometry": {"type": "Polygon", "coordinates": [[[-70.5479583404506, -33.4019354207982], [-70.54801797530004, -33.40205528499221], [-70.5478808400814, -33.40210523947143], [-70.54784505924067, -33.40203332091764], [-70.5479583404506, -33.4019354207982]]]}}, {"type": "Feature", "properties": {"uso": "UV", "edif": "EAb_base"}, "geometry": {"type": "Polygon", "coordinates": [[[-70.53264707465729, -33.402125527745824], [-70.53292069729798, -33.40231512084876], [-70.53277932749808, -33.40245194932645], [-70.53251737343851, -33.40227186046458], [-70.53264707465729, -33.402125527745824]]]}}, {"type": "Feature", "properties": {"uso": "UV", "edif": "EAb_base"}, "geometry": {"type": "Polygon", "coordinates": [[[-70.52942726337803, -33.40216526487031], [-70.52933924118648, -33.40239309444569], [-70.52914882551636, -33.40235684690823], [-70.52919161146005, -33.40217299422272], [-70.52942726337803, -33.40216526487031]]]}}, {"type": "Feature", "properties": {"uso": "UV", "edif": "EAb_base"}, "geometry": {"type": "Polygon", "coordinates": [[[-70.5473663022272, -33.40195245542948], [-70.54740868744591, -33.40207253508494], [-70.54702027859386, -33.402222109293646], [-70.54702337777024, -33.402072516299135], [-70.5473663022272, -33.40195245542948]]]}}, {"type": "Feature", "properties": {"uso": "UV", "edif": "EAb_base"}, "geometry": {"type": "Polygon", "coordinates": [[[-70.52945034657978, -33.402169804637225], [-70.52963467412374, -33.40218682938742], [-70.52957015840789, -33.40244331537154], [-70.52936807412915, -33.40239756334509], [-70.52945034657978, -33.402169804637225]]]}}, {"type": "Feature", "properties": {"uso": "UV", "edif": "EAb_base"}, "geometry": {"type": "Polygon", "coordinates": [[[-70.5491371799448, -33.401930354452034], [-70.54917270494003, -33.40198780281637], [-70.54900132971746, -33.40205265909296], [-70.54897155440946, -33.40199513888788], [-70.5491371799448, -33.401930354452034]]]}}, {"type": "Feature", "properties": {"uso": "UV", "edif": "EAb_base"}, "geometry": {"type": "Polygon", "coordinates": [[[-70.54890719593483, -33.40193322613607], [-70.54896657525157, -33.40203862004672], [-70.5487723725065, -33.40211340969797], [-70.54871874297204, -33.40200794391221], [-70.54890719593483, -33.40193322613607]]]}}, {"type": "Feature", "properties": {"uso": "UV", "edif": "EAb_base"}, "geometry": {"type": "Polygon", "coordinates": [[[-70.52838116122615, -33.402197454694836], [-70.5284043288596, -33.40220681796749], [-70.52852168767507, -33.40234045383263], [-70.52832856350527, -33.4024779150122], [-70.52821002235433, -33.40227675262277], [-70.52838116122615, -33.402197454694836]]]}}, {"type": "Feature", "properties": {"uso": "UV", "edif": "EAb_base"}, "geometry": {"type": "Polygon", "coordinates": [[[-70.54683193071877, -33.40197841688403], [-70.5468329565659, -33.40203629610134], [-70.54656272472828, -33.40203966527762], [-70.54656161358798, -33.401976962784175], [-70.54683193071877, -33.40197841688403]]]}}, {"type": "Feature", "properties": {"uso": "UV", "edif": "EAb_base"}, "geometry": {"type": "Polygon", "coordinates": [[[-70.54752188368566, -33.401969812082555], [-70.54756367043049, -33.40205612881338], [-70.54762176527102, -33.40208917441633], [-70.54745528300998, -33.40210572420198], [-70.54740749017756, -33.40200500935011], [-70.54752188368566, -33.401969812082555]]]}}, {"type": "Feature", "properties": {"uso": "UV", "edif": "EAb_base"}, "geometry": {"type": "Polygon", "coordinates": [[[-70.52965775734046, -33.40219136911525], [-70.52988275540724, -33.40223201375285], [-70.52981274435426, -33.40250304066659], [-70.5295933262263, -33.40245267841623], [-70.52965775734046, -33.40219136911525]]]}}, {"type": "Feature", "properties": {"uso": "UV", "edif": "EAb_base"}, "geometry": {"type": "Polygon", "coordinates": [[[-70.54320409378872, -33.4020332472593], [-70.54320631125414, -33.402158652443234], [-70.54292449403916, -33.40215733347591], [-70.54292802660211, -33.40203185676552], [-70.54320409378872, -33.4020332472593]]]}}, {"type": "Feature", "properties": {"uso": "UV", "edif": "EAb_base"}, "geometry": {"type": "Polygon", "coordinates": [[[-70.5319692076142, -33.40216767098195], [-70.53225365086321, -33.40231853717848], [-70.53213510934977, -33.402445434283166], [-70.53186233453543, -33.40230407243264], [-70.5319692076142, -33.40216767098195]]]}}, {"type": "Feature", "properties": {"uso": "UV", "edif": "EAb_base"}, "geometry": {"type": "Polygon", "coordinates": [[[-70.54338825230015, -33.4020406049482], [-70.54372765063731, -33.40204603069106], [-70.54372411922552, -33.40217150739095], [-70.54339038473316, -33.402161186845255], [-70.54338825230015, -33.4020406049482]]]}}, {"type": "Feature", "properties": {"uso": "UV", "edif": "EAb_base"}, "geometry": {"type": "Polygon", "coordinates": [[[-70.54950609627548, -33.40197881475396], [-70.54960091603554, -33.40213683332402], [-70.54960108731689, -33.402146479847396], [-70.5495325201463, -33.40217145796933], [-70.54943770046776, -33.402013439345346], [-70.54950609627548, -33.40197881475396]]]}}, {"type": "Feature", "properties": {"uso": "UV_base", "edif": "EAb_base"}, "geometry": {"type": "Polygon", "coordinates": [[[-70.53322314185658, -33.40218112592908], [-70.5335083499714, -33.40237539886923], [-70.53312347292311, -33.40272750880645], [-70.532855174631, -33.40251372867131], [-70.53322314185658, -33.40218112592908]]]}}, {"type": "Feature", "properties": {"uso": "UV", "edif": "EAb_base"}, "geometry": {"type": "Polygon", "coordinates": [[[-70.54608533580027, -33.40203596712341], [-70.54608772829829, -33.40217101867604], [-70.545731251572, -33.40217546087236], [-70.54574027343072, -33.402035442746545], [-70.54608533580027, -33.40203596712341]]]}}, {"type": "Feature", "properties": {"uso": "UV", "edif": "EAb_base"}, "geometry": {"type": "Polygon", "coordinates": [[[-70.53980099436221, -33.40211412831365], [-70.54029209699678, -33.40224311323224], [-70.5402479725758, -33.40234979655231], [-70.53976261903685, -33.402220740112995], [-70.53980099436221, -33.40211412831365]]]}}, {"type": "Feature", "properties": {"uso": "UV", "edif": "EAb_base"}, "geometry": {"type": "Polygon", "coordinates": [[[-70.52990583864705, -33.40223655343376], [-70.5301483396497, -33.402291454778236], [-70.53008399451697, -33.402557587595965], [-70.52984157735331, -33.40250750945412], [-70.52990583864705, -33.40223655343376]]]}}, {"type": "Feature", "properties": {"uso": "UV", "edif": "EAb_base"}, "geometry": {"type": "Polygon", "coordinates": [[[-70.54653972627193, -33.40203995198886], [-70.54653671173621, -33.402194368264524], [-70.54627214353974, -33.402192841875355], [-70.54626949438551, -33.40204332052687], [-70.54653972627193, -33.40203995198886]]]}}, {"type": "Feature", "properties": {"uso": "UV", "edif": "EAb_base"}, "geometry": {"type": "Polygon", "coordinates": [[[-70.54099133917649, -33.40210899658044], [-70.54129083119146, -33.40213422204765], [-70.54127579698822, -33.402259841645204], [-70.54097630454343, -33.402234616154416], [-70.54099133917649, -33.40210899658044]]]}}, {"type": "Feature", "properties": {"uso": "UV", "edif": "EAb_base"}, "geometry": {"type": "Polygon", "coordinates": [[[-70.54034746520107, -33.40212181726892], [-70.54079112382992, -33.40216937550966], [-70.54077600374721, -33.402290171785076], [-70.54032667999171, -33.402247508181155], [-70.54034746520107, -33.40212181726892]]]}}, {"type": "Feature", "properties": {"uso": "UV", "edif": "EAb_base"}, "geometry": {"type": "Polygon", "coordinates": [[[-70.54919038183805, -33.40201170373131], [-70.54922024291366, -33.40207404714201], [-70.54905461717615, -33.402138831693414], [-70.54901892097512, -33.40207173676999], [-70.54917313302279, -33.40201191913025], [-70.54919038183805, -33.40201170373131]]]}}, {"type": "Feature", "properties": {"uso": "UV", "edif": "EAb_base"}, "geometry": {"type": "Polygon", "coordinates": [[[-70.5350291277832, -33.40219256286612], [-70.53528669450998, -33.40244989014486], [-70.53470177265463, -33.402872021249195], [-70.53440438252612, -33.402639307057], [-70.5350291277832, -33.40219256286612]]]}}, {"type": "Feature", "properties": {"uso": "UV", "edif": "EAb_base"}, "geometry": {"type": "Polygon", "coordinates": [[[-70.53621567888996, -33.40229848381022], [-70.53557842142123, -33.40268749664332], [-70.53546748014676, -33.40259238296764], [-70.53611014752725, -33.402184006341], [-70.53621567888996, -33.40229848381022]]]}}, {"type": "Feature", "properties": {"uso": "UV", "edif": "EAb_base"}, "geometry": {"type": "Polygon", "coordinates": [[[-70.52798764268265, -33.40238562756041], [-70.52818727701097, -33.40229150586471], [-70.52830590259694, -33.40249749158608], [-70.52827182675203, -33.40252203312977], [-70.52806449990267, -33.402505289657995], [-70.52798764268265, -33.40238562756041]]]}}, {"type": "Feature", "properties": {"uso": "UV", "edif": "EAb_base"}, "geometry": {"type": "Polygon", "coordinates": [[[-70.54131382972962, -33.402133936308545], [-70.54162473596261, -33.4021541948129], [-70.54161536668293, -33.40227491970766], [-70.5413043748372, -33.402249837911945], [-70.54131382972962, -33.402133936308545]]]}}, {"type": "Feature", "properties": {"uso": "UV", "edif": "EAb_base"}, "geometry": {"type": "Polygon", "coordinates": [[[-70.54897841689022, -33.40205776951946], [-70.54903196115775, -33.402158411919196], [-70.54883767261173, -33.402228378414144], [-70.54878421411412, -33.40213255918997], [-70.54897841689022, -33.40205776951946]]]}}, {"type": "Feature", "properties": {"uso": "UV", "edif": "EAb_base"}, "geometry": {"type": "Polygon", "coordinates": [[[-70.53017150748481, -33.40230081771451], [-70.53039101009956, -33.40235600224969], [-70.53033233079127, -33.40261724093858], [-70.53010716241748, -33.402566950542045], [-70.53017150748481, -33.40230081771451]]]}}, {"type": "Feature", "properties": {"uso": "UV", "edif": "EAb_base"}, "geometry": {"type": "Polygon", "coordinates": [[[-70.54742052875363, -33.40209168471605], [-70.54749801053207, -33.40224509688415], [-70.54736087469831, -33.402295050804135], [-70.54728347862216, -33.40214646181286], [-70.54742052875363, -33.40209168471605]]]}}, {"type": "Feature", "properties": {"uso": "UV", "edif": "EAb_base"}, "geometry": {"type": "Polygon", "coordinates": [[[-70.52724508882793, -33.40234652778262], [-70.52726537655359, -33.40251995466656], [-70.52698042340383, -33.40266819296683], [-70.52682020265513, -33.40238552824805], [-70.52724508882793, -33.40234652778262]]]}}, {"type": "Feature", "properties": {"uso": "UV", "edif": "EAb_base"}, "geometry": {"type": "Polygon", "coordinates": [[[-70.5325004632214, -33.40229136674904], [-70.53276233259636, -33.40246663234569], [-70.53259821765727, -33.40261821468505], [-70.53235385123389, -33.40245720559055], [-70.5325004632214, -33.40229136674904]]]}}, {"type": "Feature", "properties": {"uso": "UV", "edif": "EAb_base"}, "geometry": {"type": "Polygon", "coordinates": [[[-70.54763360662707, -33.402108324025626], [-70.54766947286339, -33.4021850659098], [-70.54752658760422, -33.40223509173779], [-70.54746712433256, -33.4021248738281], [-70.54763360662707, -33.402108324025626]]]}}, {"type": "Feature", "properties": {"uso": "UV", "edif": "EAb_base"}, "geometry": {"type": "Polygon", "coordinates": [[[-70.5492263350018, -33.40209326839068], [-70.54923791984288, -33.40209794804897], [-70.54931506227554, -33.402232065940225], [-70.54930407678457, -33.40226114912587], [-70.54925833668094, -33.40227619335075], [-70.54916926698093, -33.40211810270954], [-70.5492263350018, -33.40209326839068]]]}}, {"type": "Feature", "properties": {"uso": "UV", "edif": "EAb_base"}, "geometry": {"type": "Polygon", "coordinates": [[[-70.54840456838872, -33.4021276496571], [-70.5484463560766, -33.402213966061055], [-70.5482234899036, -33.402293936966636], [-70.5481639401607, -33.40217889615367], [-70.54835247956795, -33.40210900246277], [-70.54840456838872, -33.4021276496571]]]}}, {"type": "Feature", "properties": {"uso": "UV", "edif": "EAb_base"}, "geometry": {"type": "Polygon", "coordinates": [[[-70.52865511314643, -33.40240635070077], [-70.52857791225743, -33.40259545161991], [-70.5283064093884, -33.40252643144439], [-70.52853919015556, -33.402354711230515], [-70.52865511314643, -33.40240635070077]]]}}, {"type": "Feature", "properties": {"uso": "UV", "edif": "EAb_base"}, "geometry": {"type": "Polygon", "coordinates": [[[-70.54655868456118, -33.402136202329324], [-70.54682900218565, -33.402137656421324], [-70.54683011352478, -33.402200358905205], [-70.54655979570607, -33.402198904821255], [-70.54655868456118, -33.402136202329324]]]}}, {"type": "Feature", "properties": {"uso": "UV", "edif": "EAb_base"}, "geometry": {"type": "Polygon", "coordinates": [[[-70.54339072592363, -33.40218047994857], [-70.543724545806, -33.40219562376624], [-70.54372084375979, -33.402311453913505], [-70.54339294366953, -33.40230588511847], [-70.54339072592363, -33.40218047994857]]]}}, {"type": "Feature", "properties": {"uso": "UV", "edif": "EAb_base"}, "geometry": {"type": "Polygon", "coordinates": [[[-70.53185117383484, -33.402323507634975], [-70.532118199013, -33.40246494051838], [-70.53200540679681, -33.402591766497274], [-70.53173863535935, -33.40246480328573], [-70.53185117383484, -33.402323507634975]]]}}, {"type": "Feature", "properties": {"uso": "UV", "edif": "EAb_base"}, "geometry": {"type": "Polygon", "coordinates": [[[-70.53975146013488, -33.40224017597587], [-70.54018489664912, -33.40236022835174], [-70.54012377841747, -33.40248159562976], [-70.53970184067661, -33.40236140033586], [-70.53975146013488, -33.40224017597587]]]}}, {"type": "Feature", "properties": {"uso": "UV", "edif": "EAb_base"}, "geometry": {"type": "Polygon", "coordinates": [[[-70.54914643976325, -33.40212803642996], [-70.54922958856923, -33.40227655236589], [-70.54922975981043, -33.40228619889075], [-70.5491612780339, -33.40231600007564], [-70.54906654445948, -33.402162804419405], [-70.54914643976325, -33.40212803642996]]]}}, {"type": "Feature", "properties": {"uso": "UV", "edif": "EAb_base"}, "geometry": {"type": "Polygon", "coordinates": [[[-70.53041417797631, -33.402365365139296], [-70.53065101453227, -33.402425159715825], [-70.53056899880657, -33.402667389042215], [-70.53035541415382, -33.40262178053199], [-70.53041417797631, -33.402365365139296]]]}}, {"type": "Feature", "properties": {"uso": "UV", "edif": "EAb_base"}, "geometry": {"type": "Polygon", "coordinates": [[[-70.54608807008503, -33.402190311754744], [-70.54608479841411, -33.40233025823028], [-70.54572874817387, -33.402358816788606], [-70.54573167870706, -33.40219957722477], [-70.54608807008503, -33.402190311754744]]]}}, {"type": "Feature", "properties": {"uso": "UV", "edif": "EAb_base"}, "geometry": {"type": "Polygon", "coordinates": [[[-70.54097089555799, -33.402253980699236], [-70.5412761377126, -33.40227913476743], [-70.5412611886524, -33.40240957764218], [-70.54095577571516, -33.40237477698827], [-70.54097089555799, -33.402253980699236]]]}}, {"type": "Feature", "properties": {"uso": "UV", "edif": "EAb_base"}, "geometry": {"type": "Polygon", "coordinates": [[[-70.54030977156832, -33.40226701548036], [-70.5403904368744, -33.4022756625729], [-70.54037489056407, -33.402372342401335], [-70.54038664526644, -33.40238666946378], [-70.54027114143372, -33.40235915757042], [-70.54030977156832, -33.40226701548036]]]}}, {"type": "Feature", "properties": {"uso": "UV", "edif": "EAb_base"}, "geometry": {"type": "Polygon", "coordinates": [[[-70.536379216661, -33.40244118887072], [-70.53570712126547, -33.402811336439186], [-70.53559026026737, -33.40270664747409], [-70.53623901713792, -33.40231749217836], [-70.536379216661, -33.40244118887072]]]}}, {"type": "Feature", "properties": {"uso": "UV", "edif": "EAb_base"}, "geometry": {"type": "Polygon", "coordinates": [[[-70.52868403055072, -33.40241564306903], [-70.52885728161432, -33.402456927207446], [-70.52878008112828, -33.402646028239765], [-70.52860682971772, -33.40260474400435], [-70.52868403055072, -33.40241564306903]]]}}, {"type": "Feature", "properties": {"uso": "UV", "edif": "EAb_base"}, "geometry": {"type": "Polygon", "coordinates": [[[-70.54050560007413, -33.40228388122844], [-70.5404843042379, -33.40238063246506], [-70.54047863972231, -33.402385527144546], [-70.54041530840054, -33.40238148921392], [-70.5403977189091, -33.402362410265255], [-70.54041403139428, -33.40230913997709], [-70.54041360572653, -33.40228502356462], [-70.5404192702396, -33.402280128888115], [-70.54050560007413, -33.40228388122844]]]}}, {"type": "Feature", "properties": {"uso": "UV", "edif": "EAb_base"}, "geometry": {"type": "Polygon", "coordinates": [[[-70.5490495524442, -33.40217748959074], [-70.54913261552312, -33.40232118233129], [-70.54894991157408, -33.40239582867454], [-70.54891498576987, -33.4023721430922], [-70.54884959984955, -33.40225235116202], [-70.5490495524442, -33.40217748959074]]]}}, {"type": "Feature", "properties": {"uso": "UV", "edif": "EAb_base"}, "geometry": {"type": "Polygon", "coordinates": [[[-70.54813536318579, -33.40218890144434], [-70.54823644377569, -33.40237578895367], [-70.54812213561709, -33.40241581014997], [-70.54802689039487, -33.40223367406173], [-70.54813536318579, -33.40218890144434]]]}}, {"type": "Feature", "properties": {"uso": "UV", "edif": "EAb_base"}, "geometry": {"type": "Polygon", "coordinates": [[[-70.54052868380008, -33.40228841891601], [-70.54060934914193, -33.40229706586496], [-70.54059397336009, -33.40240339227767], [-70.54050747312773, -33.40238999343802], [-70.54052868380008, -33.40228841891601]]]}}, {"type": "Feature", "properties": {"uso": "UV", "edif": "EAb_base"}, "geometry": {"type": "Polygon", "coordinates": [[[-70.54683045547596, -33.402219651977056], [-70.54683148133148, -33.40227753119217], [-70.5465612487469, -33.40228090038661], [-70.5465601375975, -33.40221819789556], [-70.54683045547596, -33.402219651977056]]]}}, {"type": "Feature", "properties": {"uso": "UV", "edif": "EAb_base"}, "geometry": {"type": "Polygon", "coordinates": [[[-70.54063809737744, -33.402296708846755], [-70.540770594714, -33.40230953632235], [-70.54076105393558, -33.40242061462082], [-70.54061705712185, -33.40240792994765], [-70.54063809737744, -33.402296708846755]]]}}, {"type": "Feature", "properties": {"uso": "UV", "edif": "EAb_base"}, "geometry": {"type": "Polygon", "coordinates": [[[-70.5335373525902, -33.4023895133895], [-70.53389841003948, -33.402645564242604], [-70.53308240170732, -33.40333588392464], [-70.53276717194993, -33.403069615818204], [-70.5335373525902, -33.4023895133895]]]}}, {"type": "Feature", "properties": {"uso": "UV", "edif": "EAb_base"}, "geometry": {"type": "Polygon", "coordinates": [[[-70.5306741824536, -33.40243452255545], [-70.5308185167497, -33.40246651202917], [-70.53076524996362, -33.40270838671796], [-70.53059783189188, -33.40267185765115], [-70.5306741824536, -33.40243452255545]]]}}, {"type": "Feature", "properties": {"uso": "UV", "edif": "EAb_base"}, "geometry": {"type": "Polygon", "coordinates": [[[-70.52888611455809, -33.40246139621896], [-70.5290765303653, -33.40249764415579], [-70.52901099874526, -33.40269625019485], [-70.5288089141317, -33.402650497267416], [-70.52888611455809, -33.40246139621896]]]}}, {"type": "Feature", "properties": {"uso": "UV", "edif": "EAb_base"}, "geometry": {"type": "Polygon", "coordinates": [[[-70.54800397745606, -33.40223878431108], [-70.5480993081958, -33.40242574368288], [-70.54798508545704, -33.4024705880213], [-70.54788975490554, -33.40228362855737], [-70.54800397745606, -33.40223878431108]]]}}, {"type": "Feature", "properties": {"uso": "UV", "edif": "EAb_base"}, "geometry": {"type": "Polygon", "coordinates": [[[-70.5484582832063, -33.40223793884979], [-70.54850582063138, -33.40232418346233], [-70.54828303980858, -33.40240897774441], [-70.5482295817915, -33.40231315826949], [-70.5484582832063, -33.40223793884979]]]}}, {"type": "Feature", "properties": {"uso": "UV", "edif": "EAb_base"}, "geometry": {"type": "Polygon", "coordinates": [[[-70.54320337610777, -33.402317892080795], [-70.54320009981032, -33.40245783861054], [-70.54291819635586, -33.402451696380254], [-70.5429158940078, -33.40232146790842], [-70.54320337610777, -33.402317892080795]]]}}, {"type": "Feature", "properties": {"uso": "UV", "edif": "EAb_base"}, "geometry": {"type": "Polygon", "coordinates": [[[-70.53084168469891, -33.40247587483664], [-70.53117051683274, -33.40253453315606], [-70.53114219150137, -33.40255900449947], [-70.53109433679734, -33.402781515124076], [-70.5307884179728, -33.40271774953334], [-70.53084168469891, -33.40247587483664]]]}}, {"type": "Feature", "properties": {"uso": "UV", "edif": "EAb_base"}, "geometry": {"type": "Polygon", "coordinates": [[[-70.54021381515659, -33.40236951799707], [-70.54038707092838, -33.40241078587616], [-70.54038191719846, -33.402444620246165], [-70.54033591993793, -33.40244519137934], [-70.54032569756119, -33.40251768339825], [-70.54015269695977, -33.4024908852882], [-70.54021381515659, -33.40236951799707]]]}}, {"type": "Feature", "properties": {"uso": "UV", "edif": "EAb_base"}, "geometry": {"type": "Polygon", "coordinates": [[[-70.52910544784118, -33.4025069364235], [-70.52930169804027, -33.40254793644601], [-70.52923050171408, -33.40275143677312], [-70.52903416657617, -33.402705613343414], [-70.52910544784118, -33.4025069364235]]]}}, {"type": "Feature", "properties": {"uso": "UV", "edif": "EAb_base"}, "geometry": {"type": "Polygon", "coordinates": [[[-70.53969076683804, -33.40238565947781], [-70.54004903282771, -33.402482523557914], [-70.54000507822067, -33.402598853365895], [-70.53964106212844, -33.40250206053147], [-70.53969076683804, -33.40238565947781]]]}}, {"type": "Feature", "properties": {"uso": "UV", "edif": "EAb_base"}, "geometry": {"type": "Polygon", "coordinates": [[[-70.54683182328398, -33.40229682426376], [-70.54683455891566, -33.40245116883412], [-70.54680048850764, -33.402475715318765], [-70.54657719267172, -33.40253156698478], [-70.54655188630652, -33.40240162545587], [-70.54656159063971, -33.40230019346065], [-70.54683182328398, -33.40229682426376]]]}}, {"type": "Feature", "properties": {"uso": "UV", "edif": "EAb_base"}, "geometry": {"type": "Polygon", "coordinates": [[[-70.54653292795507, -33.402305375119795], [-70.54652846039613, -33.4023777958253], [-70.5462695558224, -33.402371374500206], [-70.54626835942166, -33.40230384873227], [-70.54653292795507, -33.402305375119795]]]}}, {"type": "Feature", "properties": {"uso": "UV", "edif": "EAb_base"}, "geometry": {"type": "Polygon", "coordinates": [[[-70.53218812666127, -33.40251714469188], [-70.53225780034163, -33.40255487892086], [-70.53234269062636, -33.402476640834095], [-70.53258122269281, -33.40263289768089], [-70.53239994271642, -33.40278951616649], [-70.53212040058865, -33.40259034634704], [-70.53218812666127, -33.40251714469188]]]}}, {"type": "Feature", "properties": {"uso": "UV", "edif": "EAb_base"}, "geometry": {"type": "Polygon", "coordinates": [[[-70.53172747461164, -33.402484238477825], [-70.53204075165426, -33.40263957347551], [-70.5319392045098, -33.4027517874825], [-70.53162618117348, -33.40261092214381], [-70.53172747461164, -33.402484238477825]]]}}, {"type": "Feature", "properties": {"uso": "UV", "edif": "EAb_base"}, "geometry": {"type": "Polygon", "coordinates": [[[-70.54786117786279, -33.4022936337866], [-70.54795650836576, -33.40248059327365], [-70.54784794957509, -33.402520542480275], [-70.54775261925415, -33.4023335829055], [-70.54786117786279, -33.4022936337866]]]}}, {"type": "Feature", "properties": {"uso": "UV", "edif": "EAb_base"}, "geometry": {"type": "Polygon", "coordinates": [[[-70.52829524785635, -33.40254586634942], [-70.52853791779717, -33.40261041746304], [-70.52846113886231, -33.402823634861264], [-70.52824772370458, -33.40278766932092], [-70.52829524785635, -33.40254586634942]]]}}, {"type": "Feature", "properties": {"uso": "UV", "edif": "EAb_base"}, "geometry": {"type": "Polygon", "coordinates": [[[-70.54504986387758, -33.40234315213093], [-70.5449620535431, -33.40258063816712], [-70.54483530501336, -33.40256774360031], [-70.54490620829955, -33.402349765540365], [-70.54504986387758, -33.40234315213093]]]}}, {"type": "Feature", "properties": {"uso": "UV", "edif": "EAb_base"}, "geometry": {"type": "Polygon", "coordinates": [[[-70.5409503667177, -33.402394141532135], [-70.54125586490191, -33.402433765477845], [-70.54125173367494, -33.40252547923945], [-70.54121182676487, -33.402545272387094], [-70.54092949716934, -33.40251500923589], [-70.5409503667177, -33.402394141532135]]]}}, {"type": "Feature", "properties": {"uso": "UV", "edif": "EAb_base"}, "geometry": {"type": "Polygon", "coordinates": [[[-70.53530428293166, -33.402468969849586], [-70.53542714752379, -33.40258805782444], [-70.53488255827344, -33.40301451491757], [-70.53472502592169, -33.40288620661063], [-70.53530428293166, -33.402468969849586]]]}}, {"type": "Feature", "properties": {"uso": "UV", "edif": "EAb_base"}, "geometry": {"type": "Polygon", "coordinates": [[[-70.53653108577375, -33.40257438954454], [-70.5358414862959, -33.40293028161319], [-70.53572479472894, -33.40283523937122], [-70.53640255498274, -33.402460197205535], [-70.53653108577375, -33.40257438954454]]]}}, {"type": "Feature", "properties": {"uso": "UV", "edif": "EAb_base"}, "geometry": {"type": "Polygon", "coordinates": [[[-70.54128410208143, -33.40240446862605], [-70.54160109972837, -33.40244394884638], [-70.54158589553984, -33.40255992190496], [-70.5412747323166, -33.402525193504644], [-70.54128410208143, -33.40240446862605]]]}}, {"type": "Feature", "properties": {"uso": "UV", "edif": "EAb_base"}, "geometry": {"type": "Polygon", "coordinates": [[[-70.52932478133847, -33.402552476233325], [-70.5295210317299, -33.402593475902634], [-70.52945567012738, -33.40280172876067], [-70.52925933477138, -33.40275590569435], [-70.52932478133847, -33.402552476233325]]]}}, {"type": "Feature", "properties": {"uso": "UV", "edif": "EAb_base"}, "geometry": {"type": "Polygon", "coordinates": [[[-70.54609088983801, -33.402349479651576], [-70.54609311147719, -33.40247488465817], [-70.54582304905338, -33.40248789880215], [-70.54582099866616, -33.40237214032008], [-70.54609088983801, -33.402349479651576]]]}}, {"type": "Feature", "properties": {"uso": "UV", "edif": "EAb_base"}, "geometry": {"type": "Polygon", "coordinates": [[[-70.53119934989903, -33.40253900162563], [-70.53135501464993, -33.402561201922786], [-70.53127342393583, -33.40282754817151], [-70.53111750485907, -33.40279087787632], [-70.53116535950784, -33.40256836724464], [-70.53119934989903, -33.40253900162563]]]}}, {"type": "Feature", "properties": {"uso": "UV", "edif": "EAb_base"}, "geometry": {"type": "Polygon", "coordinates": [[[-70.54772412771587, -33.402348411369765], [-70.54781937245065, -33.40253054770188], [-70.54771081353104, -33.40257049679175], [-70.54761556897245, -33.40238836037215], [-70.54772412771587, -33.402348411369765]]]}}, {"type": "Feature", "properties": {"uso": "UV", "edif": "EAb_base"}, "geometry": {"type": "Polygon", "coordinates": [[[-70.54579800011416, -33.402372426896356], [-70.54579677834607, -33.40262813185475], [-70.54570478386529, -33.40262927812406], [-70.54570668931322, -33.402412159321905], [-70.54572385280854, -33.402407121132235], [-70.54572908988371, -33.40237810986998], [-70.54579800011416, -33.402372426896356]]]}}, {"type": "Feature", "properties": {"uso": "UV", "edif": "EAb_base"}, "geometry": {"type": "Polygon", "coordinates": [[[-70.54179624711584, -33.40242222630256], [-70.54208982025682, -33.40243787470217], [-70.54208053683412, -33.40256342288764], [-70.54178121361005, -33.40254784593632], [-70.54179624711584, -33.40242222630256]]]}}, {"type": "Feature", "properties": {"uso": "UV", "edif": "EAb_base"}, "geometry": {"type": "Polygon", "coordinates": [[[-70.53283251476287, -33.40253330604345], [-70.53310656276066, -33.40274701517082], [-70.53295927343497, -33.402874268314704], [-70.53268539478782, -33.40267020546664], [-70.53283251476287, -33.40253330604345]]]}}, {"type": "Feature", "properties": {"uso": "UV", "edif": "EAb_base"}, "geometry": {"type": "Polygon", "coordinates": [[[-70.54851766221203, -33.40234333298], [-70.54856545650976, -33.402444047356504], [-70.54834833951672, -33.40252394672516], [-70.54829488135348, -33.402428127284196], [-70.54851766221203, -33.40234333298]]]}}, {"type": "Feature", "properties": {"uso": "UV", "edif": "EAb_base"}, "geometry": {"type": "Polygon", "coordinates": [[[-70.53137809804304, -33.40256574132479], [-70.53158610262207, -33.40262106565295], [-70.53145251125379, -33.40287358095463], [-70.53129650739633, -33.40283208758662], [-70.53137809804304, -33.40256574132479]]]}}, {"type": "Feature", "properties": {"uso": "UV", "edif": "EAb_base"}, "geometry": {"type": "Polygon", "coordinates": [[[-70.54626989765192, -33.402390667576626], [-70.54652305264526, -33.402397160576655], [-70.54655427955953, -33.40253667697075], [-70.54630798478891, -33.402592814874446], [-70.5462730595904, -33.402569128530445], [-70.54626989765192, -33.402390667576626]]]}}, {"type": "Feature", "properties": {"uso": "UV", "edif": "EAb_base"}, "geometry": {"type": "Polygon", "coordinates": [[[-70.54035925909248, -33.40246419894488], [-70.5405148404324, -33.40248156440046], [-70.54052076037208, -33.40249113956559], [-70.54051028272653, -33.40254916174876], [-70.54043536682144, -33.402540443346886], [-70.54038336444984, -33.402526616047275], [-70.54035461613519, -33.40252697300861], [-70.54034852594954, -33.4025077512702], [-70.54035925909248, -33.40246419894488]]]}}, {"type": "Feature", "properties": {"uso": "UV", "edif": "EAb_base"}, "geometry": {"type": "Polygon", "coordinates": [[[-70.52954994928109, -33.40260276806432], [-70.52979811626706, -33.40265277587012], [-70.52970975643838, -33.40286131245275], [-70.5294787535001, -33.40280626851701], [-70.52954994928109, -33.40260276806432]]]}}, {"type": "Feature", "properties": {"uso": "UV", "edif": "EAb_base"}, "geometry": {"type": "Polygon", "coordinates": [[[-70.52856675077861, -33.402614886547696], [-70.52877466939256, -33.40266539232933], [-70.52871488668497, -33.402863927374106], [-70.52848997191147, -33.40282810396174], [-70.52856675077861, -33.402614886547696]]]}}, {"type": "Feature", "properties": {"uso": "UV", "edif": "EAb_base"}, "geometry": {"type": "Polygon", "coordinates": [[[-70.54568369074944, -33.402412445877296], [-70.5456817852443, -33.40262956468074], [-70.5456012900682, -33.40263056759556], [-70.5456089454149, -33.402413377152904], [-70.54568369074944, -33.402412445877296]]]}}, {"type": "Feature", "properties": {"uso": "UV", "edif": "EAb_base"}, "geometry": {"type": "Polygon", "coordinates": [[[-70.54758699186183, -33.40239836553993], [-70.54768223637345, -33.402580501982605], [-70.54756792767536, -33.40262052268188], [-70.54747259782765, -33.402433562880624], [-70.54758699186183, -33.40239836553993]]]}}, {"type": "Feature", "properties": {"uso": "UV", "edif": "EAb_base"}, "geometry": {"type": "Polygon", "coordinates": [[[-70.54054367387126, -33.40248603068448], [-70.540739673205, -33.40251254261047], [-70.54072928085567, -33.4025753880894], [-70.54071211701104, -33.402580425596966], [-70.54053336652345, -33.40255369943323], [-70.54054367387126, -33.40248603068448]]]}}, {"type": "Feature", "properties": {"uso": "UV", "edif": "EAb_base"}, "geometry": {"type": "Polygon", "coordinates": [[[-70.5400666222702, -33.402501602557166], [-70.54072395694855, -33.40259957590614], [-70.54068617862298, -33.40273995092763], [-70.54002833223488, -33.402613037710985], [-70.5400666222702, -33.402501602557166]]]}}, {"type": "Feature", "properties": {"uso": "UV", "edif": "EAb_base"}, "geometry": {"type": "Polygon", "coordinates": [[[-70.54824828530573, -33.40239493849841], [-70.54831375609906, -33.40251955402802], [-70.54812803929485, -33.40274861541527], [-70.5480641941685, -33.40271564182033], [-70.54813972676408, -33.40243488795406], [-70.54824828530573, -33.40239493849841]]]}}, {"type": "Feature", "properties": {"uso": "UV", "edif": "EAb_base"}, "geometry": {"type": "Polygon", "coordinates": [[[-70.53210340554637, -33.40260502927962], [-70.53238303237674, -33.40280902243697], [-70.53227565109883, -33.402916484432], [-70.53196245731586, -33.40276597337588], [-70.53210340554637, -33.40260502927962]]]}}, {"type": "Feature", "properties": {"uso": "UV", "edif": "EAb_base"}, "geometry": {"type": "Polygon", "coordinates": [[[-70.54941013888246, -33.40240455443792], [-70.54946951914097, -33.40250994807328], [-70.54929805752082, -33.40256998151591], [-70.54923267092342, -33.402450189810814], [-70.54937555547104, -33.40240016203696], [-70.54941013888246, -33.40240455443792]]]}}, {"type": "Feature", "properties": {"uso": "UV", "edif": "EAb_base"}, "geometry": {"type": "Polygon", "coordinates": [[[-70.53957436354307, -33.40263314548738], [-70.5396356528301, -33.40252142502621], [-70.5400345074726, -33.40263708274972], [-70.53995460784039, -33.4026718449841], [-70.5399098019487, -33.402739941928786], [-70.53957436354307, -33.40263314548738]]]}}, {"type": "Feature", "properties": {"uso": "UV", "edif": "EAb_base"}, "geometry": {"type": "Polygon", "coordinates": [[[-70.5316208547251, -33.40263510964176], [-70.53178328532381, -33.40271511802799], [-70.53160893849778, -33.40293919063164], [-70.53147559473453, -33.402878120335764], [-70.5316208547251, -33.40263510964176]]]}}, {"type": "Feature", "properties": {"uso": "UV", "edif": "EAb_base"}, "geometry": {"type": "Polygon", "coordinates": [[[-70.52982119961533, -33.402657315563445], [-70.5300406183779, -33.402707677390666], [-70.52996384307701, -33.40292089561386], [-70.52973292438354, -33.402870675467156], [-70.52982119961533, -33.402657315563445]]]}}, {"type": "Feature", "properties": {"uso": "UV", "edif": "EAb_base"}, "geometry": {"type": "Polygon", "coordinates": [[[-70.54744977032296, -33.402443496296215], [-70.5475393504839, -33.40263052784067], [-70.54743070578105, -33.40266565342586], [-70.54732971204518, -33.40248358849484], [-70.54744977032296, -33.402443496296215]]]}}, {"type": "Feature", "properties": {"uso": "UV", "edif": "EAb_base"}, "geometry": {"type": "Polygon", "coordinates": [[[-70.52879783719156, -33.40267475552304], [-70.52899992185675, -33.40272050846691], [-70.52893396740777, -33.40289499792837], [-70.52874371975813, -33.40286839641482], [-70.52879783719156, -33.40267475552304]]]}}, {"type": "Feature", "properties": {"uso": "UV", "edif": "EAb_base"}, "geometry": {"type": "Polygon", "coordinates": [[[-70.54092417332109, -33.40253919705976], [-70.5412007533304, -33.4025695316518], [-70.54126932338252, -33.40254455806022], [-70.54126553289612, -33.4026555649416], [-70.54121378587442, -33.40265620783728], [-70.54119730346926, -33.40269983165481], [-70.54090338887154, -33.40266488803951], [-70.54092417332109, -33.40253919705976]]]}}, {"type": "Feature", "properties": {"uso": "UV", "edif": "EAb_base"}, "geometry": {"type": "Polygon", "coordinates": [[[-70.53554992758687, -33.402702322372576], [-70.53504550144747, -33.40312345868592], [-70.53490581160743, -33.403028700242864], [-70.53544465114449, -33.40260231421365], [-70.53554992758687, -33.402702322372576]]]}}, {"type": "Feature", "properties": {"uso": "UV", "edif": "EAb_base"}, "geometry": {"type": "Polygon", "coordinates": [[[-70.54811123526285, -33.402449716506105], [-70.54804128110675, -33.40272075207978], [-70.54795495072962, -33.402717005006906], [-70.5479226093731, -33.4025147865881], [-70.54811123526285, -33.402449716506105]]]}}, {"type": "Feature", "properties": {"uso": "UV", "edif": "EAb_base"}, "geometry": {"type": "Polygon", "coordinates": [[[-70.53661378928196, -33.402698798077324], [-70.53652813845476, -33.40273362936305], [-70.5365464914929, -33.40279611849955], [-70.53595851767581, -33.4030446169048], [-70.53585332523384, -33.40294943241553], [-70.53654300972956, -33.40259836357023], [-70.53661378928196, -33.402698798077324]]]}}, {"type": "Feature", "properties": {"uso": "UV", "edif": "EAb_base"}, "geometry": {"type": "Polygon", "coordinates": [[[-70.54130390653567, -33.402548952731586], [-70.54158623633663, -33.402579215023444], [-70.5415654528382, -33.402704906086285], [-70.541288701938, -33.4026649257637], [-70.54130390653567, -33.402548952731586]]]}}, {"type": "Feature", "properties": {"uso": "UV", "edif": "EAb_base"}, "geometry": {"type": "Polygon", "coordinates": [[[-70.54857729812062, -33.40246319686729], [-70.54863075661211, -33.40255901617644], [-70.54840788975328, -33.40263898742961], [-70.54836026666577, -33.40254791952171], [-70.54857729812062, -33.40246319686729]]]}}, {"type": "Feature", "properties": {"uso": "UV", "edif": "EAb_base"}, "geometry": {"type": "Polygon", "coordinates": [[[-70.5492098436281, -33.402460123544685], [-70.54927523020267, -33.402579915262336], [-70.54906386322561, -33.40265974406759], [-70.5490162394515, -33.402568676431926], [-70.54902138982378, -33.40253484179992], [-70.5492098436281, -33.402460123544685]]]}}, {"type": "Feature", "properties": {"uso": "UV", "edif": "EAb_base"}, "geometry": {"type": "Polygon", "coordinates": [[[-70.54593263407216, -33.40250583057982], [-70.54593477005749, -33.40262641232296], [-70.54581977696546, -33.40262784527676], [-70.54582535575302, -33.402618127091756], [-70.54582339078573, -33.402507191882265], [-70.54593263407216, -33.40250583057982]]]}}, {"type": "Feature", "properties": {"uso": "UV", "edif": "EAb_base"}, "geometry": {"type": "Polygon", "coordinates": [[[-70.54730688451029, -33.4024935218849], [-70.54740787821163, -33.40267558683527], [-70.54729356925453, -33.40271560728829], [-70.5471925757382, -33.40253354224044], [-70.54730688451029, -33.4024935218849]]]}}, {"type": "Feature", "properties": {"uso": "UV", "edif": "EAb_base"}, "geometry": {"type": "Polygon", "coordinates": [[[-70.53391591343106, -33.40265982085425], [-70.53424239007235, -33.402911473894335], [-70.53343822066628, -33.40362094684776], [-70.5331169848561, -33.403340280881196], [-70.53391591343106, -33.40265982085425]]]}}, {"type": "Feature", "properties": {"uso": "UV", "edif": "EAb_base"}, "geometry": {"type": "Polygon", "coordinates": [[[-70.54177580478809, -33.40256721051072], [-70.5419715489385, -33.402579250637004], [-70.54196235055896, -33.40270962209482], [-70.54187035582582, -33.4027107655238], [-70.54175510677516, -33.40269772487678], [-70.54177580478809, -33.40256721051072]]]}}, {"type": "Feature", "properties": {"uso": "UV", "edif": "EAb_base"}, "geometry": {"type": "Polygon", "coordinates": [[[-70.53006945145452, -33.40271214612281], [-70.53027737107044, -33.40276264935311], [-70.5302064306028, -33.40298062008894], [-70.5299870110636, -33.40293025857948], [-70.53006945145452, -33.40271214612281]]]}}, {"type": "Feature", "properties": {"uso": "UV", "edif": "EAb_base"}, "geometry": {"type": "Polygon", "coordinates": [[[-70.52902300518754, -33.40272504830943], [-70.52922509007352, -33.402770800879374], [-70.52915389340605, -33.40297430116573], [-70.52905581008538, -33.40295621274489], [-70.5290435500756, -33.402912944712526], [-70.52895705078215, -33.40289953778181], [-70.52902300518754, -33.40272504830943]]]}}, {"type": "Feature", "properties": {"uso": "UV", "edif": "EAb_base"}, "geometry": {"type": "Polygon", "coordinates": [[[-70.53266273484113, -33.40268978280957], [-70.53293661350061, -33.40289384570678], [-70.53278932367968, -33.40302109866006], [-70.53252127934235, -33.40282178771413], [-70.53266273484113, -33.40268978280957]]]}}, {"type": "Feature", "properties": {"uso": "UV", "edif": "EAb_base"}, "geometry": {"type": "Polygon", "coordinates": [[[-70.54218454211725, -33.40259107602443], [-70.54240911990851, -33.40260758134877], [-70.54240422269162, -33.402655885612695], [-70.54218024140226, -33.402673143230565], [-70.54218454211725, -33.40259107602443]]]}}, {"type": "Feature", "properties": {"uso": "UV", "edif": "EAb_base"}, "geometry": {"type": "Polygon", "coordinates": [[[-70.53181211847576, -33.402719586352376], [-70.53195138125055, -33.40279023188816], [-70.53178870347854, -33.40302380932973], [-70.53163785636768, -33.40294848229641], [-70.53181211847576, -33.402719586352376]]]}}, {"type": "Feature", "properties": {"uso": "UV", "edif": "EAb_base"}, "geometry": {"type": "Polygon", "coordinates": [[[-70.54789403225979, -33.40252479182662], [-70.54793203766027, -33.40272211524636], [-70.54784613501137, -33.40274248442355], [-70.54775698177784, -33.40257956945401], [-70.54789403225979, -33.40252479182662]]]}}, {"type": "Feature", "properties": {"uso": "UV", "edif": "EAb_base"}, "geometry": {"type": "Polygon", "coordinates": [[[-70.54716966266619, -33.40253865233908], [-70.54726499199832, -33.40272561238552], [-70.54715643256596, -33.40276556100323], [-70.54705535376769, -33.40257867257138], [-70.54716966266619, -33.40253865233908]]]}}, {"type": "Feature", "properties": {"uso": "UV", "edif": "EAb_base"}, "geometry": {"type": "Polygon", "coordinates": [[[-70.54832559766659, -33.4025387035639], [-70.5484029958662, -33.40268729183464], [-70.54821531093343, -33.40280541827443], [-70.54815704426562, -33.402762726444394], [-70.54832559766659, -33.4025387035639]]]}}, {"type": "Feature", "properties": {"uso": "UV", "edif": "EAb_base"}, "geometry": {"type": "Polygon", "coordinates": [[[-70.54283468016298, -33.402607113862025], [-70.54298434190937, -33.40261490115142], [-70.54296560705484, -33.402856351021626], [-70.5428158596261, -33.40284374044514], [-70.54283468016298, -33.402607113862025]]]}}, {"type": "Feature", "properties": {"uso": "UV", "edif": "EAb_base"}, "geometry": {"type": "Polygon", "coordinates": [[[-70.52925392313705, -33.40277526980166], [-70.52944450882275, -33.402821163762], [-70.52937914688734, -33.40302941658238], [-70.52918281104945, -33.402983593409985], [-70.52925392313705, -33.40277526980166]]]}}, {"type": "Feature", "properties": {"uso": "UV", "edif": "EAb_base"}, "geometry": {"type": "Polygon", "coordinates": [[[-70.54948136095625, -33.402529097491566], [-70.54953499174518, -33.40263456290319], [-70.54936927958197, -33.40269452463143], [-70.54930998493386, -33.40259395421325], [-70.54948136095625, -33.402529097491566]]]}}, {"type": "Feature", "properties": {"uso": "UV", "edif": "EAb_base"}, "geometry": {"type": "Polygon", "coordinates": [[[-70.53993863544824, -33.40274440835173], [-70.53997219730262, -33.402690923995685], [-70.54008067507326, -33.402646158291354], [-70.54068085469564, -33.40276413874253], [-70.54064865562982, -33.40289479578254], [-70.53993863544824, -33.40274440835173]]]}}, {"type": "Feature", "properties": {"uso": "UV", "edif": "EAb_base"}, "geometry": {"type": "Polygon", "coordinates": [[[-70.53956895422286, -33.40265250997946], [-70.539742465587, -33.40270824860133], [-70.5396587732357, -33.402854017540065], [-70.53950234050653, -33.4027884181841], [-70.53956895422286, -33.40265250997946]]]}}, {"type": "Feature", "properties": {"uso": "UV", "edif": "EAb_base"}, "geometry": {"type": "Polygon", "coordinates": [[[-70.53030053904558, -33.40277201226064], [-70.5304968749183, -33.40281783366195], [-70.53044276120986, -33.40301147518595], [-70.53023526377714, -33.40298508877954], [-70.53030053904558, -33.40277201226064]]]}}, {"type": "Feature", "properties": {"uso": "UV", "edif": "EAb_base"}, "geometry": {"type": "Polygon", "coordinates": [[[-70.54301317549557, -33.402619366856335], [-70.54319733524162, -33.402626724793], [-70.54318762696572, -33.40272815663327], [-70.54300338172744, -33.40271597541216], [-70.54301317549557, -33.402619366856335]]]}}, {"type": "Feature", "properties": {"uso": "UV", "edif": "EAb_base"}, "geometry": {"type": "Polygon", "coordinates": [[[-70.53557326580646, -33.40272133086586], [-70.53567854254099, -33.40282133890544], [-70.53520286499918, -33.403242119968205], [-70.53506875483646, -33.40313764397884], [-70.53557326580646, -33.40272133086586]]]}}, {"type": "Feature", "properties": {"uso": "UV", "edif": "EAb_base"}, "geometry": {"type": "Polygon", "coordinates": [[[-70.54702669102625, -33.40258385434621], [-70.54712776977054, -33.40277074280286], [-70.54695038524339, -33.40282119823024], [-70.54688981085422, -33.40264827756795], [-70.54691229650473, -33.40261905118258], [-70.54702669102625, -33.40258385434621]]]}}, {"type": "Feature", "properties": {"uso": "UV", "edif": "EAb_base"}, "geometry": {"type": "Polygon", "coordinates": [[[-70.54773406873117, -33.402584679656286], [-70.54782330747264, -33.40275241790851], [-70.54771474828307, -33.40279236700837], [-70.54763125935278, -33.4026245569454], [-70.54773406873117, -33.402584679656286]]]}}, {"type": "Feature", "properties": {"uso": "UV", "edif": "EAb_base"}, "geometry": {"type": "Polygon", "coordinates": [[[-70.54372081033786, -33.40263468487513], [-70.54407188096533, -33.402649613060674], [-70.54406242971737, -33.40276551476141], [-70.5440338520441, -33.40277551912517], [-70.54371127330603, -33.40274576328811], [-70.54372081033786, -33.40263468487513]]]}}, {"type": "Feature", "properties": {"uso": "UV", "edif": "EAb_base"}, "geometry": {"type": "Polygon", "coordinates": [[[-70.54864259825368, -33.40257816567978], [-70.54869030724132, -33.40267405673324], [-70.54846744015191, -33.40275402809889], [-70.54841973135836, -33.402658136955104], [-70.54864259825368, -33.40257816567978]]]}}, {"type": "Feature", "properties": {"uso": "UV", "edif": "EAb_base"}, "geometry": {"type": "Polygon", "coordinates": [[[-70.54129479234128, -33.40268414744923], [-70.541251094867, -33.40281494749094], [-70.54106633857076, -33.40277382370683], [-70.54107664552245, -33.402706154927216], [-70.54121489320195, -33.4027189104821], [-70.54123137560144, -33.402675286662515], [-70.54129479234128, -33.40268414744923]]]}}, {"type": "Feature", "properties": {"uso": "UV", "edif": "EAb_base"}, "geometry": {"type": "Polygon", "coordinates": [[[-70.54089223017512, -33.402684323998024], [-70.54105356166077, -33.40270161734593], [-70.54103226635296, -33.40279836865583], [-70.54087634372642, -33.402761710745054], [-70.54089223017512, -33.402684323998024]]]}}, {"type": "Feature", "properties": {"uso": "UV", "edif": "EAb_base"}, "geometry": {"type": "Polygon", "coordinates": [[[-70.53244027532277, -33.40279384229563], [-70.53276666366914, -33.40304067602283], [-70.53264203342951, -33.40314835144815], [-70.53229315429067, -33.40293074127808], [-70.53244027532277, -33.40279384229563]]]}}, {"type": "Feature", "properties": {"uso": "UV", "edif": "EAb_base"}, "geometry": {"type": "Polygon", "coordinates": [[[-70.53198604880721, -33.40279945246945], [-70.53214256096834, -33.402869884767405], [-70.53196288841528, -33.40311814536218], [-70.53181753673337, -33.40302827764973], [-70.53198604880721, -33.40279945246945]]]}}, {"type": "Feature", "properties": {"uso": "UV", "edif": "EAb_base"}, "geometry": {"type": "Polygon", "coordinates": [[[-70.52947342644293, -33.40283045593929], [-70.52969867972756, -33.40288557078167], [-70.52961590009548, -33.40308438979181], [-70.52940798004332, -33.403033885466016], [-70.52947342644293, -33.40283045593929]]]}}, {"type": "Feature", "properties": {"uso": "UV", "edif": "EAb_base"}, "geometry": {"type": "Polygon", "coordinates": [[[-70.54131787620904, -33.402688684985385], [-70.54156004395965, -33.40272427065245], [-70.54154407290333, -33.40279683418823], [-70.54130173458715, -33.40275160193575], [-70.54131787620904, -33.402688684985385]]]}}, {"type": "Feature", "properties": {"uso": "UV", "edif": "EAb_base"}, "geometry": {"type": "Polygon", "coordinates": [[[-70.53051995834166, -33.402822373222826], [-70.53072779385282, -33.40286805237812], [-70.53067976875138, -33.40308091625922], [-70.53047167899084, -33.40302076712538], [-70.53051995834166, -33.402822373222826]]]}}, {"type": "Feature", "properties": {"uso": "UV", "edif": "EAb_base"}, "geometry": {"type": "Polygon", "coordinates": [[[-70.54224949312139, -33.40268675532784], [-70.54226380528588, -33.40284578053953], [-70.54216614597534, -33.402851818950445], [-70.54217491789508, -33.40269733109786], [-70.54224949312139, -33.40268675532784]]]}}, {"type": "Feature", "properties": {"uso": "UV", "edif": "EAb_base"}, "geometry": {"type": "Polygon", "coordinates": [[[-70.53985230516554, -33.40274065562937], [-70.53974318337615, -33.40307488951547], [-70.53958743090689, -33.40304787655182], [-70.53975996991292, -33.402722504360376], [-70.53985230516554, -33.40274065562937]]]}}, {"type": "Feature", "properties": {"uso": "UV", "edif": "EAb_base"}, "geometry": {"type": "Polygon", "coordinates": [[[-70.54928715761099, -33.402603887961966], [-70.54934070259019, -33.40270453019993], [-70.54912924976371, -33.402779535859935], [-70.54907570497512, -33.40267889352615], [-70.54928715761099, -33.402603887961966]]]}}, {"type": "Feature", "properties": {"uso": "UV", "edif": "EAb_base"}, "geometry": {"type": "Polygon", "coordinates": [[[-70.54760259663604, -33.40262973885274], [-70.54769192071556, -33.402802300469865], [-70.54758336139999, -33.40284224945791], [-70.54749978714085, -33.402669616035844], [-70.54760259663604, -33.40262973885274]]]}}, {"type": "Feature", "properties": {"uso": "UV", "edif": "EAb_base"}, "geometry": {"type": "Polygon", "coordinates": [[[-70.54174978314813, -33.40272191272914], [-70.54195702698917, -33.40273380995442], [-70.54194216411994, -33.402869076153614], [-70.54177576419886, -33.4028904416658], [-70.5417238466347, -33.40288143822011], [-70.5417176709148, -33.402857393280264], [-70.54174978314813, -33.40272191272914]]]}}, {"type": "Feature", "properties": {"uso": "UV", "edif": "EAb_base"}, "geometry": {"type": "Polygon", "coordinates": [[[-70.53987547408953, -33.402750016719075], [-70.53995073057115, -33.40277802858803], [-70.53988151661441, -33.40309246982797], [-70.53976626727918, -33.4030794273395], [-70.53987547408953, -33.402750016719075]]]}}, {"type": "Feature", "properties": {"uso": "UV", "edif": "EAb_base"}, "geometry": {"type": "Polygon", "coordinates": [[[-70.54453279276458, -33.402696943083605], [-70.54476912655302, -33.40272777075921], [-70.54473949490021, -33.40300312685007], [-70.54449749605038, -33.402977193997685], [-70.54453279276458, -33.402696943083605]]]}}, {"type": "Feature", "properties": {"uso": "UV", "edif": "EAb_base"}, "geometry": {"type": "Polygon", "coordinates": [[[-70.53075662701151, -33.40287252094788], [-70.5310162947934, -33.40292238437675], [-70.53094002941052, -33.40316454295397], [-70.53070293685258, -33.40309027908748], [-70.53075662701151, -33.40287252094788]]]}}, {"type": "Feature", "properties": {"uso": "UV", "edif": "EAb_base"}, "geometry": {"type": "Polygon", "coordinates": [[[-70.52972176313348, -33.402890110491725], [-70.52995276643087, -33.402945153963444], [-70.52987582161953, -33.403148725525064], [-70.52964473327962, -33.4030888586195], [-70.52972176313348, -33.402890110491725]]]}}, {"type": "Feature", "properties": {"uso": "UV", "edif": "EAb_base"}, "geometry": {"type": "Polygon", "coordinates": [[[-70.5495468335926, -33.40265371231395], [-70.54960037889968, -33.40275435442951], [-70.54942891690357, -33.40281438806202], [-70.54938112140233, -33.40271367405866], [-70.5495468335926, -33.40265371231395]]]}}, {"type": "Feature", "properties": {"uso": "UV", "edif": "EAb_base"}, "geometry": {"type": "Polygon", "coordinates": [[[-70.54747120992506, -33.40267962117954], [-70.54756044827349, -33.40284735963019], [-70.5474518888378, -33.40288730850622], [-70.54736256513203, -33.40271474670732], [-70.54747120992506, -33.40267962117954]]]}}, {"type": "Feature", "properties": {"uso": "UV", "edif": "EAb_base"}, "geometry": {"type": "Polygon", "coordinates": [[[-70.54665475889078, -33.4026898029687], [-70.54672142445449, -33.40288194514092], [-70.54658385977241, -33.40290778189903], [-70.54653444346255, -33.40271542461176], [-70.54665475889078, -33.4026898029687]]]}}, {"type": "Feature", "properties": {"uso": "UV", "edif": "EAb_base"}, "geometry": {"type": "Polygon", "coordinates": [[[-70.53656982994791, -33.40281512679809], [-70.53676543022517, -33.40314558352676], [-70.53639679368916, -33.40343961013358], [-70.53597610636571, -33.40306369650486], [-70.53656982994791, -33.40281512679809]]]}}, {"type": "Feature", "properties": {"uso": "UV", "edif": "EAb_base"}, "geometry": {"type": "Polygon", "coordinates": [[[-70.53997372929344, -33.402777743092464], [-70.54004306591689, -33.402796179712034], [-70.54000251568189, -33.4031054408321], [-70.53990460052829, -33.40309700762591], [-70.53997372929344, -33.402777743092464]]]}}, {"type": "Feature", "properties": {"uso": "UV", "edif": "EAb_base"}, "geometry": {"type": "Polygon", "coordinates": [[[-70.53216572915846, -33.40287924731983], [-70.53229958150028, -33.40296925666206], [-70.53211973985364, -33.40320787087243], [-70.53198614132506, -33.40313233124742], [-70.53216572915846, -33.40287924731983]]]}}, {"type": "Feature", "properties": {"uso": "UV", "edif": "EAb_base"}, "geometry": {"type": "Polygon", "coordinates": [[[-70.54479212520981, -33.40272748437095], [-70.54493629373164, -33.402749810707114], [-70.54488804742441, -33.40294820928277], [-70.54477271234566, -33.40293034819036], [-70.54479212520981, -33.40272748437095]]]}}, {"type": "Feature", "properties": {"uso": "UV", "edif": "EAb_base"}, "geometry": {"type": "Polygon", "coordinates": [[[-70.53569613112428, -33.40284041854893], [-70.53581299243108, -33.402945107403326], [-70.53536014411966, -33.40335595774327], [-70.53522611844497, -33.403256305229725], [-70.53569613112428, -33.40284041854893]]]}}, {"type": "Feature", "properties": {"uso": "UV", "edif": "EAb_base"}, "geometry": {"type": "Polygon", "coordinates": [[[-70.5408709346907, -33.40278107528549], [-70.54102685735016, -33.40281773320204], [-70.5410103748233, -33.402861356997185], [-70.54100547682123, -33.402909661226595], [-70.54091880570552, -33.40288661612943], [-70.54084963916328, -33.40287782656921], [-70.5408709346907, -33.40278107528549]]]}}, {"type": "Feature", "properties": {"uso": "UV", "edif": "EAb_base"}, "geometry": {"type": "Polygon", "coordinates": [[[-70.54651144482786, -33.402715711322855], [-70.54656094656276, -33.402912891888775], [-70.54644638047186, -33.40293844177505], [-70.54639112931643, -33.40274133282902], [-70.54651144482786, -33.402715711322855]]]}}, {"type": "Feature", "properties": {"uso": "UV", "edif": "EAb_base"}, "geometry": {"type": "Polygon", "coordinates": [[[-70.54352736921722, -33.402752875948394], [-70.54363103388624, -33.40276123475216], [-70.54361119174894, -33.402939982092974], [-70.54351319124227, -33.40292672846535], [-70.54352736921722, -33.402752875948394]]]}}, {"type": "Feature", "properties": {"uso": "UV", "edif": "EAb_base"}, "geometry": {"type": "Polygon", "coordinates": [[[-70.54138866122443, -33.40278911660643], [-70.54139466646993, -33.402803515005935], [-70.54136272403264, -33.40294864203973], [-70.54126523488142, -33.40296432630619], [-70.5413195799084, -33.402785150587306], [-70.54133674375431, -33.40278011299569], [-70.54138866122443, -33.40278911660643]]]}}, {"type": "Feature", "properties": {"uso": "UV", "edif": "EAb_base"}, "geometry": {"type": "Polygon", "coordinates": [[[-70.54870214891235, -33.402693206229735], [-70.54875560769005, -33.40278902547362], [-70.54853274037595, -33.40286899696194], [-70.54847936736724, -33.40277800088128], [-70.54870214891235, -33.402693206229735]]]}}, {"type": "Feature", "properties": {"uso": "UV", "edif": "EAb_base"}, "geometry": {"type": "Polygon", "coordinates": [[[-70.5400718994407, -33.40280064610323], [-70.5401585702705, -33.402823691801416], [-70.54013484394414, -33.4031086223876], [-70.54002551448988, -33.403105155324475], [-70.5400718994407, -33.40280064610323]]]}}, {"type": "Feature", "properties": {"uso": "UV", "edif": "EAb_base"}, "geometry": {"type": "Polygon", "coordinates": [[[-70.53949118147817, -33.40280785402558], [-70.53964769932806, -33.40287827667843], [-70.53955851223239, -33.40303858676592], [-70.53941383386818, -33.402987314448275], [-70.53949118147817, -33.40280785402558]]]}}, {"type": "Feature", "properties": {"uso": "UV", "edif": "EAb_base"}, "geometry": {"type": "Polygon", "coordinates": [[[-70.54114176577694, -33.402811481402395], [-70.54109317005896, -33.402990585627016], [-70.54100718018965, -33.40300612683927], [-70.54105526506889, -33.402798082959656], [-70.5410666792555, -33.40279311682935], [-70.54114176577694, -33.402811481402395]]]}}, {"type": "Feature", "properties": {"uso": "UV", "edif": "EAb_base"}, "geometry": {"type": "Polygon", "coordinates": [[[-70.54841483747721, -33.40270644136028], [-70.54848022317584, -33.40282623351862], [-70.5482802685911, -33.402901094221356], [-70.54823290218229, -33.4028244960613], [-70.54841483747721, -33.40270644136028]]]}}, {"type": "Feature", "properties": {"uso": "UV", "edif": "EAb_base"}, "geometry": {"type": "Polygon", "coordinates": [[[-70.54496504205758, -33.40274945268219], [-70.54508029153483, -33.40276249033048], [-70.54502063158392, -33.40296585544181], [-70.54491113152214, -33.40295274614257], [-70.54496504205758, -33.40274945268219]]]}}, {"type": "Feature", "properties": {"uso": "UV", "edif": "EAb_base"}, "geometry": {"type": "Polygon", "coordinates": [[[-70.5437576972507, -33.40276930727186], [-70.54373802601123, -33.40295770117417], [-70.54363427578778, -33.40294451919241], [-70.54365411787832, -33.40276577184935], [-70.5437576972507, -33.40276930727186]]]}}, {"type": "Feature", "properties": {"uso": "UV", "edif": "EAb_base"}, "geometry": {"type": "Polygon", "coordinates": [[[-70.54733973754172, -33.4027246801047], [-70.54742897569088, -33.40289241865472], [-70.54731475198116, -33.40293726240004], [-70.54723117814738, -33.40276462878682], [-70.54733973754172, -33.4027246801047]]]}}, {"type": "Feature", "properties": {"uso": "UV", "edif": "EAb_base"}, "geometry": {"type": "Polygon", "coordinates": [[[-70.54153866401514, -33.402816198753506], [-70.54151170473682, -33.40291784485593], [-70.54148896157922, -33.402932600476305], [-70.5413857227846, -33.40294835628117], [-70.54141766518327, -33.40280322924255], [-70.5414463283823, -33.40279804875256], [-70.54153866401514, -33.402816198753506]]]}}, {"type": "Feature", "properties": {"uso": "UV", "edif": "EAb_base"}, "geometry": {"type": "Polygon", "coordinates": [[[-70.54378078125053, -33.40277384434523], [-70.5438959453006, -33.40278205982393], [-70.54386486031989, -33.4029754201241], [-70.54376111006043, -33.40296223824966], [-70.54378078125053, -33.40277384434523]]]}}, {"type": "Feature", "properties": {"uso": "UV", "edif": "EAb_base"}, "geometry": {"type": "Polygon", "coordinates": [[[-70.53104521260015, -33.402931676181694], [-70.53118388275382, -33.40296855946431], [-70.53106770815414, -33.40323050808679], [-70.53095770167097, -33.403188446599216], [-70.53104521260015, -33.402931676181694]]]}}, {"type": "Feature", "properties": {"uso": "UV", "edif": "EAb_base"}, "geometry": {"type": "Polygon", "coordinates": [[[-70.54636821613735, -33.40274644278234], [-70.54642338177747, -33.402938728471504], [-70.54628006722902, -33.402964636571035], [-70.54624772962134, -33.40276241761416], [-70.54636821613735, -33.40274644278234]]]}}, {"type": "Feature", "properties": {"uso": "UV", "edif": "EAb_base"}, "geometry": {"type": "Polygon", "coordinates": [[[-70.52997584986397, -33.402949693625345], [-70.53020101916842, -33.402999984231315], [-70.53011849429944, -33.40321327345897], [-70.52990473939157, -33.40315801759692], [-70.52997584986397, -33.402949693625345]]]}}, {"type": "Feature", "properties": {"uso": "UV", "edif": "EAb_base"}, "geometry": {"type": "Polygon", "coordinates": [[[-70.54510912525747, -33.40276695554353], [-70.54521862510755, -33.4027800646742], [-70.54517629991037, -33.40298803826729], [-70.54504946537172, -33.402970320666746], [-70.54510912525747, -33.40276695554353]]]}}, {"type": "Feature", "properties": {"uso": "UV", "edif": "EAb_base"}, "geometry": {"type": "Polygon", "coordinates": [[[-70.54124568591227, -33.40283431204526], [-70.54120790834635, -33.402974687199396], [-70.54112183334139, -33.40298540520987], [-70.54116484967186, -33.40281601896622], [-70.54124568591227, -33.40283431204526]]]}}, {"type": "Feature", "properties": {"uso": "UV", "edif": "EAb_base"}, "geometry": {"type": "Polygon", "coordinates": [[[-70.54935254440585, -33.40272367962999], [-70.54940608953848, -33.40282432183355], [-70.54919480772807, -33.402908974134434], [-70.54914109154464, -33.40279868531101], [-70.54935254440585, -33.40272367962999]]]}}, {"type": "Feature", "properties": {"uso": "UV", "edif": "EAb_base"}, "geometry": {"type": "Polygon", "coordinates": [[[-70.54622481642728, -33.40276752754138], [-70.54625706852592, -33.40296492323687], [-70.54612516778195, -33.402985864558595], [-70.54610424440082, -33.40277867896625], [-70.54622481642728, -33.40276752754138]]]}}, {"type": "Feature", "properties": {"uso": "UV", "edif": "EAb_base"}, "geometry": {"type": "Polygon", "coordinates": [[[-70.5472082650178, -33.40276973889409], [-70.54728617465604, -33.40294726750382], [-70.54717169426934, -33.402977641321684], [-70.54709387033574, -33.40280493590184], [-70.5472082650178, -33.40276973889409]]]}}, {"type": "Feature", "properties": {"uso": "UV", "edif": "EAb_base"}, "geometry": {"type": "Polygon", "coordinates": [[[-70.54549486532198, -33.40279109654107], [-70.5454815454314, -33.40301318187367], [-70.54536063130534, -33.403005039505274], [-70.54538562165595, -33.40279245746832], [-70.54549486532198, -33.40279109654107]]]}}, {"type": "Feature", "properties": {"uso": "UV", "edif": "EAb_base"}, "geometry": {"type": "Polygon", "coordinates": [[[-70.53426572807486, -33.40293048263957], [-70.53462120978958, -33.40319624894285], [-70.53375345446275, -33.40388721311043], [-70.53345580894084, -33.40364002681596], [-70.53426572807486, -33.40293048263957]]]}}, {"type": "Feature", "properties": {"uso": "UV", "edif": "EAb_base"}, "geometry": {"type": "Polygon", "coordinates": [[[-70.54593767501791, -33.40279040348966], [-70.54594718409255, -33.40300255569418], [-70.54582077658117, -33.40300895523541], [-70.54582268171002, -33.40279183645234], [-70.54593767501791, -33.40279040348966]]]}}, {"type": "Feature", "properties": {"uso": "UV", "edif": "EAb_base"}, "geometry": {"type": "Polygon", "coordinates": [[[-70.54579393338177, -33.40279219467637], [-70.54579777786138, -33.40300924181645], [-70.54567128489677, -33.403010817936], [-70.54567319039758, -33.40279369914459], [-70.54579393338177, -33.40279219467637]]]}}, {"type": "Feature", "properties": {"uso": "UV", "edif": "EAb_base"}, "geometry": {"type": "Polygon", "coordinates": [[[-70.540354825671, -33.402864674162814], [-70.54064324653612, -33.40291416031433], [-70.54060555311068, -33.40305935859346], [-70.54035891203618, -33.4030961917032], [-70.540354825671, -33.402864674162814]]]}}, {"type": "Feature", "properties": {"uso": "UV", "edif": "EAb_base"}, "geometry": {"type": "Polygon", "coordinates": [[[-70.53131671866706, -33.40300069025963], [-70.53132847200565, -33.40301501821925], [-70.53120680193624, -33.403291507841615], [-70.53109079171296, -33.40323504753717], [-70.53120705087497, -33.40297792219788], [-70.53131671866706, -33.40300069025963]]]}}, {"type": "Feature", "properties": {"uso": "UV", "edif": "EAb_base"}, "geometry": {"type": "Polygon", "coordinates": [[[-70.5323227497329, -33.40297861918377], [-70.53245076797043, -33.40306387607275], [-70.53228234134586, -33.40329752515497], [-70.53214865786333, -33.40321716241362], [-70.5323227497329, -33.40297861918377]]]}}, {"type": "Feature", "properties": {"uso": "UV", "edif": "EAb_base"}, "geometry": {"type": "Polygon", "coordinates": [[[-70.5302241026272, -33.40300452384619], [-70.53043743441138, -33.403035662641614], [-70.53034400268312, -33.40328285700031], [-70.5301474121167, -33.40322256547281], [-70.5302241026272, -33.40300452384619]]]}}, {"type": "Feature", "properties": {"uso": "UV", "edif": "EAb_base"}, "geometry": {"type": "Polygon", "coordinates": [[[-70.54961222077854, -33.40277350383279], [-70.54966585188569, -33.40287896917491], [-70.54950013936225, -33.402938931086524], [-70.54944084438822, -33.402838360743864], [-70.54961222077854, -33.40277350383279]]]}}, {"type": "Feature", "properties": {"uso": "UV", "edif": "EAb_base"}, "geometry": {"type": "Polygon", "coordinates": [[[-70.52811412229326, -33.40304018130231], [-70.52850594865288, -33.40308359764956], [-70.52848015668542, -33.403252767672946], [-70.52814100628292, -33.40326177024017], [-70.52811412229326, -33.40304018130231]]]}}, {"type": "Feature", "properties": {"uso": "UV", "edif": "EAb_base"}, "geometry": {"type": "Polygon", "coordinates": [[[-70.54707095718659, -33.402810045984246], [-70.5471488665883, -33.402987574686136], [-70.54704579994834, -33.4030129817085], [-70.54701095988547, -33.40299411885138], [-70.54695647689493, -33.40284041960108], [-70.54707095718659, -33.402810045984246]]]}}, {"type": "Feature", "properties": {"uso": "UV", "edif": "EAb_base"}, "geometry": {"type": "Polygon", "coordinates": [[[-70.54083856558834, -33.402902085804406], [-70.54084997980146, -33.402897119693385], [-70.54100006780656, -33.402929025771655], [-70.54097851689257, -33.403011307230294], [-70.54081211641295, -33.40303267146363], [-70.54080019123657, -33.40300869788533], [-70.54083856558834, -33.402902085804406]]]}}, {"type": "Feature", "properties": {"uso": "UV", "edif": "EAb_base"}, "geometry": {"type": "Polygon", "coordinates": [[[-70.5358304961866, -33.402959363733444], [-70.5359709508895, -33.40309753073818], [-70.53579559575381, -33.40326372942375], [-70.5357780919407, -33.403249473090966], [-70.53578899721927, -33.403215567682864], [-70.53572473176231, -33.403158471152246], [-70.53572396786804, -33.40311506151997], [-70.53568321061928, -33.40308662000482], [-70.5358304961866, -33.402959363733444]]]}}, {"type": "Feature", "properties": {"uso": "UV", "edif": "EAb_base"}, "geometry": {"type": "Polygon", "coordinates": [[[-70.53135722060287, -33.403014663344564], [-70.53149047985796, -33.40307091046072], [-70.53133431178959, -33.403347826083], [-70.53123563525577, -33.40329597629504], [-70.53135722060287, -33.403014663344564]]]}}, {"type": "Feature", "properties": {"uso": "UV", "edif": "EAb_base"}, "geometry": {"type": "Polygon", "coordinates": [[[-70.54876744939182, -33.40280817496268], [-70.54881507305113, -33.402899242694204], [-70.54859229110615, -33.40298403755787], [-70.54853883237669, -33.40288821824478], [-70.54876744939182, -33.40280817496268]]]}}, {"type": "Feature", "properties": {"uso": "UV", "edif": "EAb_base"}, "geometry": {"type": "Polygon", "coordinates": [[[-70.53046051789019, -33.40304020221184], [-70.53066860769069, -33.40310035136311], [-70.53058134927437, -33.40337159145632], [-70.5303670862237, -33.40328739658603], [-70.53046051789019, -33.40304020221184]]]}}, {"type": "Feature", "properties": {"uso": "UV", "edif": "EAb_base"}, "geometry": {"type": "Polygon", "coordinates": [[[-70.54809576590547, -33.40287445080349], [-70.54812536984515, -33.40292232469006], [-70.54792541471566, -33.402997184834696], [-70.54787170005548, -33.4028868954183], [-70.54790010619035, -33.402867243652004], [-70.54796867440389, -33.40284226640604], [-70.54802617103373, -33.40284154894268], [-70.54807242501161, -33.40285544474672], [-70.54809576590547, -33.40287445080349]]]}}, {"type": "Feature", "properties": {"uso": "UV", "edif": "EAb_base"}, "geometry": {"type": "Polygon", "coordinates": [[[-70.54849206482362, -33.402845383035455], [-70.54853376738545, -33.402926876124376], [-70.54833381262307, -33.403001736917595], [-70.54829211020662, -33.40292024375802], [-70.54849206482362, -33.402845383035455]]]}}, {"type": "Feature", "properties": {"uso": "UV", "edif": "EAb_base"}, "geometry": {"type": "Polygon", "coordinates": [[[-70.54941801701843, -33.402848294517696], [-70.5494715623078, -33.40294893668666], [-70.54926019464395, -33.403028765842535], [-70.54920664954189, -33.40292812357796], [-70.54941801701843, -33.402848294517696]]]}}, {"type": "Feature", "properties": {"uso": "UV", "edif": "EAb_base"}, "geometry": {"type": "Polygon", "coordinates": [[[-70.531519313116, -33.403075378850005], [-70.53164107311021, -33.40313176776433], [-70.53146190644621, -33.40340896748999], [-70.53136314513318, -33.403352294506014], [-70.531519313116, -33.403075378850005]]]}}, {"type": "Feature", "properties": {"uso": "UV", "edif": "EAb_base"}, "geometry": {"type": "Polygon", "coordinates": [[[-70.53247393624366, -33.403073238564915], [-70.53262512307901, -33.403167857751], [-70.5324508623025, -33.403396754786094], [-70.53231134409054, -33.40331163995684], [-70.53247393624366, -33.403073238564915]]]}}, {"type": "Feature", "properties": {"uso": "UV", "edif": "EAb_base"}, "geometry": {"type": "Polygon", "coordinates": [[[-70.54672751606084, -33.402901166524146], [-70.54678199869446, -33.403054865884094], [-70.54674809901444, -33.40308905889414], [-70.54666211021637, -33.40310460400082], [-70.54661295004027, -33.40292671656251], [-70.54672751606084, -33.402901166524146]]]}}, {"type": "Feature", "properties": {"uso": "UV", "edif": "EAb_base"}, "geometry": {"type": "Polygon", "coordinates": [[[-70.53069752552344, -33.40310964324825], [-70.53090578486082, -33.40317943859851], [-70.53081311579707, -33.40347004300112], [-70.53060451744419, -33.40338095430064], [-70.53069752552344, -33.40310964324825]]]}}, {"type": "Feature", "properties": {"uso": "UV", "edif": "EAb_base"}, "geometry": {"type": "Polygon", "coordinates": [[[-70.54784895802906, -33.40290165217386], [-70.54792052054871, -33.40304548922625], [-70.54772631463406, -33.40312027731819], [-70.54766084418115, -33.40299566147895], [-70.54784895802906, -33.40290165217386]]]}}, {"type": "Feature", "properties": {"uso": "UV", "edif": "EAb_base"}, "geometry": {"type": "Polygon", "coordinates": [[[-70.53275026164263, -33.40308912213711], [-70.53283777821207, -33.40316040598802], [-70.53260771473018, -33.403486479646716], [-70.53247978040775, -33.40340604624702], [-70.53265387170912, -33.40316750257446], [-70.53275026164263, -33.40308912213711]]]}}, {"type": "Feature", "properties": {"uso": "UV", "edif": "EAb_base"}, "geometry": {"type": "Polygon", "coordinates": [[[-70.54476730417275, -33.40294971287567], [-70.54481355773933, -33.402963609908134], [-70.5450312485589, -33.4032407103011], [-70.54497443469386, -33.4032800125552], [-70.54475355553858, -33.403147681818815], [-70.54476730417275, -33.40294971287567]]]}}, {"type": "Feature", "properties": {"uso": "UV", "edif": "EAb_base"}, "geometry": {"type": "Polygon", "coordinates": [[[-70.54659003682762, -33.4029318265577], [-70.54663911148053, -33.403104890738526], [-70.54652445969178, -33.40312561743491], [-70.54648113492551, -33.40295248152692], [-70.54659003682762, -33.4029318265577]]]}}, {"type": "Feature", "properties": {"uso": "UV", "edif": "EAb_base"}, "geometry": {"type": "Polygon", "coordinates": [[[-70.54484230613734, -33.402963251909625], [-70.54503830757785, -33.40298975697195], [-70.54511689624135, -33.403205873228934], [-70.54505407656202, -33.40323077731797], [-70.54484230613734, -33.402963251909625]]]}}, {"type": "Feature", "properties": {"uso": "UV", "edif": "EAb_base"}, "geometry": {"type": "Polygon", "coordinates": [[[-70.54882691478166, -33.402918392176446], [-70.54887462417034, -33.403014283142724], [-70.54865184199845, -33.40309907811865], [-70.54860413280093, -33.403003187062225], [-70.54882691478166, -33.402918392176446]]]}}, {"type": "Feature", "properties": {"uso": "UV", "edif": "EAb_base"}, "geometry": {"type": "Polygon", "coordinates": [[[-70.54645822169743, -33.40295759149815], [-70.54650154642152, -33.40313072741525], [-70.5463868945612, -33.40315145398629], [-70.546343570051, -33.40297831802346], [-70.54645822169743, -33.40295759149815]]]}}, {"type": "Feature", "properties": {"uso": "UV", "edif": "EAb_base"}, "geometry": {"type": "Polygon", "coordinates": [[[-70.53166999104789, -33.40314105941941], [-70.5318211771716, -33.40323567960604], [-70.53163617648646, -33.40350812726533], [-70.53149090910371, -33.403423082486206], [-70.53166999104789, -33.40314105941941]]]}}, {"type": "Feature", "properties": {"uso": "UV", "edif": "EAb_base"}, "geometry": {"type": "Polygon", "coordinates": [[[-70.54813721143034, -33.40294147424237], [-70.54817899928018, -33.403027790721886], [-70.5479789584081, -33.403097827692726], [-70.5479372562686, -33.40301633440684], [-70.54813721143034, -33.40294147424237]]]}}, {"type": "Feature", "properties": {"uso": "UV", "edif": "EAb_base"}, "geometry": {"type": "Polygon", "coordinates": [[[-70.53566621610314, -33.40310130341012], [-70.53570122363837, -33.403129816108], [-70.53570198752176, -33.403173225740645], [-70.535760333495, -33.403220746878546], [-70.53575492329038, -33.40324011122777], [-70.53568711487719, -33.40330849146058], [-70.5355938461853, -33.40323728086517], [-70.5355992564258, -33.40321791652196], [-70.53556441862317, -33.403199050381325], [-70.53566621610314, -33.40310130341012]]]}}, {"type": "Feature", "properties": {"uso": "UV", "edif": "EAb_base"}, "geometry": {"type": "Polygon", "coordinates": [[[-70.54251445151982, -33.40303563771367], [-70.54253719452247, -33.4030208819097], [-70.54270419129973, -33.403033278311646], [-70.54271019677817, -33.403047676640185], [-70.54267757437832, -33.403154217733714], [-70.54249873697003, -33.403122671179055], [-70.54251445151982, -33.40303563771367]]]}}, {"type": "Feature", "properties": {"uso": "UV", "edif": "EAb_base"}, "geometry": {"type": "Polygon", "coordinates": [[[-70.54231870630295, -33.403023598476636], [-70.5423304614091, -33.403037925341714], [-70.54227628881878, -33.403226747996534], [-70.54216086857204, -33.40320406119345], [-70.54221538234385, -33.403034531692946], [-70.54231870630295, -33.403023598476636]]]}}, {"type": "Feature", "properties": {"uso": "UV", "edif": "EAb_base"}, "geometry": {"type": "Polygon", "coordinates": [[[-70.5485456946443, -33.402950848898534], [-70.54858739730993, -33.4030323419652], [-70.54838735678238, -33.40310237958558], [-70.54834573983887, -33.403025709712], [-70.5485456946443, -33.402950848898534]]]}}, {"type": "Feature", "properties": {"uso": "UV", "edif": "EAb_base"}, "geometry": {"type": "Polygon", "coordinates": [[[-70.54632057134498, -33.40297860470116], [-70.54635814612217, -33.40315181234442], [-70.54624349419484, -33.40317253878463], [-70.54621158385528, -33.402994436168385], [-70.54632057134498, -33.40297860470116]]]}}, {"type": "Feature", "properties": {"uso": "UV", "edif": "EAb_base"}, "geometry": {"type": "Polygon", "coordinates": [[[-70.54506714137433, -33.40299422219249], [-70.5452343091251, -33.40301626172097], [-70.54521455564806, -33.4031998324893], [-70.54513980962273, -33.40320076350159], [-70.54506714137433, -33.40299422219249]]]}}, {"type": "Feature", "properties": {"uso": "UV", "edif": "EAb_base"}, "geometry": {"type": "Polygon", "coordinates": [[[-70.54449217317458, -33.403001381945366], [-70.54473417209063, -33.40302731480617], [-70.54472463632965, -33.40313839325444], [-70.54447680205519, -33.40310770869547], [-70.54449217317458, -33.403001381945366]]]}}, {"type": "Feature", "properties": {"uso": "UV", "edif": "EAb_base"}, "geometry": {"type": "Polygon", "coordinates": [[[-70.5421923835782, -33.40303481760593], [-70.5421377845294, -33.40319952381974], [-70.54203969867966, -33.403181445752196], [-70.54203377852632, -33.403171870666725], [-70.54207189573589, -33.40305078841361], [-70.54208897435723, -33.40304092743971], [-70.5421923835782, -33.40303481760593]]]}}, {"type": "Feature", "properties": {"uso": "UV", "edif": "EAb_base"}, "geometry": {"type": "Polygon", "coordinates": [[[-70.53598845470154, -33.40311178704404], [-70.53633895670195, -33.40342102905604], [-70.5361693514074, -33.40358715705261], [-70.53583162200079, -33.40335012158639], [-70.5358596066804, -33.40330635603708], [-70.53581884929736, -33.40327791457116], [-70.53598845470154, -33.40311178704404]]]}}, {"type": "Feature", "properties": {"uso": "UV", "edif": "EAb_base"}, "geometry": {"type": "Polygon", "coordinates": [[[-70.54283085501304, -33.40304135176871], [-70.54276603677317, -33.40327855038479], [-70.54267945013403, -33.40326032981976], [-70.54273877470355, -33.403037672574946], [-70.54283085501304, -33.40304135176871]]]}}, {"type": "Feature", "properties": {"uso": "UV", "edif": "EAb_base"}, "geometry": {"type": "Polygon", "coordinates": [[[-70.54204881173807, -33.40304625102192], [-70.5419672535626, -33.40331260336369], [-70.54188650196099, -33.40329913405175], [-70.54195698709641, -33.40305704108193], [-70.54204881173807, -33.40304625102192]]]}}, {"type": "Feature", "properties": {"uso": "UV", "edif": "EAb_base"}, "geometry": {"type": "Polygon", "coordinates": [[[-70.54618867059847, -33.40299954609055], [-70.54622058089379, -33.40317764871385], [-70.54610000830199, -33.403188800150204], [-70.54607959760516, -33.40301055417419], [-70.54618867059847, -33.40299954609055]]]}}, {"type": "Feature", "properties": {"uso": "UV", "edif": "EAb_base"}, "geometry": {"type": "Polygon", "coordinates": [[[-70.53092895301113, -33.40318880138297], [-70.53094079092718, -33.40320795268323], [-70.53109138406344, -33.403268810657195], [-70.53097563189944, -33.403554875714555], [-70.53083636862475, -33.4034842291038], [-70.53092895301113, -33.40318880138297]]]}}, {"type": "Feature", "properties": {"uso": "UV", "edif": "EAb_base"}, "geometry": {"type": "Polygon", "coordinates": [[[-70.54285393904428, -33.403045889013725], [-70.54294026967341, -33.40304963963411], [-70.54288145725363, -33.403301236617054], [-70.54279487057097, -33.40328301613402], [-70.54285393904428, -33.403045889013725]]]}}, {"type": "Feature", "properties": {"uso": "UV", "edif": "EAb_base"}, "geometry": {"type": "Polygon", "coordinates": [[[-70.54192832384808, -33.40306222169128], [-70.54186333268831, -33.40328977334891], [-70.54177674620075, -33.40327155214858], [-70.54183649917115, -33.40307301166296], [-70.54192832384808, -33.40306222169128]]]}}, {"type": "Feature", "properties": {"uso": "UV", "edif": "EAb_base"}, "geometry": {"type": "Polygon", "coordinates": [[[-70.54948923949146, -33.40297283754744], [-70.54953703527002, -33.403073551497386], [-70.5493314170533, -33.40315330896167], [-70.54927212211462, -33.403052738540296], [-70.54948923949146, -33.40297283754744]]]}}, {"type": "Feature", "properties": {"uso": "UV", "edif": "EAb_base"}, "geometry": {"type": "Polygon", "coordinates": [[[-70.54296335371173, -33.403054176858504], [-70.54314751437589, -33.40306153484242], [-70.54312089806585, -33.4031824743417], [-70.5429478954384, -33.40315568019598], [-70.54294197518902, -33.40314610515662], [-70.54296335371173, -33.403054176858504]]]}}, {"type": "Feature", "properties": {"uso": "UV", "edif": "EAb_base"}, "geometry": {"type": "Polygon", "coordinates": [[[-70.54181341517787, -33.40306847422728], [-70.54174791244922, -33.40326708616103], [-70.54161507273966, -33.40323496666118], [-70.54165842902812, -33.403084873393205], [-70.54181341517787, -33.40306847422728]]]}}, {"type": "Feature", "properties": {"uso": "UV", "edif": "EAb_base"}, "geometry": {"type": "Polygon", "coordinates": [[[-70.53286111598806, -33.403179415003656], [-70.53296639028122, -33.403279425411306], [-70.53275907186774, -33.40359074523672], [-70.53263671758847, -33.403500594368786], [-70.53286111598806, -33.403179415003656]]]}}, {"type": "Feature", "properties": {"uso": "UV", "edif": "EAb_base"}, "geometry": {"type": "Polygon", "coordinates": [[[-70.54754619281627, -33.403016389109126], [-70.54758780906337, -33.40309305927149], [-70.54738785305186, -33.403167918571974], [-70.54734023070169, -33.40307685025752], [-70.54751727338076, -33.40300710120304], [-70.54754619281627, -33.403016389109126]]]}}, {"type": "Feature", "properties": {"uso": "UEe1", "edif": "Ee1"}, "geometry": {"type": "Polygon", "coordinates": [[[-70.5367772693935, -33.40316473423364], [-70.53724466590809, -33.40390671622125], [-70.53705985105874, -33.404188818076236], [-70.53608522770993, -33.40370880729904], [-70.5363565455521, -33.40344010859649], [-70.53640880265253, -33.403468407457275], [-70.5367772693935, -33.40316473423364]]]}}, {"type": "Feature", "properties": {"uso": "UV", "edif": "EAb_base"}, "geometry": {"type": "Polygon", "coordinates": [[[-70.54332660774558, -33.403107550284446], [-70.54336110590424, -33.40310712109723], [-70.54337226409186, -33.40308768493212], [-70.54348759914637, -33.403105547328714], [-70.54345548951306, -33.40324102824828], [-70.54329982108192, -33.40321884326415], [-70.54332660774558, -33.403107550284446]]]}}, {"type": "Feature", "properties": {"uso": "UV", "edif": "EAb_base"}, "geometry": {"type": "Polygon", "coordinates": [[[-70.534644378315, -33.403205611021704], [-70.53510446057713, -33.40353279832246], [-70.53414048579893, -33.40431179398812], [-70.53375396308702, -33.40391615288846], [-70.534644378315, -33.403205611021704]]]}}, {"type": "Feature", "properties": {"uso": "UV", "edif": "EAb_base"}, "geometry": {"type": "Polygon", "coordinates": [[[-70.54888646593035, -33.403033432618095], [-70.548939925131, -33.403129251765634], [-70.54871139305284, -33.40321411864424], [-70.54866376931477, -33.40312305087919], [-70.54888646593035, -33.403033432618095]]]}}, {"type": "Feature", "properties": {"uso": "UV", "edif": "EAb_base"}, "geometry": {"type": "Polygon", "coordinates": [[[-70.53185584489486, -33.40324490021844], [-70.53200694672309, -33.40333469686538], [-70.53179894740302, -33.4036074287779], [-70.53166500989597, -33.40351259561613], [-70.53185584489486, -33.40324490021844]]]}}, {"type": "Feature", "properties": {"uso": "UV", "edif": "EAb_base"}, "geometry": {"type": "Polygon", "coordinates": [[[-70.54819084089219, -33.403046940267984], [-70.54823829296205, -33.40312836170306], [-70.54803833747195, -33.40320322203817], [-70.54799079998712, -33.40311697725871], [-70.54819084089219, -33.403046940267984]]]}}, {"type": "Feature", "properties": {"uso": "UV", "edif": "EAb_base"}, "geometry": {"type": "Polygon", "coordinates": [[[-70.54144654218706, -33.40313574976946], [-70.54139211204317, -33.403310102253506], [-70.54129385582789, -33.40328237703623], [-70.54125935756635, -33.40328280565068], [-70.54124236398289, -33.40329748979385], [-70.54115577759963, -33.40327926815651], [-70.54118823155638, -33.403163080850554], [-70.54141195879455, -33.403131355145135], [-70.54144654218706, -33.40313574976946]]]}}, {"type": "Feature", "properties": {"uso": "UV", "edif": "EAb_base"}, "geometry": {"type": "Polygon", "coordinates": [[[-70.5435106832239, -33.40311008444997], [-70.5436144336308, -33.40312326652964], [-70.54358807389279, -33.403258675933536], [-70.54348432332712, -33.40324549383658], [-70.5435106832239, -33.40311008444997]]]}}, {"type": "Feature", "properties": {"uso": "UV", "edif": "EAb_base"}, "geometry": {"type": "Polygon", "coordinates": [[[-70.53931915175346, -33.40316216557822], [-70.53955024619512, -33.403222014261516], [-70.53952456079357, -33.403396009250606], [-70.53924670249668, -33.40329332171769], [-70.5392964932213, -33.403181744092734], [-70.53931915175346, -33.40316216557822]]]}}, {"type": "Feature", "properties": {"uso": "UV", "edif": "EAb_base"}, "geometry": {"type": "Polygon", "coordinates": [[[-70.54860507427438, -33.4030562429582], [-70.54864102736835, -33.40313780777737], [-70.54844682191528, -33.403212596984616], [-70.54839928402755, -33.403126352373626], [-70.54860507427438, -33.4030562429582]]]}}, {"type": "Feature", "properties": {"uso": "UV", "edif": "EAb_base"}, "geometry": {"type": "Polygon", "coordinates": [[[-70.54793236210757, -33.403064638798554], [-70.54797989950492, -33.4031508836036], [-70.54777994372525, -33.40322574352971], [-70.54773815616187, -33.403139426909746], [-70.54793236210757, -33.403064638798554]]]}}, {"type": "Feature", "properties": {"uso": "UV", "edif": "EAb_base"}, "geometry": {"type": "Polygon", "coordinates": [[[-70.53554750893285, -33.40321855706411], [-70.53572288640468, -33.40338041377983], [-70.5357075893833, -33.403491563036866], [-70.53569067967176, -33.40351106973898], [-70.53562683841555, -33.403478089626624], [-70.53558726921186, -33.40351717418033], [-70.53538339762092, -33.403370142973465], [-70.53554750893285, -33.40321855706411]]]}}, {"type": "Feature", "properties": {"uso": "UV", "edif": "EAb_base"}, "geometry": {"type": "Polygon", "coordinates": [[[-70.53112030199378, -33.40327810244061], [-70.53129414823233, -33.40335314620495], [-70.53114398269936, -33.40364446054059], [-70.53099888477546, -33.403569061785184], [-70.53112030199378, -33.40327810244061]]]}}, {"type": "Feature", "properties": {"uso": "UV", "edif": "EAb_base"}, "geometry": {"type": "Polygon", "coordinates": [[[-70.54364326741232, -33.40312773208196], [-70.54378735103758, -33.40314523646752], [-70.54372862634406, -33.403401657054225], [-70.54358445698999, -33.40337932933851], [-70.54364326741232, -33.40312773208196]]]}}, {"type": "Feature", "properties": {"uso": "UV", "edif": "EAb_base"}, "geometry": {"type": "Polygon", "coordinates": [[[-70.54248757858045, -33.40314210727118], [-70.5426721657248, -33.40317358234074], [-70.54265628079281, -33.40325096926715], [-70.54264486664381, -33.40325593554252], [-70.54246585853559, -33.40321474239261], [-70.54248757858045, -33.40314210727118]]]}}, {"type": "Feature", "properties": {"uso": "UV", "edif": "EAb_base"}, "geometry": {"type": "Polygon", "coordinates": [[[-70.5473174885332, -33.4030916069192], [-70.54737103159748, -33.403192250056755], [-70.54717107516183, -33.40326710901848], [-70.54712336746903, -33.40317121735069], [-70.5473174885332, -33.4030916069192]]]}}, {"type": "Feature", "properties": {"uso": "UV", "edif": "EAb_base"}, "geometry": {"type": "Polygon", "coordinates": [[[-70.54447139380667, -33.403127073369554], [-70.54472506320221, -33.40316250961456], [-70.54470402802114, -33.40327373125016], [-70.54445018758796, -33.403228648426634], [-70.54447139380667, -33.403127073369554]]]}}, {"type": "Feature", "properties": {"uso": "UV", "edif": "EAb_base"}, "geometry": {"type": "Polygon", "coordinates": [[[-70.54115956822055, -33.40316826128446], [-70.54108925112563, -33.40342000042314], [-70.54100274981701, -33.40340660196211], [-70.54107349301829, -33.40317897926672], [-70.54115956822055, -33.40316826128446]]]}}, {"type": "Feature", "properties": {"uso": "UV", "edif": "EAb_base"}, "geometry": {"type": "Polygon", "coordinates": [[[-70.543810435139, -33.403149773532206], [-70.54399485202798, -33.40317160007134], [-70.54398471797712, -33.403248915572426], [-70.5437943805794, -33.40321751402738], [-70.543810435139, -33.403149773532206]]]}}, {"type": "Feature", "properties": {"uso": "UV", "edif": "EAb_base"}, "geometry": {"type": "Polygon", "coordinates": [[[-70.54104482966939, -33.403184159674446], [-70.54097966577179, -33.40340206437278], [-70.54091616336774, -33.40338838015947], [-70.54091007299164, -33.40336915845648], [-70.54096458930638, -33.403199629437445], [-70.54104482966939, -33.403184159674446]]]}}, {"type": "Feature", "properties": {"uso": "UV", "edif": "EAb_base"}, "geometry": {"type": "Polygon", "coordinates": [[[-70.53298955866406, -33.403288787803604], [-70.53307716036065, -33.403364894770434], [-70.53311740852497, -33.40336439737222], [-70.53315250010134, -33.40339773410725], [-70.53286984215922, -33.40367621477141], [-70.53277657527555, -33.403605002006984], [-70.53298955866406, -33.403288787803604]]]}}, {"type": "Feature", "properties": {"uso": "UV", "edif": "EAb_base"}, "geometry": {"type": "Polygon", "coordinates": [[[-70.5271369952033, -33.403399566997855], [-70.527366310102, -33.40335814906486], [-70.52751537266374, -33.40366024777475], [-70.52735547644707, -33.40372493307857], [-70.5271369952033, -33.403399566997855]]]}}, {"type": "Feature", "properties": {"uso": "UV", "edif": "EAb_base"}, "geometry": {"type": "Polygon", "coordinates": [[[-70.54759965055739, -33.40311220887733], [-70.54764718765892, -33.40319845381799], [-70.54744714593912, -33.403268489952765], [-70.5473996945136, -33.40318706819767], [-70.54759965055739, -33.40311220887733]]]}}, {"type": "Feature", "properties": {"uso": "UV", "edif": "EAb_base"}, "geometry": {"type": "Polygon", "coordinates": [[[-70.54954887718142, -33.40309270090492], [-70.54960825810723, -33.403198094444235], [-70.54939688998371, -33.403277923843795], [-70.54934325893191, -33.4031724583896], [-70.54954887718142, -33.40309270090492]]]}}, {"type": "Feature", "properties": {"uso": "UV", "edif": "EAb_base"}, "geometry": {"type": "Polygon", "coordinates": [[[-70.54293673714662, -33.40317511632568], [-70.54311548951001, -33.40320183896522], [-70.54310518410368, -33.40326950786532], [-70.54308227056991, -33.403274617220674], [-70.5429207671753, -33.40324768000316], [-70.54293673714662, -33.40317511632568]]]}}, {"type": "Feature", "properties": {"uso": "UV", "edif": "EAb_base"}, "geometry": {"type": "Polygon", "coordinates": [[[-70.54094159048367, -33.403199915119835], [-70.54088149473236, -33.40337916210894], [-70.54071415683566, -33.403347470140965], [-70.54074686687184, -33.403245752777245], [-70.54076952508376, -33.40322617400678], [-70.54094159048367, -33.403199915119835]]]}}, {"type": "Feature", "properties": {"uso": "UV", "edif": "EAb_base"}, "geometry": {"type": "Polygon", "coordinates": [[[-70.54202854017915, -33.40320088180601], [-70.5422652156054, -33.4032510073477], [-70.5422270985904, -33.40337208965128], [-70.54199033762784, -33.40331714076848], [-70.54202854017915, -33.40320088180601]]]}}, {"type": "Feature", "properties": {"uso": "UV", "edif": "EAb_base"}, "geometry": {"type": "Polygon", "coordinates": [[[-70.53957916493042, -33.40323130404735], [-70.53972341830159, -33.40325845973929], [-70.5396765213697, -33.403534029151174], [-70.53953243772929, -33.40351651998559], [-70.53957916493042, -33.40323130404735]]]}}, {"type": "Feature", "properties": {"uso": "UV", "edif": "EAb_base"}, "geometry": {"type": "Polygon", "coordinates": [[[-70.54474823272572, -33.40317186977509], [-70.54495744175698, -33.40329469718942], [-70.54492971788775, -33.40335293447482], [-70.54472204549542, -33.403316925912605], [-70.54474823272572, -33.40317186977509]]]}}, {"type": "Feature", "properties": {"uso": "UV", "edif": "EAb_base"}, "geometry": {"type": "Polygon", "coordinates": [[[-70.53203011502514, -33.40334405943937], [-70.5321870516274, -33.40343860814813], [-70.53195030382973, -33.40371169537456], [-70.53182211575793, -33.40361679138891], [-70.53203011502514, -33.40334405943937]]]}}, {"type": "Feature", "properties": {"uso": "UV", "edif": "EAb_base"}, "geometry": {"type": "Polygon", "coordinates": [[[-70.527102581068, -33.4034048149894], [-70.52733264616987, -33.40373486286436], [-70.52716175654595, -33.403828629373095], [-70.52690877715456, -33.40350368757032], [-70.52700517278909, -33.403425311444785], [-70.527102581068, -33.4034048149894]]]}}, {"type": "Feature", "properties": {"uso": "UV", "edif": "EAb_base"}, "geometry": {"type": "Polygon", "coordinates": [[[-70.5482502201707, -33.403152334506444], [-70.54829192266843, -33.40323382767508], [-70.54809196698987, -33.40330868810106], [-70.54805017907904, -33.403222371597394], [-70.5482502201707, -33.403152334506444]]]}}, {"type": "Feature", "properties": {"uso": "UV", "edif": "EAb_base"}, "geometry": {"type": "Polygon", "coordinates": [[[-70.5397522519658, -33.40326292620056], [-70.53989050039738, -33.40327568321094], [-70.53984368909485, -33.40355607595322], [-70.53969960539222, -33.40353856698391], [-70.5397522519658, -33.40326292620056]]]}}, {"type": "Feature", "properties": {"uso": "UV", "edif": "EAb_base"}, "geometry": {"type": "Polygon", "coordinates": [[[-70.53132315084535, -33.4033672612418], [-70.53145666455453, -33.40343797828246], [-70.53127766597103, -33.40372482436727], [-70.53116706637196, -33.40364899997326], [-70.53132315084535, -33.4033672612418]]]}}, {"type": "Feature", "properties": {"uso": "UV", "edif": "EAb_base"}, "geometry": {"type": "Polygon", "coordinates": [[[-70.54895185252981, -33.40315322449596], [-70.5489994765818, -33.40324429214081], [-70.54898274118213, -33.40327344709357], [-70.54878853574674, -33.4033482368346], [-70.54872898449337, -33.40323319635403], [-70.54895185252981, -33.40315322449596]]]}}, {"type": "Feature", "properties": {"uso": "UV", "edif": "EAb_base"}, "geometry": {"type": "Polygon", "coordinates": [[[-70.54865870436974, -33.40316170876128], [-70.5487004072482, -33.403243201781336], [-70.54850036634231, -33.40331323959303], [-70.54845874919287, -33.40323656976563], [-70.54865870436974, -33.40316170876128]]]}}, {"type": "Feature", "properties": {"uso": "UV", "edif": "EAb_base"}, "geometry": {"type": "Polygon", "coordinates": [[[-70.54798599140722, -33.40317010491568], [-70.54803344336081, -33.40325152643118], [-70.54783348740348, -33.40332638644775], [-70.54779178527987, -33.40324489311509], [-70.54798599140722, -33.40317010491568]]]}}, {"type": "Feature", "properties": {"uso": "UV", "edif": "EAb_base"}, "geometry": {"type": "Polygon", "coordinates": [[[-70.54246053508116, -33.403238930268785], [-70.54264520768366, -33.403275228649186], [-70.54262348774253, -33.40334786379391], [-70.54244464995082, -33.40331631717303], [-70.54243864449539, -33.40330191883152], [-70.54246053508116, -33.403238930268785]]]}}, {"type": "Feature", "properties": {"uso": "UV", "edif": "EAb_base"}, "geometry": {"type": "Polygon", "coordinates": [[[-70.54160408454148, -33.40326404923761], [-70.5416269981702, -33.403258940152966], [-70.54190417718577, -33.403323036050026], [-70.54186597442033, -33.40343929497826], [-70.54157154590987, -33.40337541335673], [-70.54160408454148, -33.40326404923761]]]}}, {"type": "Feature", "properties": {"uso": "UV", "edif": "EAb_base"}, "geometry": {"type": "Polygon", "coordinates": [[[-70.5437889721724, -33.403236878675926], [-70.54397930961105, -33.40326828022802], [-70.54396857820541, -33.40331183281214], [-70.54377832599694, -33.40328525452048], [-70.5437889721724, -33.403236878675926]]]}}, {"type": "Feature", "properties": {"uso": "UV", "edif": "EAb_base"}, "geometry": {"type": "Polygon", "coordinates": [[[-70.54329449785996, -33.403243031169495], [-70.54357691573374, -33.4032781121168], [-70.54356137283736, -33.40337479223335], [-70.54329620377953, -33.40333949667289], [-70.5433119175599, -33.4032524631311], [-70.54329449785996, -33.403243031169495]]]}}, {"type": "Feature", "properties": {"uso": "UV", "edif": "EAb_base"}, "geometry": {"type": "Polygon", "coordinates": [[[-70.5473828730591, -33.40321139968398], [-70.54743032448334, -33.40329282144526], [-70.54723036787551, -33.403367680506605], [-70.54718291659118, -33.40328625866555], [-70.5473828730591, -33.40321139968398]]]}}, {"type": "Feature", "properties": {"uso": "UV", "edif": "EAb_base"}, "geometry": {"type": "Polygon", "coordinates": [[[-70.53923554335044, -33.4033127575381], [-70.53951340169804, -33.403415445094325], [-70.53950935372008, -33.403511982121316], [-70.53915802466679, -33.40348257124632], [-70.53923554335044, -33.4033127575381]]]}}, {"type": "Feature", "properties": {"uso": "UV", "edif": "EAb_base"}, "geometry": {"type": "Polygon", "coordinates": [[[-70.54444495004583, -33.403257659644744], [-70.54446211378547, -33.403252621623466], [-70.5446986198147, -33.4032930959325], [-70.54467741382965, -33.40339467101936], [-70.54442940811853, -33.403354339842636], [-70.54444495004583, -33.403257659644744]]]}}, {"type": "Feature", "properties": {"uso": "UV", "edif": "EAb_base"}, "geometry": {"type": "Polygon", "coordinates": [[[-70.54290977941567, -33.40327676268278], [-70.54293844266644, -33.4032715818464], [-70.54303077906953, -33.403289730711805], [-70.5430998608249, -33.403293695763765], [-70.54307831183004, -33.40337597752835], [-70.54289947384261, -33.403344431569856], [-70.54290977941567, -33.40327676268278]]]}}, {"type": "Feature", "properties": {"uso": "UV", "edif": "EAb_base"}, "geometry": {"type": "Polygon", "coordinates": [[[-70.54765327949232, -33.403217675148305], [-70.54770073116832, -33.40329909679869], [-70.54750077479619, -33.40337395628965], [-70.54745898742817, -33.40328763957172], [-70.54765327949232, -33.403217675148305]]]}}, {"type": "Feature", "properties": {"uso": "UV", "edif": "EAb_base"}, "geometry": {"type": "Polygon", "coordinates": [[[-70.54267404147531, -33.403279694426736], [-70.54276062813285, -33.40329791499496], [-70.54269005981537, -33.40353518507766], [-70.54259780846911, -33.403521859241295], [-70.54267404147531, -33.403279694426736]]]}}, {"type": "Feature", "properties": {"uso": "UV", "edif": "EAb_base"}, "geometry": {"type": "Polygon", "coordinates": [[[-70.54138670309379, -33.403329466812465], [-70.5413432610409, -33.40347473671717], [-70.54111242035628, -33.40342936127178], [-70.54114470406451, -33.403303527416554], [-70.54126570356354, -33.40331649717406], [-70.54127694743498, -33.4033018844637], [-70.54138670309379, -33.403329466812465]]]}}, {"type": "Feature", "properties": {"uso": "UV", "edif": "EAb_base"}, "geometry": {"type": "Polygon", "coordinates": [[[-70.53317575327188, -33.403411919761176], [-70.5332926124441, -33.403516611045625], [-70.53299253583666, -33.40378565858565], [-70.53288743032437, -33.403695294823294], [-70.53317575327188, -33.403411919761176]]]}}, {"type": "Feature", "properties": {"uso": "UV", "edif": "EAb_base"}, "geometry": {"type": "Polygon", "coordinates": [[[-70.5358379659192, -33.40338381344697], [-70.53615244178398, -33.40360666381497], [-70.53599416550291, -33.40376300260611], [-70.53576729367377, -33.40361625683621], [-70.53576086488135, -33.40357774168089], [-70.53584524357568, -33.40347056151851], [-70.5358379659192, -33.40338381344697]]]}}, {"type": "Feature", "properties": {"uso": "UV", "edif": "EAb_base"}, "geometry": {"type": "Polygon", "coordinates": [[[-70.54278946193688, -33.40330238074526], [-70.54287604863795, -33.4033206012315], [-70.54282771207944, -33.40351417585563], [-70.54272962575261, -33.403496098348896], [-70.54278946193688, -33.40330238074526]]]}}, {"type": "Feature", "properties": {"uso": "UV", "edif": "EAb_base"}, "geometry": {"type": "Polygon", "coordinates": [[[-70.53147974818599, -33.403442517658156], [-70.53164243415449, -33.403536996084206], [-70.53144627132832, -33.40382887866762], [-70.53130658407257, -33.40373411610174], [-70.53147974818599, -33.403442517658156]]]}}, {"type": "Feature", "properties": {"uso": "UV", "edif": "EAb_base"}, "geometry": {"type": "Polygon", "coordinates": [[[-70.54962018569724, -33.403222067104466], [-70.54967364581479, -33.40331788590634], [-70.54945644213758, -33.403392963976586], [-70.54940881752827, -33.40330189652541], [-70.54962018569724, -33.403222067104466]]]}}, {"type": "Feature", "properties": {"uso": "UEe1", "edif": "Ee1"}, "geometry": {"type": "Polygon", "coordinates": [[[-70.53724200433894, -33.40342913939825], [-70.53736189899672, -33.403379410223586], [-70.53789132894707, -33.403725024928356], [-70.53853946736545, -33.40395338092312], [-70.53831712899358, -33.404390328838986], [-70.53806827275035, -33.40430175208411], [-70.53782822667074, -33.40438674186182], [-70.53784420107428, -33.404314178725656], [-70.53772184069943, -33.40422403306389], [-70.53724200433894, -33.40342913939825]]]}}, {"type": "Feature", "properties": {"uso": "UV", "edif": "EAb_base"}, "geometry": {"type": "Polygon", "coordinates": [[[-70.5419273464715, -33.40333239674481], [-70.54222168982457, -33.403391454241266], [-70.54218915194704, -33.40350281849894], [-70.54216623829198, -33.403507927688146], [-70.54188905851484, -33.403443832401], [-70.5419273464715, -33.40333239674481]]]}}, {"type": "Feature", "properties": {"uso": "UV", "edif": "EAb_base"}, "geometry": {"type": "Polygon", "coordinates": [[[-70.5322159697211, -33.4034478996709], [-70.53236115312592, -33.40352812027935], [-70.53211324483586, -33.4038206430509], [-70.53197930666423, -33.403725810250776], [-70.5322159697211, -33.4034478996709]]]}}, {"type": "Feature", "properties": {"uso": "UV", "edif": "EAb_base"}, "geometry": {"type": "Polygon", "coordinates": [[[-70.54830951402383, -33.40325290544684], [-70.54835121662803, -33.4033343985913], [-70.54814559664173, -33.4034141541353], [-70.54810389418559, -33.40333266091828], [-70.54830951402383, -33.40325290544684]]]}}, {"type": "Feature", "properties": {"uso": "UV", "edif": "EAb_base"}, "geometry": {"type": "Polygon", "coordinates": [[[-70.54377300290518, -33.40330944244241], [-70.54395742012619, -33.40333126902724], [-70.54396325516541, -33.40333602074066], [-70.54395235307965, -33.40336992677619], [-70.54393510395327, -33.40337014145468], [-70.54390043504071, -33.40336092425699], [-70.54377368548526, -33.403348028634845], [-70.5437678504552, -33.403343276912224], [-70.54377300290518, -33.40330944244241]]]}}, {"type": "Feature", "properties": {"uso": "UV", "edif": "EAb_base"}, "geometry": {"type": "Polygon", "coordinates": [[[-70.52688603127007, -33.40351844058613], [-70.52713892621861, -33.40383855912445], [-70.52701944670635, -33.403912395154215], [-70.5267498933312, -33.40362625184683], [-70.52688603127007, -33.40351844058613]]]}}, {"type": "Feature", "properties": {"uso": "UV", "edif": "EAb_base"}, "geometry": {"type": "Polygon", "coordinates": [[[-70.54242774181536, -33.403335824750094], [-70.54261816432546, -33.403372051675326], [-70.54259644434082, -33.40344468681556], [-70.54241177139409, -33.403408388373215], [-70.54242774181536, -33.403335824750094]]]}}, {"type": "Feature", "properties": {"uso": "UV", "edif": "EAb_base"}, "geometry": {"type": "Polygon", "coordinates": [[[-70.5487122490038, -33.40326235127288], [-70.5487598728737, -33.40335341901368], [-70.54858283056926, -33.40342316982989], [-70.5485597461831, -33.40341863366293], [-70.5485122936493, -33.4033372123677], [-70.5487122490038, -33.40326235127288]]]}}, {"type": "Feature", "properties": {"uso": "UV", "edif": "EAb_base"}, "geometry": {"type": "Polygon", "coordinates": [[[-70.54804537053221, -33.40327549925492], [-70.54808715846595, -33.4033618157589], [-70.54789286646132, -33.403431780859684], [-70.54784541453178, -33.40335035929174], [-70.54804537053221, -33.40327549925492]]]}}, {"type": "Feature", "properties": {"uso": "UV", "edif": "EAb_base"}, "geometry": {"type": "Polygon", "coordinates": [[[-70.54070874773262, -33.403366834674635], [-70.54101467510708, -33.40343057551629], [-70.54089516471548, -33.40382765576775], [-70.54060082064834, -33.40376859514344], [-70.54070874773262, -33.403366834674635]]]}}, {"type": "Feature", "properties": {"uso": "UV", "edif": "EAb_base"}, "geometry": {"type": "Polygon", "coordinates": [[[-70.54508530149525, -33.403370294122844], [-70.54510787333611, -33.403345891316185], [-70.54515352937251, -33.4033260253169], [-70.54530319244736, -33.40333380976579], [-70.54528224338121, -33.40344985474701], [-70.54508040573877, -33.40341859844536], [-70.54507439984583, -33.4034042002444], [-70.54508530149525, -33.403370294122844]]]}}, {"type": "Feature", "properties": {"uso": "UV", "edif": "EAb_base"}, "geometry": {"type": "Polygon", "coordinates": [[[-70.5447166372907, -33.40333629059557], [-70.54493005943385, -33.403372227560396], [-70.5449087683187, -33.40346897940702], [-70.54469526057073, -33.40342821914078], [-70.5447166372907, -33.40333629059557]]]}}, {"type": "Feature", "properties": {"uso": "UV", "edif": "EAb_base"}, "geometry": {"type": "Polygon", "coordinates": [[[-70.5432677111205, -33.40335432414229], [-70.54355596436992, -33.40339415687302], [-70.54354033612464, -33.403486013712005], [-70.54324641815379, -33.40345107575665], [-70.5432677111205, -33.40335432414229]]]}}, {"type": "Feature", "properties": {"uso": "UV", "edif": "EAb_base"}, "geometry": {"type": "Polygon", "coordinates": [[[-70.54289406522867, -33.40336379618492], [-70.54307290325445, -33.40339534215004], [-70.54302997569788, -33.40356955221765], [-70.54286272204388, -33.403542686458344], [-70.54286813067431, -33.40352332184467], [-70.5428506256924, -33.40350906654528], [-70.54289406522867, -33.40336379618492]]]}}, {"type": "Feature", "properties": {"uso": "UV", "edif": "EAb_base"}, "geometry": {"type": "Polygon", "coordinates": [[[-70.54532627666637, -33.40333834654447], [-70.54555660645224, -33.403354774471396], [-70.54552449997777, -33.40349025583166], [-70.54530532763023, -33.403454391528676], [-70.54532627666637, -33.40333834654447]]]}}, {"type": "Feature", "properties": {"uso": "UV", "edif": "EAb_base"}, "geometry": {"type": "Polygon", "coordinates": [[[-70.5474422514975, -33.403316794331474], [-70.54748395333654, -33.4033982877892], [-70.54728974624675, -33.40347307522679], [-70.5472422093322, -33.40338683014695], [-70.5474422514975, -33.403316794331474]]]}}, {"type": "Feature", "properties": {"uso": "UV", "edif": "EAb_base"}, "geometry": {"type": "Polygon", "coordinates": [[[-70.54770682302134, -33.403318318125514], [-70.54775436034778, -33.40340456301604], [-70.54755431825528, -33.40347459933256], [-70.54751261631208, -33.403393105902424], [-70.54770682302134, -33.403318318125514]]]}}, {"type": "Feature", "properties": {"uso": "UV", "edif": "EAb_base"}, "geometry": {"type": "Polygon", "coordinates": [[[-70.54376252735764, -33.403367464833664], [-70.5437855261939, -33.40336717862716], [-70.54391819614943, -33.4033896492255], [-70.54394694469991, -33.40338929143043], [-70.54394187764636, -33.40342794917885], [-70.5437632099346, -33.403406051025925], [-70.5437516251897, -33.40340137085374], [-70.54376252735764, -33.403367464833664]]]}}, {"type": "Feature", "properties": {"uso": "UV", "edif": "EAb_base"}, "geometry": {"type": "Polygon", "coordinates": [[[-70.54156047248077, -33.403399672650565], [-70.54185481584985, -33.403458731017736], [-70.54182244790952, -33.40357974174876], [-70.54152801894857, -33.403515860037935], [-70.54156047248077, -33.403399672650565]]]}}, {"type": "Feature", "properties": {"uso": "UV", "edif": "EAb_base"}, "geometry": {"type": "Polygon", "coordinates": [[[-70.54441825013863, -33.40337377609627], [-70.54467200561085, -33.40341403570056], [-70.54464513522582, -33.403520505647016], [-70.54439129409495, -33.403475422724426], [-70.54441825013863, -33.40337377609627]]]}}, {"type": "Feature", "properties": {"uso": "UV", "edif": "EAb_base"}, "geometry": {"type": "Polygon", "coordinates": [[[-70.5435847982391, -33.40339862243626], [-70.54393071954732, -33.40344738539178], [-70.54389886649352, -33.40359733622341], [-70.54355860901174, -33.403543678380515], [-70.5435847982391, -33.40339862243626]]]}}, {"type": "Feature", "properties": {"uso": "UV", "edif": "EAb_base"}, "geometry": {"type": "Polygon", "coordinates": [[[-70.54103775916147, -33.403435113098816], [-70.54133785207186, -33.40349410127411], [-70.5412619559006, -33.40375555848882], [-70.54096177695915, -33.403691746876426], [-70.54103775916147, -33.403435113098816]]]}}, {"type": "Feature", "properties": {"uso": "UV", "edif": "EAb_base"}, "geometry": {"type": "Polygon", "coordinates": [[[-70.53238440620939, -33.40354230608405], [-70.53255309716766, -33.40365118215441], [-70.53227052115744, -33.403934484819146], [-70.53213649796079, -33.40383482890036], [-70.53238440620939, -33.40354230608405]]]}}, {"type": "Feature", "properties": {"uso": "UV", "edif": "EAb_base"}, "geometry": {"type": "Polygon", "coordinates": [[[-70.531665687129, -33.403551182026895], [-70.53178212143544, -33.4036317582733], [-70.53156845559923, -33.40390938412482], [-70.53146943970783, -33.40383824134359], [-70.531665687129, -33.403551182026895]]]}}, {"type": "Feature", "properties": {"uso": "UV", "edif": "EAb_base"}, "geometry": {"type": "Polygon", "coordinates": [[[-70.54904727196427, -33.40334500628726], [-70.54910056030916, -33.4034311788266], [-70.54887194201572, -33.403511222753224], [-70.54882423233582, -33.403415331801085], [-70.54902418757835, -33.40334047020679], [-70.54904727196427, -33.40334500628726]]]}}, {"type": "Feature", "properties": {"uso": "UV", "edif": "EAb_base"}, "geometry": {"type": "Polygon", "coordinates": [[[-70.53331595041413, -33.40353561996909], [-70.53342131041089, -33.403640453255264], [-70.53310931057976, -33.40388552673083], [-70.53301003932168, -33.4037999153203], [-70.53331595041413, -33.40353561996909]]]}}, {"type": "Feature", "properties": {"uso": "UV", "edif": "EAb_base"}, "geometry": {"type": "Polygon", "coordinates": [[[-70.54240069819785, -33.403432647735364], [-70.54241211238437, -33.40342768148154], [-70.54259103565376, -33.40346405141921], [-70.5425692303699, -33.40353186327832], [-70.54255781617952, -33.403536829546645], [-70.54237880752555, -33.40349563628827], [-70.54240069819785, -33.403432647735364]]]}}, {"type": "Feature", "properties": {"uso": "UV", "edif": "EAb_base"}, "geometry": {"type": "Polygon", "coordinates": [[[-70.54023296828433, -33.40345475654785], [-70.54048655212866, -33.403485378200905], [-70.54047032463819, -33.40354347177527], [-70.54022257548371, -33.403517601988796], [-70.54023296828433, -33.40345475654785]]]}}, {"type": "Feature", "properties": {"uso": "UV", "edif": "EAb_base"}, "geometry": {"type": "Polygon", "coordinates": [[[-70.54836314389775, -33.40335837138133], [-70.54839884016916, -33.40342546647944], [-70.54838793981338, -33.4034593728551], [-70.54822282423885, -33.40355309595712], [-70.54815743830245, -33.403433303682135], [-70.54836314389775, -33.40335837138133]]]}}, {"type": "Feature", "properties": {"uso": "UV", "edif": "EAb_base"}, "geometry": {"type": "Polygon", "coordinates": [[[-70.52850365735448, -33.40360947997733], [-70.52859666266514, -33.40399428192547], [-70.52839009253704, -33.40402094887718], [-70.52829708809803, -33.40363614675063], [-70.52850365735448, -33.40360947997733]]]}}, {"type": "Feature", "properties": {"uso": "UV", "edif": "EAb_base"}, "geometry": {"type": "Polygon", "coordinates": [[[-70.54809900010652, -33.40338096531206], [-70.54814653785114, -33.40346721003927], [-70.54795808093, -33.40354192675601], [-70.54790479362133, -33.40345575369668], [-70.54809900010652, -33.40338096531206]]]}}, {"type": "Feature", "properties": {"uso": "UV", "edif": "EAb_base"}, "geometry": {"type": "Polygon", "coordinates": [[[-70.53512771408705, -33.40354698360002], [-70.5353140818604, -33.40367975882665], [-70.53482672876754, -33.404091034309076], [-70.53465135142478, -33.40392917633733], [-70.53512771408705, -33.40354698360002]]]}}, {"type": "Feature", "properties": {"uso": "UV", "edif": "EAb_base"}, "geometry": {"type": "Polygon", "coordinates": [[[-70.54187807038552, -33.4034729149989], [-70.54189523432971, -33.40346787732758], [-70.5421781639122, -33.403531901120516], [-70.54214571116718, -33.40364808864495], [-70.54184553203956, -33.40358427917848], [-70.54187807038552, -33.4034729149989]]]}}, {"type": "Feature", "properties": {"uso": "UV", "edif": "EAb_base"}, "geometry": {"type": "Polygon", "coordinates": [[[-70.53914120081463, -33.403506901681226], [-70.53974611384683, -33.403566935768396], [-70.53963682055071, -33.40389152299332], [-70.53906376685123, -33.403681538620035], [-70.53914120081463, -33.403506901681226]]]}}, {"type": "Feature", "properties": {"uso": "UV", "edif": "EAb_base"}, "geometry": {"type": "Polygon", "coordinates": [[[-70.54647784081715, -33.403415658608225], [-70.5466966715263, -33.40343222775905], [-70.54668688179436, -33.40352883647883], [-70.5464679653713, -33.40350744405013], [-70.54647784081715, -33.403415658608225]]]}}, {"type": "Feature", "properties": {"uso": "UV", "edif": "EAb_base"}, "geometry": {"type": "Polygon", "coordinates": [[[-70.5462306034873, -33.40341874047326], [-70.5464494341751, -33.40343531006145], [-70.54643964416839, -33.40353191876956], [-70.54622064232201, -33.4035057026346], [-70.5462306034873, -33.40341874047326]]]}}, {"type": "Feature", "properties": {"uso": "UV", "edif": "EAb_base"}, "geometry": {"type": "Polygon", "coordinates": [[[-70.52827417349073, -33.40364125339726], [-70.5283671778357, -33.40402605554342], [-70.52816635734354, -33.40405265128735], [-70.52806777298541, -33.40367756641103], [-70.52827417349073, -33.40364125339726]]]}}, {"type": "Feature", "properties": {"uso": "UV", "edif": "EAb_base"}, "geometry": {"type": "Polygon", "coordinates": [[[-70.54506924789867, -33.40343803475343], [-70.5452768352948, -33.40346921945064], [-70.54526112345454, -33.40355625318323], [-70.54520937599644, -33.40355689776046], [-70.54504778613858, -33.403525140077015], [-70.54506924789867, -33.40343803475343]]]}}, {"type": "Feature", "properties": {"uso": "UV", "edif": "EAb_base"}, "geometry": {"type": "Polygon", "coordinates": [[[-70.54468427338875, -33.403457301960444], [-70.54471293657626, -33.40345212071543], [-70.54489761043375, -33.40348841570079], [-70.54488189821053, -33.40357544939605], [-70.5446684755833, -33.4035395123632], [-70.54468427338875, -33.403457301960444]]]}}, {"type": "Feature", "properties": {"uso": "UV", "edif": "EAb_base"}, "geometry": {"type": "Polygon", "coordinates": [[[-70.54324109490538, -33.403475263659644], [-70.54353501295651, -33.40351020162521], [-70.54351363494804, -33.40360213000127], [-70.54322538102294, -33.40356229719262], [-70.54324109490538, -33.403475263659644]]]}}, {"type": "Feature", "properties": {"uso": "UV", "edif": "EAb_base"}, "geometry": {"type": "Polygon", "coordinates": [[[-70.54749588038084, -33.40342226066901], [-70.54754333203151, -33.40350368237805], [-70.54734912476549, -33.4035784699127], [-70.5473015877315, -33.403492224860365], [-70.54749588038084, -33.40342226066901]]]}}, {"type": "Feature", "properties": {"uso": "UV", "edif": "EAb_base"}, "geometry": {"type": "Polygon", "coordinates": [[[-70.54776628746625, -33.403428535867675], [-70.5478256665188, -33.40353393031044], [-70.54762562419589, -33.403603966747454], [-70.54757199503732, -33.403498500476736], [-70.54776628746625, -33.403428535867675]]]}}, {"type": "Feature", "properties": {"uso": "UV", "edif": "EAb_base"}, "geometry": {"type": "Polygon", "coordinates": [[[-70.54880140474292, -33.4034252654669], [-70.54884911440396, -33.40352115642825], [-70.54865490830275, -33.40359594597634], [-70.54861329087458, -33.40351927621197], [-70.54861852703559, -33.40349026485847], [-70.54880140474292, -33.4034252654669]]]}}, {"type": "Feature", "properties": {"uso": "UV", "edif": "EAb_base"}, "geometry": {"type": "Polygon", "coordinates": [[[-70.54589205433017, -33.40346155443061], [-70.54611114144238, -33.40349259442063], [-70.5461011801522, -33.40357955657504], [-70.54608976617003, -33.40358452316281], [-70.54587651398677, -33.403558234761725], [-70.54589205433017, -33.40346155443061]]]}}, {"type": "Feature", "properties": {"uso": "UV", "edif": "EAb_base"}, "geometry": {"type": "Polygon", "coordinates": [[[-70.54565056651226, -33.40346456349355], [-70.54586381841321, -33.403490852292094], [-70.54584827803451, -33.403587532620264], [-70.54563511132578, -33.40356606707171], [-70.54565056651226, -33.40346456349355]]]}}, {"type": "Feature", "properties": {"uso": "UV", "edif": "EAb_base"}, "geometry": {"type": "Polygon", "coordinates": [[[-70.52804485835219, -33.40368267301596], [-70.5281434426192, -33.404057757912824], [-70.52800011996092, -33.404083645091326], [-70.5278386265253, -33.40372863227303], [-70.52804485835219, -33.40368267301596]]]}}, {"type": "Feature", "properties": {"uso": "UV", "edif": "EAb_base"}, "geometry": {"type": "Polygon", "coordinates": [[[-70.5453000049561, -33.40347857950363], [-70.545519177363, -33.4035144438142], [-70.54549771603965, -33.403601549202236], [-70.54528429313775, -33.40356561323839], [-70.5453000049561, -33.40347857950363]]]}}, {"type": "Feature", "properties": {"uso": "UV", "edif": "EAb_base"}, "geometry": {"type": "Polygon", "coordinates": [[[-70.53181103955468, -33.40364104988963], [-70.53191588991565, -33.40371694469673], [-70.53169655919115, -33.40399946506304], [-70.53159170866397, -33.403923570078085], [-70.53181103955468, -33.40364104988963]]]}}, {"type": "Feature", "properties": {"uso": "UV", "edif": "EAb_base"}, "geometry": {"type": "Polygon", "coordinates": [[[-70.5423733987871, -33.40351500088375], [-70.54255815720377, -33.40355612265324], [-70.54253652238431, -33.40363358106026], [-70.542351763811, -33.40359245926344], [-70.5423733987871, -33.40351500088375]]]}}, {"type": "Feature", "properties": {"uso": "UV", "edif": "EAb_base"}, "geometry": {"type": "Polygon", "coordinates": [[[-70.54022300111856, -33.40354171839863], [-70.54045341600835, -33.40356297909639], [-70.54045950630001, -33.403582200823735], [-70.54044868795292, -33.403620929871295], [-70.54043152388728, -33.40362596734556], [-70.5402125231763, -33.403599740556466], [-70.54022300111856, -33.40354171839863]]]}}, {"type": "Feature", "properties": {"uso": "UV", "edif": "EAb_base"}, "geometry": {"type": "Polygon", "coordinates": [[[-70.54438588580784, -33.40349478739488], [-70.54463972699313, -33.40353987032686], [-70.54460727755003, -33.40365605840117], [-70.54439385481804, -33.40362012089861], [-70.5443646794171, -33.40359636243696], [-70.54438588580784, -33.40349478739488]]]}}, {"type": "Feature", "properties": {"uso": "UV", "edif": "EAb_base"}, "geometry": {"type": "Polygon", "coordinates": [[[-70.5415226100187, -33.40353522460171], [-70.54181128931249, -33.40359917778465], [-70.5417788360536, -33.40371536522661], [-70.5414844918557, -33.40365630670483], [-70.5415226100187, -33.40353522460171]]]}}, {"type": "Feature", "properties": {"uso": "UV", "edif": "EAb_base"}, "geometry": {"type": "Polygon", "coordinates": [[[-70.54910665247819, -33.40345040007512], [-70.54916002657016, -33.403541395845586], [-70.54893715776288, -33.403621368096005], [-70.548889533553, -33.40353030043663], [-70.54910665247819, -33.40345040007512]]]}}, {"type": "Feature", "properties": {"uso": "UV", "edif": "EAb_base"}, "geometry": {"type": "Polygon", "coordinates": [[[-70.53977486251222, -33.40356657893828], [-70.53995936463414, -33.40359323476305], [-70.53993849348696, -33.40371410232507], [-70.53989816018071, -33.40370977865783], [-70.53989258065722, -33.40371949659552], [-70.53974223632818, -33.40367311935944], [-70.53977486251222, -33.40356657893828]]]}}, {"type": "Feature", "properties": {"uso": "UV", "edif": "EAb_base"}, "geometry": {"type": "Polygon", "coordinates": [[[-70.54259239977827, -33.403541223844904], [-70.54268473640757, -33.40355937296105], [-70.54261923535826, -33.403757985293474], [-70.54253264826569, -33.4037397646401], [-70.54259239977827, -33.403541223844904]]]}}, {"type": "Feature", "properties": {"uso": "UV", "edif": "EAb_base"}, "geometry": {"type": "Polygon", "coordinates": [[[-70.53343881393342, -33.40365470992855], [-70.53353808542732, -33.4037403209905], [-70.533232004853, -33.40399497028761], [-70.5331326486132, -33.403904535686024], [-70.53343881393342, -33.40365470992855]]]}}, {"type": "Feature", "properties": {"uso": "UV", "edif": "EAb_base"}, "geometry": {"type": "Polygon", "coordinates": [[[-70.53257635031451, -33.40366536792103], [-70.53272212739631, -33.40377935117657], [-70.53241629831815, -33.404048468427945], [-70.53229385902804, -33.40395349393686], [-70.53257635031451, -33.40366536792103]]]}}, {"type": "Feature", "properties": {"uso": "UV", "edif": "EAb_base"}, "geometry": {"type": "Polygon", "coordinates": [[[-70.52780996208736, -33.40373380964903], [-70.52797720521754, -33.404088751686565], [-70.52783438911769, -33.404143578532796], [-70.52762715127957, -33.40380360185881], [-70.52780996208736, -33.40373380964903]]]}}, {"type": "Feature", "properties": {"uso": "UV", "edif": "EAb_base"}, "geometry": {"type": "Polygon", "coordinates": [[[-70.54815837951976, -33.403486359585656], [-70.5482000821054, -33.403567852778835], [-70.54803522279556, -33.403676045433116], [-70.54797000812397, -33.40356589958537], [-70.54815837951976, -33.403486359585656]]]}}, {"type": "Feature", "properties": {"uso": "UV", "edif": "EAb_base"}, "geometry": {"type": "Polygon", "coordinates": [[[-70.53998811330531, -33.40359287788328], [-70.54020136421235, -33.4036191764578], [-70.54015774979598, -33.40375479943759], [-70.53996157756914, -33.40371864010717], [-70.53998811330531, -33.40359287788328]]]}}, {"type": "Feature", "properties": {"uso": "UV", "edif": "EAb_base"}, "geometry": {"type": "Polygon", "coordinates": [[[-70.54622098415543, -33.40352499570793], [-70.54643998605054, -33.403551211840806], [-70.54643011055525, -33.40364299727936], [-70.54621119388901, -33.40362160440423], [-70.54622098415543, -33.40352499570793]]]}}, {"type": "Feature", "properties": {"uso": "UV", "edif": "EAb_base"}, "geometry": {"type": "Polygon", "coordinates": [[[-70.54354753612296, -33.40356793783589], [-70.5438934580898, -33.403616700875375], [-70.54386143426406, -33.40375700515007], [-70.5435210908646, -33.40369852394869], [-70.54354753612296, -33.40356793783589]]]}}, {"type": "Feature", "properties": {"uso": "UV", "edif": "EAb_base"}, "geometry": {"type": "Polygon", "coordinates": [[[-70.54646839273148, -33.40353156038896], [-70.54668722373113, -33.403548129547836], [-70.54667168426148, -33.40364480995237], [-70.54645851726754, -33.40362334582913], [-70.54646839273148, -33.40353156038896]]]}}, {"type": "Feature", "properties": {"uso": "UV", "edif": "EAb_base"}, "geometry": {"type": "Polygon", "coordinates": [[[-70.54503679906449, -33.40355422292445], [-70.54506546225936, -33.40354904159772], [-70.54525013644884, -33.4035853360475], [-70.54523433916128, -33.40366754650603], [-70.5452229251152, -33.4036725130157], [-70.54502675130264, -33.40363636175177], [-70.54502074540198, -33.40362196354889], [-70.54503679906449, -33.40355422292445]]]}}, {"type": "Feature", "properties": {"uso": "UV", "edif": "EAb_base"}, "geometry": {"type": "Polygon", "coordinates": [[[-70.54755517357535, -33.4035228319856], [-70.547602796409, -33.40361390019773], [-70.5474027537117, -33.403683936284814], [-70.54735521656379, -33.40359769125764], [-70.54755517357535, -33.4035228319856]]]}}, {"type": "Feature", "properties": {"uso": "UV", "edif": "EAb_base"}, "geometry": {"type": "Polygon", "coordinates": [[[-70.54465731763553, -33.403558948636935], [-70.54487082569086, -33.40359970895898], [-70.54484919293189, -33.403677167710214], [-70.54482653555293, -33.403696747201714], [-70.54463619692142, -33.4036653469876], [-70.54465731763553, -33.403558948636935]]]}}, {"type": "Feature", "properties": {"uso": "UV", "edif": "EAb_base"}, "geometry": {"type": "Polygon", "coordinates": [[[-70.54321997247038, -33.40358166181954], [-70.54350822645786, -33.40362149463888], [-70.54348693370645, -33.40371824628472], [-70.5431928443825, -33.4036736616757], [-70.54321997247038, -33.40358166181954]]]}}, {"type": "Feature", "properties": {"uso": "UV", "edif": "EAb_base"}, "geometry": {"type": "Polygon", "coordinates": [[[-70.54022436315354, -33.40361889090947], [-70.54043761417913, -33.4036451890738], [-70.54040558475083, -33.40378549261523], [-70.540186413392, -33.40374961922846], [-70.54022436315354, -33.40361889090947]]]}}, {"type": "Feature", "properties": {"uso": "UV", "edif": "EAb_base"}, "geometry": {"type": "Polygon", "coordinates": [[[-70.54184012317712, -33.403603643753996], [-70.5421346378683, -33.40367234798543], [-70.54210209978858, -33.40378371222162], [-70.54180784038587, -33.403729477758795], [-70.54184012317712, -33.403603643753996]]]}}, {"type": "Feature", "properties": {"uso": "UV", "edif": "EAb_base"}, "geometry": {"type": "Polygon", "coordinates": [[[-70.53193339321666, -33.4037312015889], [-70.53210808782231, -33.40385447716367], [-70.53185975444615, -33.40412288296294], [-70.53172547742557, -33.40400875669557], [-70.53193339321666, -33.4037312015889]]]}}, {"type": "Feature", "properties": {"uso": "UV", "edif": "EAb_base"}, "geometry": {"type": "Polygon", "coordinates": [[[-70.53564014194609, -33.4039072914617], [-70.53470440826607, -33.40465699579978], [-70.53438494551747, -33.40447762256793], [-70.53533158568953, -33.40369401522367], [-70.53564014194609, -33.4039072914617]]]}}, {"type": "Feature", "properties": {"uso": "UV", "edif": "EAb_base"}, "geometry": {"type": "Polygon", "coordinates": [[[-70.54234635506138, -33.403611823857815], [-70.54253111367385, -33.403652945661456], [-70.54250947880968, -33.40373040406396], [-70.54233055501872, -33.40369403402483], [-70.54232463479694, -33.403684458955915], [-70.54234635506138, -33.403611823857815]]]}}, {"type": "Feature", "properties": {"uso": "UV", "edif": "EAb_base"}, "geometry": {"type": "Polygon", "coordinates": [[[-70.5426914240311, -33.403612357498886], [-70.54278367548508, -33.40362568326227], [-70.54274040618458, -33.403780600139186], [-70.54264231957123, -33.40376252257222], [-70.5426914240311, -33.403612357498886]]]}}, {"type": "Feature", "properties": {"uso": "UV", "edif": "EAb_base"}, "geometry": {"type": "Polygon", "coordinates": [[[-70.54886095623183, -33.403540305902744], [-70.54890858041823, -33.40363137357365], [-70.5487142885336, -33.403701339956704], [-70.54866675009958, -33.40361509547009], [-70.54886095623183, -33.403540305902744]]]}}, {"type": "Feature", "properties": {"uso": "UV", "edif": "EAb_base"}, "geometry": {"type": "Polygon", "coordinates": [[[-70.54587685574481, -33.40357752783803], [-70.54609010797554, -33.40360381623709], [-70.54608014665617, -33.40369077838929], [-70.54605723320945, -33.4036958882921], [-70.54586706509271, -33.40367413651751], [-70.54586088817435, -33.40365009182138], [-70.54587685574481, -33.40357752783803]]]}}, {"type": "Feature", "properties": {"uso": "UV", "edif": "EAb_base"}, "geometry": {"type": "Polygon", "coordinates": [[[-70.52759840237239, -33.40380395587664], [-70.52779989029797, -33.404144003414814], [-70.52765732729382, -33.404213299991724], [-70.52742159428684, -33.40388814692003], [-70.52759840237239, -33.40380395587664]]]}}, {"type": "Feature", "properties": {"uso": "UV", "edif": "EAb_base"}, "geometry": {"type": "Polygon", "coordinates": [[[-70.54783759367572, -33.40355790315364], [-70.54792082730498, -33.403711243223306], [-70.5479154197951, -33.40373060802483], [-70.54780119527402, -33.4037754522367], [-70.54771178436545, -33.40359806749445], [-70.54783759367572, -33.40355790315364]]]}}, {"type": "Feature", "properties": {"uso": "UV", "edif": "EAb_base"}, "geometry": {"type": "Polygon", "coordinates": [[[-70.54527330613884, -33.403594696104484], [-70.54530196933061, -33.403589514723144], [-70.5454865582723, -33.4036209855453], [-70.5454708466212, -33.40370801929716], [-70.54544793312971, -33.40371312908855], [-70.5452575088719, -33.40367690656526], [-70.54527330613884, -33.403594696104484]]]}}, {"type": "Feature", "properties": {"uso": "UV", "edif": "EAb_base"}, "geometry": {"type": "Polygon", "coordinates": [[[-70.5456297887381, -33.40359025505796], [-70.54584861978667, -33.40360682569674], [-70.5458275005245, -33.40371322420804], [-70.545643082138, -33.40369140044198], [-70.54564265500326, -33.40366728409437], [-70.54561948525688, -33.40365792410818], [-70.5456297887381, -33.40359025505796]]]}}, {"type": "Feature", "properties": {"uso": "UV", "edif": "EAb_base"}, "geometry": {"type": "Polygon", "coordinates": [[[-70.54280675967007, -33.403630220511275], [-70.54300859714172, -33.40366148052149], [-70.54299245659672, -33.403724397652546], [-70.54279053371393, -33.40368831434437], [-70.54280675967007, -33.403630220511275]]]}}, {"type": "Feature", "properties": {"uso": "UV", "edif": "EAb_base"}, "geometry": {"type": "Polygon", "coordinates": [[[-70.549171868468, -33.403560545288286], [-70.54921966423497, -33.40366125935261], [-70.54899670957258, -33.40373640845414], [-70.54894908523376, -33.40364534082285], [-70.549171868468, -33.403560545288286]]]}}, {"type": "Feature", "properties": {"uso": "UV", "edif": "EAb_base"}, "geometry": {"type": "Polygon", "coordinates": [[[-70.53356133875117, -33.403754506567], [-70.53373070968918, -33.403901967350556], [-70.53376631034672, -33.40396424367404], [-70.53347730956847, -33.4042090337084], [-70.53325525819896, -33.40400915592042], [-70.53356133875117, -33.403754506567]]]}}, {"type": "Feature", "properties": {"uso": "UV", "edif": "EAb_base"}, "geometry": {"type": "Polygon", "coordinates": [[[-70.53973107724903, -33.403692555221525], [-70.53988717135068, -33.40373886109812], [-70.53984398192505, -33.40389860039336], [-70.53967089359112, -33.403866978408374], [-70.53973107724903, -33.403692555221525]]]}}, {"type": "Feature", "properties": {"uso": "UV", "edif": "EAb_base"}, "geometry": {"type": "Polygon", "coordinates": [[[-70.53904685787359, -33.403701045758744], [-70.53963141117784, -33.403910887486184], [-70.53957165264994, -33.40410942704379], [-70.53895817922596, -33.40389029515677], [-70.53904685787359, -33.403701045758744]]]}}, {"type": "Feature", "properties": {"uso": "UV", "edif": "EAb_base"}, "geometry": {"type": "Polygon", "coordinates": [[[-70.54768887105074, -33.40360317769534], [-70.54777836746437, -33.40378538571975], [-70.54765839306812, -33.403830301541745], [-70.5475574829497, -33.403653060146794], [-70.54768887105074, -33.40360317769534]]]}}, {"type": "Feature", "properties": {"uso": "UV", "edif": "EAb_base"}, "geometry": {"type": "Polygon", "coordinates": [[[-70.5414735035662, -33.40368538927057], [-70.5414964173132, -33.403680280206984], [-70.5417677626436, -33.403739624537266], [-70.54173530928166, -33.40385581196844], [-70.5414409646313, -33.403796753357405], [-70.5414735035662, -33.40368538927057]]]}}, {"type": "Feature", "properties": {"uso": "UV", "edif": "EAb_base"}, "geometry": {"type": "Polygon", "coordinates": [[[-70.53273963083738, -33.4037936079507], [-70.53290891578648, -33.40393624659478], [-70.53277295436095, -33.40405371086319], [-70.53262100342423, -33.40391568222887], [-70.53262074929981, -33.4039012123322], [-70.53273963083738, -33.4037936079507]]]}}, {"type": "Feature", "properties": {"uso": "UV", "edif": "EAb_base"}, "geometry": {"type": "Polygon", "coordinates": [[[-70.54835609446366, -33.4036093246108], [-70.54843229560123, -33.403690387125174], [-70.54826743636669, -33.403798580084455], [-70.54818539999184, -33.4037127659616], [-70.54832734590063, -33.403609683429494], [-70.54835609446366, -33.4036093246108]]]}}, {"type": "Feature", "properties": {"uso": "UV", "edif": "EAb_base"}, "geometry": {"type": "Polygon", "coordinates": [[[-70.54501559342451, -33.403655798055524], [-70.54522326673025, -33.4036918060976], [-70.54520214668474, -33.40379820452353], [-70.54499413156582, -33.40374290336994], [-70.54501559342451, -33.403655798055524]]]}}, {"type": "Feature", "properties": {"uso": "UV", "edif": "EAb_base"}, "geometry": {"type": "Polygon", "coordinates": [[[-70.54645310943513, -33.40364271057634], [-70.54667202619639, -33.40366410302115], [-70.54666215093805, -33.40375588846992], [-70.54644323394727, -33.40373449601453], [-70.54645310943513, -33.40364271057634]]]}}, {"type": "Feature", "properties": {"uso": "UV", "edif": "EAb_base"}, "geometry": {"type": "Polygon", "coordinates": [[[-70.5409563678933, -33.40371111141889], [-70.54125654689851, -33.40377492304238], [-70.54121842827176, -33.403896005072795], [-70.54092408378457, -33.403836945229244], [-70.5409563678933, -33.40371111141889]]]}}, {"type": "Feature", "properties": {"uso": "UV", "edif": "EAb_base"}, "geometry": {"type": "Polygon", "coordinates": [[[-70.5431875211081, -33.40369784957639], [-70.54348152520416, -33.40373761092119], [-70.54346023239985, -33.40383436256236], [-70.54344306848361, -33.40383940044946], [-70.54316614269314, -33.4037897779017], [-70.5431875211081, -33.40369784957639]]]}}, {"type": "Feature", "properties": {"uso": "UV", "edif": "EAb_base"}, "geometry": {"type": "Polygon", "coordinates": [[[-70.5427851250574, -33.40370767895494], [-70.54298704798346, -33.4037437622706], [-70.5429654135081, -33.403821220740575], [-70.54276349040897, -33.403785137395026], [-70.5427851250574, -33.40370767895494]]]}}, {"type": "Feature", "properties": {"uso": "UV", "edif": "EAb_base"}, "geometry": {"type": "Polygon", "coordinates": [[[-70.54231364678736, -33.40371354158801], [-70.5424925706126, -33.403749911650486], [-70.54247067993701, -33.40381290021688], [-70.542297420487, -33.403771635365736], [-70.54231364678736, -33.40371354158801]]]}}, {"type": "Feature", "properties": {"uso": "UV", "edif": "EAb_base"}, "geometry": {"type": "Polygon", "coordinates": [[[-70.53999075185553, -33.403742399637395], [-70.5401523405469, -33.403774163950025], [-70.54012022549539, -33.40390964414756], [-70.54003938845554, -33.4038913503598], [-70.54003312799604, -33.40386248204646], [-70.53996387563156, -33.40384886873093], [-70.53999075185553, -33.403742399637395]]]}}, {"type": "Feature", "properties": {"uso": "UV", "edif": "EAb_base"}, "geometry": {"type": "Polygon", "coordinates": [[[-70.52738726439921, -33.40389821830584], [-70.52762883155195, -33.40422812395009], [-70.5274921025095, -33.40430217284863], [-70.52721637452417, -33.40399198489488], [-70.52738726439921, -33.40389821830584]]]}}, {"type": "Feature", "properties": {"uso": "UV", "edif": "EAb_base"}, "geometry": {"type": "Polygon", "coordinates": [[[-70.54433789396217, -33.40370765559867], [-70.5443722216279, -33.40369757957871], [-70.54458564454328, -33.40373351711288], [-70.54456452370769, -33.40383991545218], [-70.54431651676545, -33.40379958408738], [-70.54433789396217, -33.40370765559867]]]}}, {"type": "Feature", "properties": {"uso": "UV", "edif": "EAb_base"}, "geometry": {"type": "Polygon", "coordinates": [[[-70.5475346551419, -33.40366299358503], [-70.54763556522704, -33.4038402349993], [-70.54750417674174, -33.40389011740359], [-70.54741459525133, -33.40370308590543], [-70.5475346551419, -33.40366299358503]]]}}, {"type": "Feature", "properties": {"uso": "UV", "edif": "EAb_base"}, "geometry": {"type": "Polygon", "coordinates": [[[-70.54892042227489, -33.40365052304134], [-70.54896787536555, -33.403731944160555], [-70.5487678335875, -33.40380198242445], [-70.54872621595595, -33.40372531270612], [-70.54892042227489, -33.40365052304134]]]}}, {"type": "Feature", "properties": {"uso": "UV", "edif": "EAb_base"}, "geometry": {"type": "Polygon", "coordinates": [[[-70.54350993263813, -33.403717960126656], [-70.5438560258435, -33.40377636980043], [-70.54382400190904, -33.40391667406539], [-70.54347790816105, -33.40385826431888], [-70.54350993263813, -33.403717960126656]]]}}, {"type": "Feature", "properties": {"uso": "UV", "edif": "EAb_base"}, "geometry": {"type": "Polygon", "coordinates": [[[-70.5458559074004, -33.403693572891505], [-70.5460749096374, -33.40371978965934], [-70.54605919856252, -33.40380682346803], [-70.546030535352, -33.40381200502496], [-70.54584028154773, -33.40378542994793], [-70.5458559074004, -33.403693572891505]]]}}, {"type": "Feature", "properties": {"uso": "UV", "edif": "EAb_base"}, "geometry": {"type": "Polygon", "coordinates": [[[-70.54525218617336, -33.40370109453813], [-70.54544252506645, -33.40373249379805], [-70.54541522847205, -33.403814847532324], [-70.54542200318912, -33.40387265514245], [-70.5452253164274, -33.403807564587694], [-70.54525218617336, -33.40370109453813]]]}}, {"type": "Feature", "properties": {"uso": "UV", "edif": "EAb_base"}, "geometry": {"type": "Polygon", "coordinates": [[[-70.53213125627474, -33.403863839713765], [-70.53228269822904, -33.40397292917631], [-70.53198819734575, -33.404232256780084], [-70.53188300761434, -33.404137068858134], [-70.53213125627474, -33.403863839713765]]]}}, {"type": "Feature", "properties": {"uso": "UV", "edif": "EAb_base"}, "geometry": {"type": "Polygon", "coordinates": [[[-70.54179093202818, -33.40374898525416], [-70.54208527671909, -33.40380804303287], [-70.54205857351205, -33.40392415906145], [-70.54175847869436, -33.40386517269045], [-70.54179093202818, -33.40374898525416]]]}}, {"type": "Feature", "properties": {"uso": "UV", "edif": "EAb_base"}, "geometry": {"type": "Polygon", "coordinates": [[[-70.5401810041496, -33.403768983741976], [-70.54039442580853, -33.40380492853284], [-70.54035639109871, -33.40393083361375], [-70.54015429840125, -33.40388509943356], [-70.5401810041496, -33.403768983741976]]]}}, {"type": "Feature", "properties": {"uso": "UV", "edif": "EAb_base"}, "geometry": {"type": "Polygon", "coordinates": [[[-70.54563192439291, -33.40371083679725], [-70.54582209254615, -33.40373258893167], [-70.54580663752536, -33.40383409252257], [-70.54561646915272, -33.40381234037107], [-70.54563192439291, -33.40371083679725]]]}}, {"type": "Feature", "properties": {"uso": "UV", "edif": "EAb_base"}, "geometry": {"type": "Polygon", "coordinates": [[[-70.5425156548178, -33.40375444895307], [-70.54257349322701, -33.403773027105096], [-70.5425137415338, -33.4039715678898], [-70.5424501532516, -33.40395306120542], [-70.5425156548178, -33.40375444895307]]]}}, {"type": "Feature", "properties": {"uso": "UV", "edif": "EAb_base"}, "geometry": {"type": "Polygon", "coordinates": [[[-70.54923725587786, -33.403680336983165], [-70.54928488053355, -33.40377140449407], [-70.54906209688741, -33.40385620024122], [-70.54900863707661, -33.40376038117388], [-70.54923725587786, -33.403680336983165]]]}}, {"type": "Feature", "properties": {"uso": "UV", "edif": "EAb_base"}, "geometry": {"type": "Polygon", "coordinates": [[[-70.54461447856825, -33.40373798243175], [-70.54481065246685, -33.403774134345575], [-70.54479511087804, -33.403870814572535], [-70.54458752265974, -33.40383962909347], [-70.54461447856825, -33.40373798243175]]]}}, {"type": "Feature", "properties": {"uso": "UV", "edif": "EAb_base"}, "geometry": {"type": "Polygon", "coordinates": [[[-70.54058974690034, -33.40379285435831], [-70.54088984079237, -33.403851843587766], [-70.5408573010528, -33.40396320754173], [-70.54056304169356, -33.40390897012208], [-70.54058974690034, -33.40379285435831]]]}}, {"type": "Feature", "properties": {"uso": "UV", "edif": "EAb_base"}, "geometry": {"type": "Polygon", "coordinates": [[[-70.54259649218304, -33.40377274111592], [-70.54267157984022, -33.40379110472652], [-70.54266042141037, -33.40381054083355], [-70.54264453637498, -33.4038879277544], [-70.54262788396308, -33.40392190518747], [-70.54255854594801, -33.403903470057585], [-70.54259649218304, -33.40377274111592]]]}}, {"type": "Feature", "properties": {"uso": "UV", "edif": "EAb_base"}, "geometry": {"type": "Polygon", "coordinates": [[[-70.54844988708264, -33.403709464872136], [-70.54853192370726, -33.40379527881267], [-70.5483728141407, -33.40390340013917], [-70.54828494226241, -33.403812834591484], [-70.54844988708264, -33.403709464872136]]]}}, {"type": "Feature", "properties": {"uso": "UV", "edif": "EAb_base"}, "geometry": {"type": "Polygon", "coordinates": [[[-70.54228643245845, -33.40380071799561], [-70.54230934618175, -33.4037956087824], [-70.54246527120233, -33.40383226481539], [-70.54244329523776, -33.40389043010066], [-70.54227595587147, -33.40385874028693], [-70.54227012088481, -33.40385398849287], [-70.54228643245845, -33.40380071799561]]]}}, {"type": "Feature", "properties": {"uso": "UV", "edif": "EAb_base"}, "geometry": {"type": "Polygon", "coordinates": [[[-70.54815690809038, -33.403727594533], [-70.54817424281994, -33.40373220252931], [-70.54829729745579, -33.40386092370144], [-70.54821782808243, -33.40391980750732], [-70.54807735317453, -33.403781654985494], [-70.54815690809038, -33.403727594533]]]}}, {"type": "Feature", "properties": {"uso": "UV", "edif": "EAb_base"}, "geometry": {"type": "Polygon", "coordinates": [[[-70.54269466406436, -33.403795641995195], [-70.54276383148189, -33.40380443049899], [-70.54272597075445, -33.40393998276035], [-70.5426567179691, -33.40392637096247], [-70.54269466406436, -33.403795641995195]]]}}, {"type": "Feature", "properties": {"uso": "UV", "edif": "EAb_base"}, "geometry": {"type": "Polygon", "coordinates": [[[-70.54619633754128, -33.40375687090929], [-70.54641516907579, -33.403773440532845], [-70.5464052935387, -33.403865225967714], [-70.54618646177443, -33.403848656333544], [-70.54619633754128, -33.40375687090929]]]}}, {"type": "Feature", "properties": {"uso": "UV", "edif": "EAb_base"}, "geometry": {"type": "Polygon", "coordinates": [[[-70.54143555566709, -33.40381611791759], [-70.54172423584316, -33.40388007127553], [-70.54169186758783, -33.40400108197422], [-70.54139743727536, -33.40393719999564], [-70.54143555566709, -33.40381611791759]]]}}, {"type": "Feature", "properties": {"uso": "UV", "edif": "EAb_base"}, "geometry": {"type": "Polygon", "coordinates": [[[-70.53259817373653, -33.40392561296801], [-70.53275595915704, -33.40406839388684], [-70.53259158718383, -33.40420550637004], [-70.53243955155229, -33.40406265421696], [-70.53259817373653, -33.40392561296801]]]}}, {"type": "Feature", "properties": {"uso": "UV", "edif": "EAb_base"}, "geometry": {"type": "Polygon", "coordinates": [[[-70.5464436613043, -33.40375861235276], [-70.5466567431442, -33.40377525322453], [-70.54664695334496, -33.40387186193839], [-70.54643387126954, -33.40385522105679], [-70.5464436613043, -33.40375861235276]]]}}, {"type": "Feature", "properties": {"uso": "UV", "edif": "EAb_base"}, "geometry": {"type": "Polygon", "coordinates": [[[-70.54278691571366, -33.403808967750216], [-70.54296000488367, -33.4038405853575], [-70.54294394955404, -33.40390832575792], [-70.54277094552245, -33.40388153140815], [-70.54278691571366, -33.403808967750216]]]}}, {"type": "Feature", "properties": {"uso": "UV", "edif": "EAb_base"}, "geometry": {"type": "Polygon", "coordinates": [[[-70.52719354416143, -33.40400191465709], [-70.52746927210046, -33.40431210266252], [-70.5273441268459, -33.40439083311833], [-70.52702882566984, -33.40411972676923], [-70.52719354416143, -33.40400191465709]]]}}, {"type": "Feature", "properties": {"uso": "UV", "edif": "EAb_base"}, "geometry": {"type": "Polygon", "coordinates": [[[-70.54316073411528, -33.403809142526136], [-70.54344915944975, -33.40385862200969], [-70.54347249964933, -33.40387762895485], [-70.54345137742075, -33.403984027142194], [-70.5431341176379, -33.403930082020224], [-70.54316073411528, -33.403809142526136]]]}}, {"type": "Feature", "properties": {"uso": "UV", "edif": "EAb_base"}, "geometry": {"type": "Polygon", "coordinates": [[[-70.54897396752932, -33.40375116541494], [-70.54902142072773, -33.40383258650936], [-70.54882146437205, -33.40390744812604], [-70.54877976103924, -33.403825955167534], [-70.54897396752932, -33.40375116541494]]]}}, {"type": "Feature", "properties": {"uso": "UV", "edif": "EAb_base"}, "geometry": {"type": "Polygon", "coordinates": [[[-70.53292641928951, -33.40395050334044], [-70.53307820128921, -33.40407888498883], [-70.53293640536518, -33.40419159719323], [-70.53279045786691, -33.40406796762773], [-70.53292641928951, -33.40395050334044]]]}}, {"type": "Feature", "properties": {"uso": "UV", "edif": "EAb_base"}, "geometry": {"type": "Polygon", "coordinates": [[[-70.54091301011974, -33.40386120447036], [-70.54120726950039, -33.40391544105842], [-70.5411749005114, -33.40403645164247], [-70.54088047040699, -33.403972568429495], [-70.54091301011974, -33.40386120447036]]]}}, {"type": "Feature", "properties": {"uso": "UV", "edif": "EAb_base"}, "geometry": {"type": "Polygon", "coordinates": [[[-70.54431110844446, -33.40381894875464], [-70.54455336570071, -33.40385935171742], [-70.54453215943484, -33.40396092677931], [-70.544284066806, -33.40391577208758], [-70.54431110844446, -33.40381894875464]]]}}, {"type": "Feature", "properties": {"uso": "UV", "edif": "EAb_base"}, "geometry": {"type": "Polygon", "coordinates": [[[-70.54583487356842, -33.40380479467193], [-70.54605396153136, -33.40383583473709], [-70.5460488099471, -33.40386966927435], [-70.54602023216378, -33.40387967409793], [-70.54601525146109, -33.40392315517099], [-70.5458193331158, -33.4039014749943], [-70.54583487356842, -33.40380479467193]]]}}, {"type": "Feature", "properties": {"uso": "UV", "edif": "EAb_base"}, "geometry": {"type": "Polygon", "coordinates": [[[-70.53463435657088, -33.403943859608944], [-70.53480973391369, -33.40410571760443], [-70.53436169186847, -33.40446343715678], [-70.5342340089297, -33.40439747555032], [-70.53416373937222, -33.40432597944327], [-70.53463435657088, -33.403943859608944]]]}}, {"type": "Feature", "properties": {"uso": "UV", "edif": "EAb_base"}, "geometry": {"type": "Polygon", "coordinates": [[[-70.54497258427726, -33.40382518540975], [-70.5450012475649, -33.40382000409542], [-70.54519801960544, -33.40388991827977], [-70.54515364430117, -33.403982133358355], [-70.54494537259878, -33.403912362323936], [-70.54497258427726, -33.40382518540975]]]}}, {"type": "Feature", "properties": {"uso": "UV", "edif": "EAb_base"}, "geometry": {"type": "Polygon", "coordinates": [[[-70.53966548422716, -33.403886342902524], [-70.53983290794882, -33.40392285954663], [-70.5397892077171, -33.404053659128664], [-70.53962186885344, -33.40402196571591], [-70.53966548422716, -33.403886342902524]]]}}, {"type": "Feature", "properties": {"uso": "UV", "edif": "EAb_base"}, "geometry": {"type": "Polygon", "coordinates": [[[-70.52851667247432, -33.40402421364102], [-70.52858092926466, -33.40440936979147], [-70.52819645155257, -33.40445752589028], [-70.52807503625908, -33.40409237100036], [-70.52851667247432, -33.40402421364102]]]}}, {"type": "Feature", "properties": {"uso": "UV", "edif": "EAb_base"}, "geometry": {"type": "Polygon", "coordinates": [[[-70.54806036068308, -33.403796340031505], [-70.54818925055214, -33.40392981282396], [-70.54818942168912, -33.403939459350994], [-70.54811561634497, -33.40399344807369], [-70.54809236070085, -33.40397926529642], [-70.54797514147084, -33.4038552954364], [-70.54806036068308, -33.403796340031505]]]}}, {"type": "Feature", "properties": {"uso": "UV", "edif": "EAb_base"}, "geometry": {"type": "Polygon", "coordinates": [[[-70.53894701994346, -33.40390973095346], [-70.53956066366496, -33.4041385094579], [-70.53948348530876, -33.40432761648255], [-70.53884126167581, -33.40410884082999], [-70.53894701994346, -33.40390973095346]]]}}, {"type": "Feature", "properties": {"uso": "UV", "edif": "EAb_base"}, "geometry": {"type": "Polygon", "coordinates": [[[-70.53230603611284, -33.40399193829127], [-70.53239938774963, -33.40406797470371], [-70.53209338730731, -33.40432744460486], [-70.53201145056374, -33.40424644264954], [-70.53230603611284, -33.40399193829127]]]}}, {"type": "Feature", "properties": {"uso": "UV", "edif": "EAb_base"}, "geometry": {"type": "Polygon", "coordinates": [[[-70.54561106112193, -33.4038317050867], [-70.54580122953595, -33.40385345724526], [-70.54577512934252, -33.40400333681423], [-70.5456594509969, -33.40396618351803], [-70.5455956058417, -33.40393320865732], [-70.54561106112193, -33.4038317050867]]]}}, {"type": "Feature", "properties": {"uso": "UV", "edif": "EAb_base"}, "geometry": {"type": "Polygon", "coordinates": [[[-70.53378956376709, -33.40397842920448], [-70.53388325575011, -33.4040737576476], [-70.53359991999646, -33.4043136535731], [-70.53350064776869, -33.40422804258862], [-70.53378956376709, -33.40397842920448]]]}}, {"type": "Feature", "properties": {"uso": "UV", "edif": "EAb_base"}, "geometry": {"type": "Polygon", "coordinates": [[[-70.54929672249158, -33.40379055392248], [-70.54935026826602, -33.40389119611642], [-70.54912164903239, -33.403971240525784], [-70.5490739388097, -33.40387534969171], [-70.54929672249158, -33.40379055392248]]]}}, {"type": "Feature", "properties": {"uso": "UV", "edif": "EAb_base"}, "geometry": {"type": "Polygon", "coordinates": [[[-70.542264797344, -33.40387817636093], [-70.54243788649286, -33.403909794698066], [-70.54242174549462, -33.40397271176555], [-70.54240458148567, -33.40397774951132], [-70.54224290647393, -33.40394116489149], [-70.542264797344, -33.40387817636093]]]}}, {"type": "Feature", "properties": {"uso": "UV", "edif": "EAb_base"}, "geometry": {"type": "Polygon", "coordinates": [[[-70.54175306979758, -33.403884537262385], [-70.54204750015673, -33.40394841839481], [-70.54201513233173, -33.40406942916445], [-70.54171495182446, -33.40400561942496], [-70.54175306979758, -33.403884537262385]]]}}, {"type": "Feature", "properties": {"uso": "UV", "edif": "EAb_base"}, "geometry": {"type": "Polygon", "coordinates": [[[-70.54854951523195, -33.40381435654394], [-70.54861404608626, -33.403885915955726], [-70.54860889549703, -33.40391975057056], [-70.5484724424309, -33.404008291866006], [-70.54839040565432, -33.40392247789306], [-70.54854951523195, -33.40381435654394]]]}}, {"type": "Feature", "properties": {"uso": "UV", "edif": "EAb_base"}, "geometry": {"type": "Polygon", "coordinates": [[[-70.54458219976618, -33.40386381704256], [-70.54478395291962, -33.40389025085706], [-70.54479021494366, -33.40391911888526], [-70.54477416103282, -33.40398685948138], [-70.54456065206101, -33.4039460990213], [-70.54458219976618, -33.40386381704256]]]}}, {"type": "Feature", "properties": {"uso": "UV", "edif": "EAb_base"}, "geometry": {"type": "Polygon", "coordinates": [[[-70.5434955839321, -33.40388216607252], [-70.54381867879866, -33.403940861987635], [-70.54378648410285, -33.40407151969594], [-70.54344047506353, -33.40401793313735], [-70.54347463234728, -33.40399821081137], [-70.5434955839321, -33.40388216607252]]]}}, {"type": "Feature", "properties": {"uso": "UV", "edif": "EAb_base"}, "geometry": {"type": "Polygon", "coordinates": [[[-70.54275987237273, -33.40390579079944], [-70.54276553685132, -33.403900896017774], [-70.54293862619853, -33.40393251364944], [-70.5429225708382, -33.40400025404708], [-70.5427495666285, -33.40397345967292], [-70.54275987237273, -33.40390579079944]]]}}, {"type": "Feature", "properties": {"uso": "UV", "edif": "EAb_base"}, "geometry": {"type": "Polygon", "coordinates": [[[-70.54055188277223, -33.40392840605294], [-70.54084622735456, -33.40398746677741], [-70.54081385783829, -33.404108477280985], [-70.54052534777132, -33.40405416837052], [-70.54055188277223, -33.40392840605294]]]}}, {"type": "Feature", "properties": {"uso": "UV", "edif": "EAb_base"}, "geometry": {"type": "Polygon", "coordinates": [[[-70.54620997346434, -33.40387730928265], [-70.54626163562614, -33.40387184101474], [-70.54639988568158, -33.40388459071266], [-70.54639009558979, -33.403981199413145], [-70.54620009770343, -33.40396909470627], [-70.54620997346434, -33.40387730928265]]]}}, {"type": "Feature", "properties": {"uso": "UV", "edif": "EAb_base"}, "geometry": {"type": "Polygon", "coordinates": [[[-70.52805212151837, -33.40409747760939], [-70.52817362118901, -33.40446745583248], [-70.52784198919531, -33.40457767637282], [-70.52761217315083, -33.40426209953373], [-70.52805212151837, -33.40409747760939]]]}}, {"type": "Feature", "properties": {"uso": "UV", "edif": "EAb_base"}, "geometry": {"type": "Polygon", "coordinates": [[[-70.54642846341935, -33.40387458580278], [-70.54663579580577, -33.40389129837767], [-70.54664205843885, -33.40392016629473], [-70.54662600597551, -33.403987907089174], [-70.5464244231016, -33.4039711228293], [-70.54641781865334, -33.40392296182928], [-70.54642846341935, -33.40387458580278]]]}}, {"type": "Feature", "properties": {"uso": "UV", "edif": "EAb_base"}, "geometry": {"type": "Polygon", "coordinates": [[[-70.5452211039681, -33.40389445507358], [-70.54538895679335, -33.403955080499934], [-70.54538363411767, -33.403979268476824], [-70.5454068039273, -33.40398862850486], [-70.54538500073782, -33.40405644079438], [-70.54518256383501, -33.403991421812115], [-70.5452211039681, -33.40389445507358]]]}}, {"type": "Feature", "properties": {"uso": "UV", "edif": "EAb_base"}, "geometry": {"type": "Polygon", "coordinates": [[[-70.54903334825268, -33.403856559225815], [-70.54907505183468, -33.403938052091426], [-70.54888093063524, -33.4040176652715], [-70.54883330624988, -33.40392659760068], [-70.54903334825268, -33.403856559225815]]]}}, {"type": "Feature", "properties": {"uso": "UV", "edif": "EAb_base"}, "geometry": {"type": "Polygon", "coordinates": [[[-70.54795239921695, -33.40387005221549], [-70.5480871243413, -33.40400827663139], [-70.54800765469041, -33.40406716030921], [-70.54787292959371, -33.40392893580723], [-70.54795239921695, -33.40387005221549]]]}}, {"type": "Feature", "properties": {"uso": "UV", "edif": "EAb_base"}, "geometry": {"type": "Polygon", "coordinates": [[[-70.54009266841689, -33.403977527008124], [-70.54006630297832, -33.40411293580963], [-70.53989896391465, -33.40408124277721], [-70.53993167515027, -33.40397952560499], [-70.53997784345786, -33.40398860116294], [-70.54001809177932, -33.40398810151821], [-70.54002925082861, -33.40396866563195], [-70.54009266841689, -33.403977527008124]]]}}, {"type": "Feature", "properties": {"uso": "UV", "edif": "EAb_base"}, "geometry": {"type": "Polygon", "coordinates": [[[-70.54139202829397, -33.40395656455404], [-70.54169804339448, -33.40402512690897], [-70.5416596696658, -33.404131739221235], [-70.54163675581209, -33.40413684831775], [-70.54136540931266, -33.40407750373739], [-70.54135931878419, -33.40405828206274], [-70.54139202829397, -33.40395656455404]]]}}, {"type": "Feature", "properties": {"uso": "UV", "edif": "EAb_base"}, "geometry": {"type": "Polygon", "coordinates": [[[-70.52701182945498, -33.404134409033446], [-70.527321380813, -33.404405586216456], [-70.52720215393678, -33.40449389236515], [-70.52687010971731, -33.40425193783809], [-70.52701182945498, -33.404134409033446]]]}}, {"type": "Feature", "properties": {"uso": "UV", "edif": "EAb_base"}, "geometry": {"type": "Polygon", "coordinates": [[[-70.54831488894439, -33.40388000146689], [-70.5484554499656, -33.404022976965], [-70.5483701452374, -33.404077109375024], [-70.5482296698319, -33.40393895704334], [-70.54831488894439, -33.40388000146689]]]}}, {"type": "Feature", "properties": {"uso": "UV", "edif": "EAb_base"}, "geometry": {"type": "Polygon", "coordinates": [[[-70.54312870904546, -33.40394944664328], [-70.54341138508025, -33.403998997723605], [-70.54339051866506, -33.40411986572445], [-70.54309634273133, -33.40407045765205], [-70.54312870904546, -33.40394944664328]]]}}, {"type": "Feature", "properties": {"uso": "UV", "edif": "EAb_base"}, "geometry": {"type": "Polygon", "coordinates": [[[-70.5422374976815, -33.40396052948136], [-70.54240492248174, -33.40399704261793], [-70.54241084273478, -33.40400661768169], [-70.54239444595572, -33.40405506491592], [-70.5423830316875, -33.404060031170026], [-70.54221569201198, -33.404028341284516], [-70.5422374976815, -33.40396052948136]]]}}, {"type": "Feature", "properties": {"uso": "UV", "edif": "EAb_base"}, "geometry": {"type": "Polygon", "coordinates": [[[-70.54581392512566, -33.40392083971737], [-70.54600984351364, -33.40394251990134], [-70.54598898072655, -33.40406338823655], [-70.54580404894374, -33.40401262512095], [-70.54581392512566, -33.40392083971737]]]}}, {"type": "Feature", "properties": {"uso": "UV", "edif": "EAb_base"}, "geometry": {"type": "Polygon", "coordinates": [[[-70.54427874382401, -33.403939960025916], [-70.54452675115357, -33.4039802914544], [-70.54447833261396, -33.40416904333552], [-70.54423041011306, -33.40413353509856], [-70.54427874382401, -33.403939960025916]]]}}, {"type": "Feature", "properties": {"uso": "UV", "edif": "EAb_base"}, "geometry": {"type": "Polygon", "coordinates": [[[-70.53242272568423, -33.40408698379496], [-70.53253966962323, -33.4041964990768], [-70.53222208486503, -33.404451288057764], [-70.53211097544418, -33.40434652476602], [-70.53242272568423, -33.40408698379496]]]}}, {"type": "Feature", "properties": {"uso": "UV", "edif": "EAb_base"}, "geometry": {"type": "Polygon", "coordinates": [[[-70.54493430005805, -33.40393662189199], [-70.54514823615783, -33.40400149805655], [-70.54510386074827, -33.40409371311885], [-70.54491875858531, -33.404033302128894], [-70.54493430005805, -33.40393662189199]]]}}, {"type": "Feature", "properties": {"uso": "UV", "edif": "EAb_base"}, "geometry": {"type": "Polygon", "coordinates": [[[-70.54086948187842, -33.404001650947194], [-70.54116949147495, -33.40405581619244], [-70.54113128744021, -33.4041720749184], [-70.54084277699381, -33.40411776675862], [-70.54086948187842, -33.404001650947194]]]}}, {"type": "Feature", "properties": {"uso": "UV", "edif": "EAb_base"}, "geometry": {"type": "Polygon", "coordinates": [[[-70.54011617818902, -33.404006181168356], [-70.54032410604988, -33.404056667290746], [-70.54029165064922, -33.404172854396926], [-70.54008397788898, -33.40413683807389], [-70.54011617818902, -33.404006181168356]]]}}, {"type": "Feature", "properties": {"uso": "UV", "edif": "EAb_base"}, "geometry": {"type": "Polygon", "coordinates": [[[-70.54250258304677, -33.403991003983734], [-70.54244832507237, -33.404175003415645], [-70.54251208402917, -33.40420315664818], [-70.54247963151919, -33.40431934424227], [-70.5421505305193, -33.40424624650363], [-70.54221028320885, -33.404047705873275], [-70.5424064569681, -33.40408386159691], [-70.54243925050504, -33.40398696712378], [-70.54250258304677, -33.403991003983734]]]}}, {"type": "Feature", "properties": {"uso": "UV", "edif": "EAb_base"}, "geometry": {"type": "Polygon", "coordinates": [[[-70.53390075943531, -33.40408801425011], [-70.5339887866543, -33.404188236996205], [-70.5337167809132, -33.404418344394195], [-70.53361742368668, -33.40432791021501], [-70.53390075943531, -33.40408801425011]]]}}, {"type": "Feature", "properties": {"uso": "UV", "edif": "EAb_base"}, "geometry": {"type": "Polygon", "coordinates": [[[-70.54455524378689, -33.40396546369747], [-70.54476875280432, -33.40400622416545], [-70.54474737600432, -33.404098152713196], [-70.54453395213555, -33.40406221548694], [-70.54455524378689, -33.40396546369747]]]}}, {"type": "Feature", "properties": {"uso": "UV", "edif": "EAb_base"}, "geometry": {"type": "Polygon", "coordinates": [[[-70.53273947223911, -33.40411201669917], [-70.53293226537325, -33.404283310904866], [-70.53280780307189, -33.40440063311677], [-70.53260917540113, -33.404224586458504], [-70.53273947223911, -33.40411201669917]]]}}, {"type": "Feature", "properties": {"uso": "UV", "edif": "EAb_base"}, "geometry": {"type": "Polygon", "coordinates": [[[-70.54935636052583, -33.40391041734879], [-70.54940398543941, -33.4040014848035], [-70.54918695108118, -33.40408620897149], [-70.54913924071968, -33.40399031816815], [-70.54935636052583, -33.40391041734879]]]}}, {"type": "Feature", "properties": {"uso": "UV", "edif": "EAb_base"}, "geometry": {"type": "Polygon", "coordinates": [[[-70.54785010175333, -33.40393886930415], [-70.54797907708647, -33.40407716557926], [-70.54797358401318, -33.404091707118624], [-70.54789969285213, -33.40414087245514], [-70.54776496780305, -33.404002647835824], [-70.54785010175333, -33.40393886930415]]]}}, {"type": "Feature", "properties": {"uso": "UV", "edif": "EAb_base"}, "geometry": {"type": "Polygon", "coordinates": [[[-70.53961645947032, -33.40404133020806], [-70.53981846718035, -33.4040822419788], [-70.53979210128881, -33.404217650732924], [-70.53957850863233, -33.40417205836381], [-70.53961645947032, -33.40404133020806]]]}}, {"type": "Feature", "properties": {"uso": "UV", "edif": "EAb_base"}, "geometry": {"type": "Polygon", "coordinates": [[[-70.5417211276378, -33.40402966435834], [-70.54200397372016, -33.404088865216764], [-70.54192799389322, -33.404345499495044], [-70.54163364746543, -33.40428644139694], [-70.5417211276378, -33.40402966435834]]]}}, {"type": "Feature", "properties": {"uso": "UV", "edif": "EAb_base"}, "geometry": {"type": "Polygon", "coordinates": [[[-70.54821267733739, -33.40395364211], [-70.54834740299702, -33.404091866225755], [-70.54826793345481, -33.404150750066734], [-70.54825643395785, -33.404150893588884], [-70.54812754364839, -33.4040174208832], [-70.54821267733739, -33.40395364211]]]}}, {"type": "Feature", "properties": {"uso": "UV", "edif": "EAb_base"}, "geometry": {"type": "Polygon", "coordinates": [[[-70.53314263524767, -33.40414562950782], [-70.53329458739901, -33.40428365746312], [-70.53314137656976, -33.40440133533242], [-70.53300083930488, -33.404258341785436], [-70.53314263524767, -33.40414562950782]]]}}, {"type": "Feature", "properties": {"uso": "UV", "edif": "EAb_base"}, "geometry": {"type": "Polygon", "coordinates": [[[-70.54251493510566, -33.404039093759266], [-70.54259577273693, -33.404057385914214], [-70.54256357616084, -33.4041880433565], [-70.54247707390145, -33.40417464595374], [-70.54251493510566, -33.404039093759266]]]}}, {"type": "Feature", "properties": {"uso": "UV", "edif": "EAb_base"}, "geometry": {"type": "Polygon", "coordinates": [[[-70.54908697938976, -33.40396202480148], [-70.54913434719356, -33.40403862258238], [-70.54893447608752, -33.40411830765122], [-70.54889277254183, -33.40403681473932], [-70.54908697938976, -33.40396202480148]]]}}, {"type": "Feature", "properties": {"uso": "UV", "edif": "EAb_base"}, "geometry": {"type": "Polygon", "coordinates": [[[-70.54517140595, -33.40401085812911], [-70.54537384289092, -33.40407587712832], [-70.54534096720364, -33.404167949013555], [-70.54513278031477, -33.40410300158317], [-70.54517140595, -33.40401085812911]]]}}, {"type": "Feature", "properties": {"uso": "UV", "edif": "EAb_base"}, "geometry": {"type": "Polygon", "coordinates": [[[-70.54343506653497, -33.40403729777172], [-70.54377549654238, -33.40410060244322], [-70.54374347237984, -33.40424090668745], [-70.543397462686, -33.40418732002879], [-70.54343506653497, -33.40403729777172]]]}}, {"type": "Feature", "properties": {"uso": "UV", "edif": "EAb_base"}, "geometry": {"type": "Polygon", "coordinates": [[[-70.54050852420428, -33.40407849898097], [-70.54053718788175, -33.404073318688575], [-70.54080269895005, -33.404127913232934], [-70.54077032932877, -33.40424892372574], [-70.54048181881676, -33.40419461472773], [-70.54050852420428, -33.40407849898097]]]}}, {"type": "Feature", "properties": {"uso": "UV", "edif": "EAb_base"}, "geometry": {"type": "Polygon", "coordinates": [[[-70.53984730112249, -33.40408670840947], [-70.54006089368981, -33.404132300318224], [-70.54002886350479, -33.404272603774224], [-70.53981527060549, -33.40422701182066], [-70.53984730112249, -33.40408670840947]]]}}, {"type": "Feature", "properties": {"uso": "UV", "edif": "EAb_base"}, "geometry": {"type": "Polygon", "coordinates": [[[-70.54272801715905, -33.40405574138226], [-70.5429067712861, -33.40408246426899], [-70.54289063060162, -33.40414538138701], [-70.5428792163519, -33.40415034768625], [-70.54271771137705, -33.404123410252716], [-70.54271170581609, -33.404109011929116], [-70.54272801715905, -33.40405574138226]]]}}, {"type": "Feature", "properties": {"uso": "UV", "edif": "EAb_base"}, "geometry": {"type": "Polygon", "coordinates": [[[-70.54261885702873, -33.40406192319488], [-70.54269960943478, -33.40407539200488], [-70.54266174850636, -33.404210944247176], [-70.54258666048604, -33.404192580642125], [-70.54261885702873, -33.40406192319488]]]}}, {"type": "Feature", "properties": {"uso": "UV", "edif": "EAb_base"}, "geometry": {"type": "Polygon", "coordinates": [[[-70.5413484155983, -33.40409218789719], [-70.5416486813819, -33.40416082180038], [-70.5416103927454, -33.40427225737682], [-70.54131029697955, -33.4042132699502], [-70.5413484155983, -33.40409218789719]]]}}, {"type": "Feature", "properties": {"uso": "UV", "edif": "EAb_base"}, "geometry": {"type": "Polygon", "coordinates": [[[-70.54773647573353, -33.404017476314735], [-70.54776556662036, -33.40403641068674], [-70.54787695051245, -33.40415562922224], [-70.54778040241575, -33.40422437451822], [-70.54765734798694, -33.40409565283329], [-70.54766258449422, -33.404066641512586], [-70.54773647573353, -33.404017476314735]]]}}, {"type": "Feature", "properties": {"uso": "UV", "edif": "EAb_base"}, "geometry": {"type": "Polygon", "coordinates": [[[-70.53882443761991, -33.404133171225546], [-70.53947241118138, -33.40435187560646], [-70.53942811461265, -33.40444891209306], [-70.53878031052123, -33.40423985407086], [-70.53882443761991, -33.404133171225546]]]}}, {"type": "Feature", "properties": {"uso": "UV", "edif": "EAb_base"}, "geometry": {"type": "Polygon", "coordinates": [[[-70.53256292291692, -33.404210684840635], [-70.5326624483696, -33.40431076649825], [-70.53234486358028, -33.404565555790725], [-70.5322395883665, -33.404465544899466], [-70.53256292291692, -33.404210684840635]]]}}, {"type": "Feature", "properties": {"uso": "UV", "edif": "EAb_base"}, "geometry": {"type": "Polygon", "coordinates": [[[-70.52758367738528, -33.40427692348231], [-70.52781332448069, -33.40458285375684], [-70.52768251377205, -33.4046664786767], [-70.52741870567057, -33.40438026617657], [-70.52758367738528, -33.40427692348231]]]}}, {"type": "Feature", "properties": {"uso": "UV", "edif": "EAb_base"}, "geometry": {"type": "Polygon", "coordinates": [[[-70.54810471581618, -33.40402735442669], [-70.54823944142818, -33.40416557865979], [-70.54815997174516, -33.40422446243494], [-70.5480194964159, -33.404086309865605], [-70.54810471581618, -33.40402735442669]]]}}, {"type": "Feature", "properties": {"uso": "UV", "edif": "EAb_base"}, "geometry": {"type": "Polygon", "coordinates": [[[-70.54309101941028, -33.40409464554856], [-70.54337936035895, -33.40413930189177], [-70.54335282940681, -33.40426506469503], [-70.54306431747852, -33.404210761752616], [-70.54309101941028, -33.40409464554856]]]}}, {"type": "Feature", "properties": {"uso": "UV", "edif": "EAb_base"}, "geometry": {"type": "Polygon", "coordinates": [[[-70.53400629037985, -33.40420249358243], [-70.53408848325053, -33.40429796405453], [-70.53383364211102, -33.40452303509545], [-70.53374003444992, -33.40443252992969], [-70.53400629037985, -33.40420249358243]]]}}, {"type": "Feature", "properties": {"uso": "UV", "edif": "EAb_base"}, "geometry": {"type": "Polygon", "coordinates": [[[-70.54941582745643, -33.404020634218185], [-70.54946928787844, -33.40411645308862], [-70.54924650355777, -33.40420124918273], [-70.54919879306367, -33.40410535840769], [-70.54941582745643, -33.404020634218185]]]}}, {"type": "Feature", "properties": {"uso": "UV", "edif": "EAb_base"}, "geometry": {"type": "Polygon", "coordinates": [[[-70.54083161811103, -33.404137202712974], [-70.54112587838684, -33.40419143946659], [-70.54108775941867, -33.40431252145943], [-70.54079907820493, -33.404248566651916], [-70.54083161811103, -33.404137202712974]]]}}, {"type": "Feature", "properties": {"uso": "UV", "edif": "EAb_base"}, "geometry": {"type": "Polygon", "coordinates": [[[-70.54007856860315, -33.4041562025831], [-70.54028049163509, -33.404192290305254], [-70.5402482063946, -33.4043181239633], [-70.54005194773997, -33.40427714153472], [-70.54007856860315, -33.4041562025831]]]}}, {"type": "Feature", "properties": {"uso": "UV", "edif": "EAb_base"}, "geometry": {"type": "Polygon", "coordinates": [[[-70.54914627477957, -33.404062595285495], [-70.54918797857188, -33.40414408810465], [-70.54898802166714, -33.404218950002694], [-70.5489464036312, -33.404142280374536], [-70.54906620650084, -33.40408771679267], [-70.54914627477957, -33.404062595285495]]]}}, {"type": "Feature", "properties": {"uso": "UV", "edif": "EAb_base"}, "geometry": {"type": "Polygon", "coordinates": [[[-70.54270655291818, -33.4041428463638], [-70.54287955745512, -33.404169640788], [-70.54286933705683, -33.404242132942265], [-70.54284642325433, -33.40424724226098], [-70.54269058260991, -33.40421541001131], [-70.54270655291818, -33.4041428463638]]]}}, {"type": "Feature", "properties": {"uso": "UV", "edif": "EAb_base"}, "geometry": {"type": "Polygon", "coordinates": [[[-70.54578275867671, -33.40410937708461], [-70.54593336301258, -33.40417021668644], [-70.54593988177368, -33.40421355444913], [-70.54591207285857, -33.40426696866691], [-70.5457328904391, -33.4042161338055], [-70.54578275867671, -33.40410937708461]]]}}, {"type": "Feature", "properties": {"uso": "UV", "edif": "EAb_base"}, "geometry": {"type": "Polygon", "coordinates": [[[-70.54509853798616, -33.404117901085485], [-70.54520838115657, -33.40415030325465], [-70.54515378724375, -33.404315010624096], [-70.54503802332489, -33.404273033483975], [-70.54509853798616, -33.404117901085485]]]}}, {"type": "Feature", "properties": {"uso": "UV", "edif": "EAb_base"}, "geometry": {"type": "Polygon", "coordinates": [[[-70.53957318432478, -33.404196246137076], [-70.53974060861287, -33.4042327628881], [-70.539692434826, -33.4044359830416], [-70.53947884167543, -33.40439039051621], [-70.53957318432478, -33.404196246137076]]]}}, {"type": "Feature", "properties": {"uso": "UV", "edif": "EAb_base"}, "geometry": {"type": "Polygon", "coordinates": [[[-70.5329840135609, -33.40428267143545], [-70.53312438136456, -33.40441601840593], [-70.53295983989952, -33.404543484776916], [-70.53282530665523, -33.404414889873486], [-70.5329840135609, -33.40428267143545]]]}}, {"type": "Feature", "properties": {"uso": "UV", "edif": "EAb_base"}, "geometry": {"type": "Polygon", "coordinates": [[[-70.54799675411124, -33.40410106665379], [-70.5481314796756, -33.404239291004245], [-70.54805775961051, -33.40429810296182], [-70.5480345894532, -33.404288743440034], [-70.54791736986923, -33.404164773541], [-70.54799675411124, -33.40410106665379]]]}}, {"type": "Feature", "properties": {"uso": "UV", "edif": "EAb_base"}, "geometry": {"type": "Polygon", "coordinates": [[[-70.54422500175512, -33.404152899762195], [-70.54447292430962, -33.40418840800835], [-70.5444409012496, -33.404328712399455], [-70.54419297830448, -33.40429320410113], [-70.54422500175512, -33.404152899762195]]]}}, {"type": "Feature", "properties": {"uso": "UV", "edif": "EAb_base"}, "geometry": {"type": "Polygon", "coordinates": [[[-70.5455361172582, -33.40414622050681], [-70.54570963510322, -33.40420195057247], [-70.54567092453647, -33.404289270908514], [-70.54550315629943, -33.40423346916049], [-70.5455361172582, -33.40414622050681]]]}}, {"type": "Feature", "properties": {"uso": "UV", "edif": "EAb_base"}, "geometry": {"type": "Polygon", "coordinates": [[[-70.5333178408335, -33.40429784308106], [-70.53341711297004, -33.404383454213786], [-70.5334172824774, -33.404393100807226], [-70.53326415637922, -33.40451560212383], [-70.53316463001266, -33.404415520978645], [-70.5333178408335, -33.40429784308106]]]}}, {"type": "Feature", "properties": {"uso": "UV", "edif": "EAb_base"}, "geometry": {"type": "Polygon", "coordinates": [[[-70.54047065984311, -33.40421405065197], [-70.54076492019057, -33.40426828826037], [-70.54072680068771, -33.40438937015615], [-70.54043820458917, -33.40433023778975], [-70.54047065984311, -33.40421405065197]]]}}, {"type": "Feature", "properties": {"uso": "UV", "edif": "EAb_base"}, "geometry": {"type": "Polygon", "coordinates": [[[-70.54523155099493, -33.40415966331444], [-70.5453703138857, -33.40420135376977], [-70.5453044769436, -33.40438067425993], [-70.54517695712113, -33.40432437069275], [-70.54523155099493, -33.40415966331444]]]}}, {"type": "Feature", "properties": {"uso": "UV", "edif": "EAb_base"}, "geometry": {"type": "Polygon", "coordinates": [[[-70.5484745820465, -33.40412887343508], [-70.54860922279863, -33.4042622739805], [-70.54860939398417, -33.404271920505096], [-70.54853558863732, -33.404325909475546], [-70.54840094789232, -33.404192508851104], [-70.54840077673032, -33.40418286232543], [-70.5484745820465, -33.40412887343508]]]}}, {"type": "Feature", "properties": {"uso": "UV", "edif": "EAb_base"}, "geometry": {"type": "Polygon", "coordinates": [[[-70.53976369282461, -33.404237300703016], [-70.53998303550564, -33.404282821367836], [-70.53995100514919, -33.40442312480561], [-70.5397260825448, -33.40438732202571], [-70.53976369282461, -33.404237300703016]]]}}, {"type": "Feature", "properties": {"uso": "UV", "edif": "EAb_base"}, "geometry": {"type": "Polygon", "coordinates": [[[-70.53268570171353, -33.40432495223738], [-70.53278514271987, -33.40442021048882], [-70.53247339244436, -33.40467975236063], [-70.53236820164089, -33.40458456488732], [-70.53268570171353, -33.40432495223738]]]}}, {"type": "Feature", "properties": {"uso": "UV", "edif": "EAb_base"}, "geometry": {"type": "Polygon", "coordinates": [[[-70.5273901254119, -33.404390266772126], [-70.52765401788979, -33.404681302643915], [-70.52752904115238, -33.404769679911354], [-70.52722540648428, -33.40450807915153], [-70.5273901254119, -33.404390266772126]]]}}, {"type": "Feature", "properties": {"uso": "UV", "edif": "EAb_base"}, "geometry": {"type": "Polygon", "coordinates": [[[-70.54253516835612, -33.40420769394334], [-70.54285834916813, -33.40427121561691], [-70.54283164688019, -33.404387331778125], [-70.5425027158757, -33.40432388154257], [-70.54253516835612, -33.40420769394334]]]}}, {"type": "Feature", "properties": {"uso": "UV", "edif": "EAb_base"}, "geometry": {"type": "Polygon", "coordinates": [[[-70.5387577366425, -33.40426425577986], [-70.53941695537016, -33.40446834792939], [-70.53939565788453, -33.40456509899604], [-70.5387021098237, -33.404371081241], [-70.5387577366425, -33.40426425577986]]]}}, {"type": "Feature", "properties": {"uso": "UV", "edif": "EAb_base"}, "geometry": {"type": "Polygon", "coordinates": [[[-70.53411182160382, -33.404316972815], [-70.5342111793138, -33.40440740658398], [-70.53395633819284, -33.404632477873264], [-70.53385689569446, -33.40453722060746], [-70.53411182160382, -33.404316972815]]]}}, {"type": "Feature", "properties": {"uso": "UV", "edif": "EAb_base"}, "geometry": {"type": "Polygon", "coordinates": [[[-70.54339205413886, -33.40420668466137], [-70.54373231413929, -33.40426034288433], [-70.54370586899155, -33.404390929020565], [-70.54335994402071, -33.40434216554889], [-70.54339205413886, -33.40420668466137]]]}}, {"type": "Feature", "properties": {"uso": "UV", "edif": "EAb_base"}, "geometry": {"type": "Polygon", "coordinates": [[[-70.54130488796405, -33.40423263450501], [-70.54154740083196, -33.4042875131796], [-70.54150928241756, -33.40440859528462], [-70.54126676923092, -33.40435371654548], [-70.54130488796405, -33.40423263450501]]]}}, {"type": "Feature", "properties": {"uso": "UV", "edif": "EAb_base"}, "geometry": {"type": "Polygon", "coordinates": [[[-70.54948112992618, -33.40413560249588], [-70.54952884074405, -33.4042314931524], [-70.54931189158472, -33.40432104080951], [-70.54925834556974, -33.40422039861206], [-70.54948112992618, -33.40413560249588]]]}}, {"type": "Feature", "properties": {"uso": "UV", "edif": "EAb_base"}, "geometry": {"type": "Polygon", "coordinates": [[[-70.54473784019888, -33.404209231146865], [-70.54475611404128, -33.40426689560536], [-70.54444810219329, -33.40441063643401], [-70.54448536284376, -33.40424132082589], [-70.54473784019888, -33.404209231146865]]]}}, {"type": "Feature", "properties": {"uso": "UV", "edif": "EAb_base"}, "geometry": {"type": "Polygon", "coordinates": [[[-70.5430532443734, -33.40423502116771], [-70.54334742084558, -33.404284429325855], [-70.54332080451053, -33.40440536884779], [-70.54303237741645, -33.404355889119735], [-70.5430532443734, -33.40423502116771]]]}}, {"type": "Feature", "properties": {"uso": "UV", "edif": "EAb_base"}, "geometry": {"type": "Polygon", "coordinates": [[[-70.54789454197362, -33.404174707047375], [-70.54802926749907, -33.40431293150866], [-70.54793846912284, -33.40438160517673], [-70.547797908323, -33.40423862909289], [-70.54789454197362, -33.404174707047375]]]}}, {"type": "Feature", "properties": {"uso": "UV", "edif": "EAb_base"}, "geometry": {"type": "Polygon", "coordinates": [[[-70.54078800445728, -33.404272825882806], [-70.54108235034813, -33.404331886005814], [-70.54107161737693, -33.40437543837731], [-70.54106028816328, -33.40438522779218], [-70.54078319144485, -33.404325953378724], [-70.54078800445728, -33.404272825882806]]]}}, {"type": "Feature", "properties": {"uso": "UV", "edif": "EAb_base"}, "geometry": {"type": "Polygon", "coordinates": [[[-70.54919990618805, -33.404168060801354], [-70.54924169571181, -33.40425437685911], [-70.54904740274874, -33.40432434378952], [-70.54899994924023, -33.40424292271966], [-70.54919990618805, -33.404168060801354]]]}}, {"type": "Feature", "properties": {"uso": "UV", "edif": "EAb_base"}, "geometry": {"type": "Polygon", "coordinates": [[[-70.54214512169006, -33.40426561108969], [-70.54247422275971, -33.4043387088405], [-70.54244177015585, -33.404454896425115], [-70.54210700412105, -33.40438669335475], [-70.54214512169006, -33.40426561108969]]]}}, {"type": "Feature", "properties": {"uso": "UV", "edif": "EAb_base"}, "geometry": {"type": "Polygon", "coordinates": [[[-70.54001195463913, -33.40429211103982], [-70.5402428822666, -33.4043423117597], [-70.54019926759968, -33.40447793474735], [-70.53997408942104, -33.40442766257948], [-70.54001195463913, -33.40429211103982]]]}}, {"type": "Feature", "properties": {"uso": "UV", "edif": "EAb_base"}, "geometry": {"type": "Polygon", "coordinates": [[[-70.54611829520056, -33.4042209795962], [-70.54614712945154, -33.40422544455149], [-70.54628099772403, -33.40431543831187], [-70.54624803746127, -33.40440268714163], [-70.54606868367864, -33.40434220624429], [-70.54611829520056, -33.4042209795962]]]}}, {"type": "Feature", "properties": {"uso": "UV", "edif": "EAb_base"}, "geometry": {"type": "Polygon", "coordinates": [[[-70.54836662054511, -33.40420258597761], [-70.54838979071226, -33.40421194543713], [-70.54851284636302, -33.40434066635712], [-70.54842762695266, -33.40439962207447], [-70.54829290067427, -33.40426139806985], [-70.54836662054511, -33.40420258597761]]]}}, {"type": "Feature", "properties": {"uso": "UV", "edif": "EAb_base"}, "geometry": {"type": "Polygon", "coordinates": [[[-70.54572748241297, -33.40423549852497], [-70.545900915106, -33.404286405045035], [-70.54586220469913, -33.404373725435214], [-70.54584495538997, -33.404373940384865], [-70.54568868641924, -33.40431799559713], [-70.54572748241297, -33.40423549852497]]]}}, {"type": "Feature", "properties": {"uso": "UV", "edif": "EAb_base"}, "geometry": {"type": "Polygon", "coordinates": [[[-70.54875193945739, -33.40420260031913], [-70.54886916024797, -33.404326569392985], [-70.5488696738923, -33.40435550896286], [-70.54879011888019, -33.40440956987106], [-70.54876102765311, -33.40439063575049], [-70.5486555632183, -33.404280992801795], [-70.5486723845048, -33.4042566611512], [-70.54875193945739, -33.40420260031913]]]}}, {"type": "Feature", "properties": {"uso": "UV", "edif": "EAb_base"}, "geometry": {"type": "Polygon", "coordinates": [[[-70.54547466375044, -33.404248297132476], [-70.5456655164926, -33.4043086356256], [-70.54562680583815, -33.40439595594905], [-70.54543586750921, -33.40433079413241], [-70.54547466375044, -33.404248297132476]]]}}, {"type": "Feature", "properties": {"uso": "UV", "edif": "EAb_base"}, "geometry": {"type": "Polygon", "coordinates": [[[-70.54157065554642, -33.40430169721169], [-70.5415935694474, -33.40429658812617], [-70.5419110854493, -33.40436500700758], [-70.54188455231242, -33.40449076955504], [-70.54153811653879, -33.404413061316376], [-70.54157065554642, -33.40430169721169]]]}}, {"type": "Feature", "properties": {"uso": "UV", "edif": "EAb_base"}, "geometry": {"type": "Polygon", "coordinates": [[[-70.53344053596082, -33.404407286400534], [-70.53353989310345, -33.40449772072295], [-70.53339268633174, -33.404629797709674], [-70.53328749461933, -33.40453461104225], [-70.53344053596082, -33.404407286400534]]]}}, {"type": "Feature", "properties": {"uso": "UV", "edif": "EAb_base"}, "geometry": {"type": "Polygon", "coordinates": [[[-70.5448148070612, -33.40433370539672], [-70.54467945923405, -33.40448494516588], [-70.54447135739078, -33.40442481990743], [-70.54476220532777, -33.40428611709064], [-70.5448148070612, -33.40433370539672]]]}}, {"type": "Feature", "properties": {"uso": "UV", "edif": "EAb_base"}, "geometry": {"type": "Polygon", "coordinates": [[[-70.5328026463037, -33.40443446724866], [-70.53293717954695, -33.404563062176386], [-70.53261942527799, -33.404808205569296], [-70.53249673056358, -33.404698761431014], [-70.5328026463037, -33.40443446724866]]]}}, {"type": "Feature", "properties": {"uso": "UV", "edif": "EAb_base"}, "geometry": {"type": "Polygon", "coordinates": [[[-70.53314196973963, -33.404435098413664], [-70.53325891503835, -33.40454461297229], [-70.533094119332, -33.40465760962882], [-70.53299442352467, -33.404547881753345], [-70.53314196973963, -33.404435098413664]]]}}, {"type": "Feature", "properties": {"uso": "UV", "edif": "EAb_base"}, "geometry": {"type": "Polygon", "coordinates": [[[-70.5407662827422, -33.404345460742476], [-70.5410606288675, -33.40440452090976], [-70.54104431644096, -33.40445779126551], [-70.54075571992911, -33.404398659651264], [-70.5407662827422, -33.404345460742476]]]}}, {"type": "Feature", "properties": {"uso": "UV", "edif": "EAb_base"}, "geometry": {"type": "Polygon", "coordinates": [[[-70.54043279537235, -33.404349602311925], [-70.54062913949794, -33.40439540740792], [-70.54056929782365, -33.40458912409539], [-70.54038445287698, -33.404543176124626], [-70.54043279537235, -33.404349602311925]]]}}, {"type": "Feature", "properties": {"uso": "UV", "edif": "EAb_base"}, "geometry": {"type": "Polygon", "coordinates": [[[-70.54418756992972, -33.40431256876319], [-70.54443557829084, -33.40435290034244], [-70.54440862201157, -33.40445454696701], [-70.5443799584762, -33.40445972815086], [-70.54416069871726, -33.404419038614755], [-70.54418756992972, -33.40431256876319]]]}}, {"type": "Feature", "properties": {"uso": "UV", "edif": "EAb_base"}, "geometry": {"type": "Polygon", "coordinates": [[[-70.52720266040066, -33.404522832229055], [-70.52750637948427, -33.404789256354185], [-70.52739323983619, -33.40489678512951], [-70.527055696899, -33.4046693718999], [-70.52720266040066, -33.404522832229055]]]}}, {"type": "Feature", "properties": {"uso": "UV", "edif": "EAb_base"}, "geometry": {"type": "Polygon", "coordinates": [[[-70.54954068282127, -33.404250642552796], [-70.54958839377176, -33.40434653318099], [-70.54937135876116, -33.404431257686745], [-70.54932373362814, -33.40434019023138], [-70.54954068282127, -33.404250642552796]]]}}, {"type": "Feature", "properties": {"uso": "UV", "edif": "EAb_base"}, "geometry": {"type": "Polygon", "coordinates": [[[-70.534402873408, -33.40451599556609], [-70.53409653843768, -33.404756177087705], [-70.53399726521754, -33.40467056653493], [-70.53427502075874, -33.404440387416166], [-70.534402873408, -33.40451599556609]]]}}, {"type": "Feature", "properties": {"uso": "UV", "edif": "EAb_base"}, "geometry": {"type": "Polygon", "coordinates": [[[-70.54249730712112, -33.404343246141636], [-70.54282623819587, -33.40440669638937], [-70.5427939565875, -33.40453253060285], [-70.54247068958554, -33.40446418551437], [-70.54249730712112, -33.404343246141636]]]}}, {"type": "Feature", "properties": {"uso": "UV", "edif": "EAb_base"}, "geometry": {"type": "Polygon", "coordinates": [[[-70.54826440861676, -33.404276226669296], [-70.5482759081302, -33.40427608314594], [-70.5484048846406, -33.40441437893715], [-70.54831957950684, -33.404468511321035], [-70.54818493885352, -33.404335110461844], [-70.54826440861676, -33.404276226669296]]]}}, {"type": "Feature", "properties": {"uso": "UV", "edif": "EAb_base"}, "geometry": {"type": "Polygon", "coordinates": [[[-70.53869103547119, -33.404395340301356], [-70.53899172578929, -33.404488097085306], [-70.53892004053952, -33.40466266260864], [-70.53860785007681, -33.40457004829796], [-70.53869103547119, -33.404395340301356]]]}}, {"type": "Feature", "properties": {"uso": "UV", "edif": "EAb_base"}, "geometry": {"type": "Polygon", "coordinates": [[[-70.54925928748429, -33.404273454481185], [-70.54930099148946, -33.40435494725371], [-70.5491010342133, -33.40442980934265], [-70.5490593303535, -33.40434831649949], [-70.54925928748429, -33.404273454481185]]]}}, {"type": "Feature", "properties": {"uso": "UV", "edif": "EAb_base"}, "geometry": {"type": "Polygon", "coordinates": [[[-70.54126136019823, -33.404373081098484], [-70.5415557919083, -33.404436963356446], [-70.54152333804026, -33.404553150735104], [-70.54122899114093, -33.40449409169075], [-70.54126136019823, -33.404373081098484]]]}}, {"type": "Feature", "properties": {"uso": "UV", "edif": "EAb_base"}, "geometry": {"type": "Polygon", "coordinates": [[[-70.548621235869, -33.40429106999881], [-70.54864440608542, -33.40430042940916], [-70.5487616268645, -33.40442439858338], [-70.54868224291656, -33.40448810594936], [-70.5485532658645, -33.404349810463984], [-70.54855309468466, -33.40434016393926], [-70.548621235869, -33.40429106999881]]]}}, {"type": "Feature", "properties": {"uso": "UV", "edif": "EAb_base"}, "geometry": {"type": "Polygon", "coordinates": [[[-70.54483797690983, -33.404343065529595], [-70.54491340703464, -33.40438072083638], [-70.54482989274467, -33.404536139566034], [-70.54481839317826, -33.404536282771005], [-70.54470829351285, -33.40448941045514], [-70.54483797690983, -33.404343065529595]]]}}, {"type": "Feature", "properties": {"uso": "UV", "edif": "EAb_base"}, "geometry": {"type": "Polygon", "coordinates": [[[-70.54631000294499, -33.40432954976315], [-70.54648386351242, -33.40440457178793], [-70.54642824621311, -33.40451140044291], [-70.54624897755257, -33.40445574308477], [-70.54631000294499, -33.40432954976315]]]}}, {"type": "Feature", "properties": {"uso": "UV", "edif": "EAb_base"}, "geometry": {"type": "Polygon", "coordinates": [[[-70.5433546207597, -33.40436635345407], [-70.54369479604634, -33.404415188487796], [-70.54366277165836, -33.40455549271135], [-70.54332251053438, -33.404501834331896], [-70.5433546207597, -33.40436635345407]]]}}, {"type": "Feature", "properties": {"uso": "UV", "edif": "EAb_base"}, "geometry": {"type": "Polygon", "coordinates": [[[-70.54071564174637, -33.404408806101], [-70.54072156184709, -33.4044183812493], [-70.54066738501062, -33.404607203285245], [-70.54059813196571, -33.40459359034523], [-70.54065222379252, -33.404399945054784], [-70.54071564174637, -33.404408806101]]]}}, {"type": "Feature", "properties": {"uso": "UV", "edif": "EAb_base"}, "geometry": {"type": "Polygon", "coordinates": [[[-70.5394677675395, -33.40441464963973], [-70.53976786293946, -33.404473641538836], [-70.53970776398273, -33.404652888017935], [-70.53941891234142, -33.40457928343889], [-70.5394677675395, -33.40441464963973]]]}}, {"type": "Feature", "properties": {"uso": "UV", "edif": "EAb_base"}, "geometry": {"type": "Polygon", "coordinates": [[[-70.54567761404105, -33.40434225522555], [-70.54588005210451, -33.40440727336216], [-70.54584134162779, -33.40449459374633], [-70.54563898881449, -33.40443439882135], [-70.54567761404105, -33.40434225522555]]]}}, {"type": "Feature", "properties": {"uso": "UV", "edif": "EAb_base"}, "geometry": {"type": "Polygon", "coordinates": [[[-70.54302121900122, -33.40437532525728], [-70.54331539593468, -33.404424733477235], [-70.54328860892079, -33.40453602644375], [-70.54298876712004, -33.40449151296385], [-70.54302121900122, -33.40437532525728]]]}}, {"type": "Feature", "properties": {"uso": "UV", "edif": "EAb_base"}, "geometry": {"type": "Polygon", "coordinates": [[[-70.54074456099322, -33.40441809559854], [-70.54081956370442, -33.40443163704389], [-70.54075980759534, -33.40463017709063], [-70.54069055451971, -33.40461656420323], [-70.54074456099322, -33.40441809559854]]]}}, {"type": "Feature", "properties": {"uso": "UV", "edif": "EAb_base"}, "geometry": {"type": "Polygon", "coordinates": [[[-70.54210159527463, -33.40440605793901], [-70.54242486180945, -33.404474404004674], [-70.54239832939085, -33.40460016663961], [-70.54206347759124, -33.404527140191554], [-70.54210159527463, -33.40440605793901]]]}}, {"type": "Feature", "properties": {"uso": "UV", "edif": "EAb_base"}, "geometry": {"type": "Polygon", "coordinates": [[[-70.54605752595262, -33.40436164263555], [-70.54623687976868, -33.40442212354793], [-70.54619241986998, -33.404509515699154], [-70.54601306589996, -33.404449034727584], [-70.54605752595262, -33.40436164263555]]]}}, {"type": "Feature", "properties": {"uso": "UV", "edif": "EAb_base"}, "geometry": {"type": "Polygon", "coordinates": [[[-70.54493649151559, -33.404385257679515], [-70.54504075598972, -33.40442737813597], [-70.54495157749461, -33.40458769182402], [-70.54485306264947, -33.40454549969418], [-70.54493649151559, -33.404385257679515]]]}}, {"type": "Feature", "properties": {"uso": "UV", "edif": "EAb_base"}, "geometry": {"type": "Polygon", "coordinates": [[[-70.54816219651495, -33.40434986728088], [-70.5482968371582, -33.40448326816478], [-70.54821161746044, -33.40454222374062], [-70.54808272661498, -33.40440875101118], [-70.54816219651495, -33.40434986728088]]]}}, {"type": "Feature", "properties": {"uso": "UV", "edif": "EAb_base"}, "geometry": {"type": "Polygon", "coordinates": [[[-70.54084848296901, -33.404440926516635], [-70.541038907353, -33.404477155810106], [-70.54101718580465, -33.40454979070685], [-70.54100002159447, -33.40455482826338], [-70.54082676126856, -33.40451356138473], [-70.54084848296901, -33.404440926516635]]]}}, {"type": "Feature", "properties": {"uso": "UV", "edif": "EAb_base"}, "geometry": {"type": "Polygon", "coordinates": [[[-70.52889530313979, -33.40495547135621], [-70.52823525238264, -33.40503114539785], [-70.52808101967, -33.405090937536514], [-70.527885953768, -33.40478940625195], [-70.52823432919868, -33.40465003322629], [-70.52879688349202, -33.404590033844215], [-70.52889530313979, -33.40495547135621]]]}}, {"type": "Feature", "properties": {"uso": "UV", "edif": "EAb_base"}, "geometry": {"type": "Polygon", "coordinates": [[[-70.54852468823701, -33.4043598158602], [-70.5486594150307, -33.40449803959594], [-70.54857994534851, -33.40455692363773], [-70.54844521858244, -33.40441869981589], [-70.54852468823701, -33.4043598158602]]]}}, {"type": "Feature", "properties": {"uso": "UV", "edif": "EAb_base"}, "geometry": {"type": "Polygon", "coordinates": [[[-70.54157896145999, -33.404446324107276], [-70.54187914341071, -33.404510134130895], [-70.54184102537624, -33.40463121632325], [-70.54154650762008, -33.404562511491044], [-70.54157896145999, -33.404446324107276]]]}}, {"type": "Feature", "properties": {"uso": "UV", "edif": "EAb_base"}, "geometry": {"type": "Polygon", "coordinates": [[[-70.53442621188765, -33.40453500426313], [-70.53467599846954, -33.404676644639984], [-70.53450587868055, -33.404813830726546], [-70.53429574708227, -33.40463792915401], [-70.53442621188765, -33.40453500426313]]]}}, {"type": "Feature", "properties": {"uso": "UV", "edif": "EAb_base"}, "geometry": {"type": "Polygon", "coordinates": [[[-70.53360407343406, -33.404549995090306], [-70.5336975115493, -33.404630853765674], [-70.53348206968882, -33.40480719354949], [-70.53343530823038, -33.404764352492954], [-70.53343471493965, -33.40473058941816], [-70.53346870535468, -33.4047012231848], [-70.53346802729506, -33.40466263681379], [-70.53360407343406, -33.404549995090306]]]}}, {"type": "Feature", "properties": {"uso": "UV", "edif": "EAb_base"}, "geometry": {"type": "Polygon", "coordinates": [[[-70.532971763179, -33.40456745915894], [-70.53307712407042, -33.404672292696915], [-70.5329239122757, -33.404789970318284], [-70.53281280158977, -33.40468520769716], [-70.532971763179, -33.40456745915894]]]}}, {"type": "Feature", "properties": {"uso": "UV", "edif": "EAb_base"}, "geometry": {"type": "Polygon", "coordinates": [[[-70.54960023587847, -33.40436568257452], [-70.54965369672672, -33.4044615013484], [-70.54943666150281, -33.40454622597333], [-70.54938320083336, -33.4044504071018], [-70.54960023587847, -33.40436568257452]]]}}, {"type": "Feature", "properties": {"uso": "UV", "edif": "EAb_base"}, "geometry": {"type": "Polygon", "coordinates": [[[-70.53901489509917, -33.40449745832258], [-70.53924024312974, -33.40455737880897], [-70.5391038991277, -33.404978787989194], [-70.53885529561448, -33.40490468274413], [-70.53901489509917, -33.40449745832258]]]}}, {"type": "Feature", "properties": {"uso": "UV", "edif": "EAb_base"}, "geometry": {"type": "Polygon", "coordinates": [[[-70.54931283353542, -33.40437409667645], [-70.54935462327641, -33.40446041268731], [-70.54915458018803, -33.40453045160627], [-70.54911287622699, -33.40444895878522], [-70.54931283353542, -33.40437409667645]]]}}, {"type": "Feature", "properties": {"uso": "UV", "edif": "EAb_base"}, "geometry": {"type": "Polygon", "coordinates": [[[-70.5444370294549, -33.404434895961586], [-70.54461621165031, -33.40448573270233], [-70.544515447357, -33.40464136601374], [-70.54439418957577, -33.40461392968127], [-70.5444370294549, -33.404434895961586]]]}}, {"type": "Feature", "properties": {"uso": "UV", "edif": "EAb_base"}, "geometry": {"type": "Polygon", "coordinates": [[[-70.54415529032863, -33.404438403275456], [-70.54440338439862, -33.40448355818034], [-70.54437101969823, -33.404604569466585], [-70.54414566840094, -33.40454465840818], [-70.54413348605925, -33.40450621537136], [-70.54415529032863, -33.404438403275456]]]}}, {"type": "Feature", "properties": {"uso": "UV", "edif": "EAb_base"}, "geometry": {"type": "Polygon", "coordinates": [[[-70.53324234354962, -33.404583412546685], [-70.53340596580524, -33.40473094479021], [-70.53340647433058, -33.40475988456902], [-70.53331008322223, -33.40483826553185], [-70.53312887248516, -33.404671653160555], [-70.53324234354962, -33.404583412546685]]]}}, {"type": "Feature", "properties": {"uso": "UV", "edif": "EAb_base"}, "geometry": {"type": "Polygon", "coordinates": [[[-70.54516244070146, -33.4044789301887], [-70.54517419646943, -33.404493256761924], [-70.54507326238472, -33.404639243958044], [-70.54506176280603, -33.40463938718596], [-70.54497474742544, -33.40459705192858], [-70.54506401128357, -33.404441561495304], [-70.54516244070146, -33.4044789301887]]]}}, {"type": "Feature", "properties": {"uso": "UV", "edif": "EAb_base"}, "geometry": {"type": "Polygon", "coordinates": [[[-70.54245953103023, -33.40448362160504], [-70.54278279809729, -33.40455196672057], [-70.54276193070592, -33.40467283463406], [-70.54242141381863, -33.40460470395283], [-70.54245953103023, -33.40448362160504]]]}}, {"type": "Feature", "properties": {"uso": "UV", "edif": "EAb_base"}, "geometry": {"type": "Polygon", "coordinates": [[[-70.53978012847548, -33.40451690834218], [-70.53995913817046, -33.40455810532003], [-70.5399156931917, -33.40470337478257], [-70.53973659811005, -33.404657354468696], [-70.53978012847548, -33.40451690834218]]]}}, {"type": "Feature", "properties": {"uso": "UV", "edif": "EAb_base"}, "geometry": {"type": "Polygon", "coordinates": [[[-70.54805989867675, -33.404418684548894], [-70.54818878950356, -33.404552157302454], [-70.54810931944355, -33.40461104105273], [-70.54797459331513, -33.404472816701734], [-70.54805989867675, -33.404418684548894]]]}}, {"type": "Feature", "properties": {"uso": "UV", "edif": "EAb_base"}, "geometry": {"type": "Polygon", "coordinates": [[[-70.54562783098021, -33.404453835176774], [-70.5458301838322, -33.40451403011869], [-70.54578597979062, -33.404615891941354], [-70.54559487001053, -33.40454108385137], [-70.54562783098021, -33.404453835176774]]]}}, {"type": "Feature", "properties": {"uso": "UV", "edif": "EAb_base"}, "geometry": {"type": "Polygon", "coordinates": [[[-70.54121783230087, -33.40451352767764], [-70.54141417716039, -33.404559331507215], [-70.54135433714708, -33.404753048521776], [-70.54116966185002, -33.404716748301865], [-70.54121783230087, -33.40451352767764]]]}}, {"type": "Feature", "properties": {"uso": "UV", "edif": "EAb_base"}, "geometry": {"type": "Polygon", "coordinates": [[[-70.52704453482889, -33.40468880670159], [-70.5273704936835, -33.40491153823898], [-70.52727477213028, -33.40502850114844], [-70.52692065458692, -33.40483988641627], [-70.52704453482889, -33.40468880670159]]]}}, {"type": "Feature", "properties": {"uso": "UV", "edif": "EAb_base"}, "geometry": {"type": "Polygon", "coordinates": [[[-70.54597298837517, -33.40445918285931], [-70.5461812621521, -33.404528952100854], [-70.54614255193171, -33.40461627257028], [-70.5459341925259, -33.40454168000158], [-70.54597298837517, -33.40445918285931]]]}}, {"type": "Feature", "properties": {"uso": "UV", "edif": "EAb_base"}, "geometry": {"type": "Polygon", "coordinates": [[[-70.54841672650198, -33.404433528450724], [-70.54843998232045, -33.40444771116116], [-70.54855720302344, -33.40457168052841], [-70.54847189783868, -33.40462581301745], [-70.54833725670659, -33.404492412340595], [-70.54841672650198, -33.404433528450724]]]}}, {"type": "Feature", "properties": {"uso": "UV", "edif": "EAb_base"}, "geometry": {"type": "Polygon", "coordinates": [[[-70.54082135212897, -33.40453292592116], [-70.54100611208364, -33.404574049955464], [-70.5409734019176, -33.40467576737215], [-70.540788641759, -33.404634643295495], [-70.54082135212897, -33.40453292592116]]]}}, {"type": "Feature", "properties": {"uso": "UV", "edif": "EAb_base"}, "geometry": {"type": "Polygon", "coordinates": [[[-70.54623781985389, -33.40447517949117], [-70.54641717402093, -33.40453566013142], [-70.54637837856632, -33.40461815740055], [-70.54619335993127, -33.404562571642764], [-70.54623781985389, -33.40447517949117]]]}}, {"type": "Feature", "properties": {"uso": "UV", "edif": "EAb_base"}, "geometry": {"type": "Polygon", "coordinates": [[[-70.54464513130118, -33.40449502127753], [-70.54474939577801, -33.40453714197849], [-70.54463713208304, -33.40469291858054], [-70.54453861725887, -33.40465072620067], [-70.54464513130118, -33.40449502127753]]]}}, {"type": "Feature", "properties": {"uso": "UV", "edif": "EAb_base"}, "geometry": {"type": "Polygon", "coordinates": [[[-70.54298352903076, -33.40452052413066], [-70.54301219268207, -33.40451534326665], [-70.54327753584127, -33.40456028587702], [-70.54325091934018, -33.404681225383975], [-70.54295682684777, -33.404636640311736], [-70.54298352903076, -33.40452052413066]]]}}, {"type": "Feature", "properties": {"uso": "UV", "edif": "EAb_base"}, "geometry": {"type": "Polygon", "coordinates": [[[-70.53926907720579, -33.40456184537009], [-70.53949442556024, -33.40462176538425], [-70.53936383254083, -33.405043103457146], [-70.5391269835101, -33.40498332591741], [-70.53926907720579, -33.40456184537009]]]}}, {"type": "Feature", "properties": {"uso": "UV", "edif": "EAb_base"}, "geometry": {"type": "Polygon", "coordinates": [[[-70.54331710195382, -33.40452119896128], [-70.5436573631511, -33.40457485735336], [-70.54362525333559, -33.40471033829388], [-70.54328490632282, -33.4046518565553], [-70.54331710195382, -33.40452119896128]]]}}, {"type": "Feature", "properties": {"uso": "UV", "edif": "EAb_base"}, "geometry": {"type": "Polygon", "coordinates": [[[-70.53998222247868, -33.40456264309125], [-70.54016689702489, -33.40459894510376], [-70.54012928731285, -33.404748966524885], [-70.53993877753673, -33.40470791256075], [-70.53998222247868, -33.40456264309125]]]}}, {"type": "Feature", "properties": {"uso": "UV", "edif": "EAb_base"}, "geometry": {"type": "Polygon", "coordinates": [[[-70.54520311617694, -33.40450254520525], [-70.54529013156565, -33.40454488030254], [-70.54529613758, -33.40455927848719], [-70.54517786884684, -33.40470065736639], [-70.5450907679513, -33.40465349892425], [-70.54520311617694, -33.40450254520525]]]}}, {"type": "Feature", "properties": {"uso": "UV", "edif": "EAb_base"}, "geometry": {"type": "Polygon", "coordinates": [[[-70.54205240416759, -33.40455139952525], [-70.5423929205983, -33.404619531234474], [-70.54235480324172, -33.404740613563604], [-70.54202578595965, -33.40467233881808], [-70.54205240416759, -33.40455139952525]]]}}, {"type": "Feature", "properties": {"uso": "UV", "edif": "EAb_base"}, "geometry": {"type": "Polygon", "coordinates": [[[-70.53371510009163, -33.40464993368668], [-70.53381445779651, -33.40474036776971], [-70.53359326608052, -33.40491677883757], [-70.53350532329539, -33.40482137912628], [-70.53371510009163, -33.40464993368668]]]}}, {"type": "Feature", "properties": {"uso": "UV_base", "edif": "EAb_base"}, "geometry": {"type": "Polygon", "coordinates": [[[-70.5386140250864, -33.404594093407354], [-70.53891471602384, -33.40468685035786], [-70.53883212621056, -33.40489532148025], [-70.53854310433736, -33.404812068296806], [-70.53853100943739, -33.40477844792641], [-70.5386140250864, -33.404594093407354]]]}}, {"type": "Feature", "properties": {"uso": "UV", "edif": "EAb_base"}, "geometry": {"type": "Polygon", "coordinates": [[[-70.54144301132779, -33.404563797559696], [-70.54160468721109, -33.40460038319526], [-70.54154484760012, -33.40479410028919], [-70.54138325657148, -33.40476233786466], [-70.54144301132779, -33.404563797559696]]]}}, {"type": "Feature", "properties": {"uso": "UV", "edif": "EAb_base"}, "geometry": {"type": "Polygon", "coordinates": [[[-70.53426725239443, -33.40465275460849], [-70.53447738397412, -33.404828656229526], [-70.53431850883896, -33.40495122994264], [-70.53411412709136, -33.40477525694853], [-70.53426725239443, -33.40465275460849]]]}}, {"type": "Feature", "properties": {"uso": "UV", "edif": "EAb_base"}, "geometry": {"type": "Polygon", "coordinates": [[[-70.54795193646162, -33.40449239674754], [-70.54808649145657, -33.404620974596476], [-70.54800135704056, -33.40468475329785], [-70.54797235144174, -33.40467064225422], [-70.54786105228881, -33.40455624710042], [-70.54795193646162, -33.40449239674754]]]}}, {"type": "Feature", "properties": {"uso": "UV", "edif": "EAb_base"}, "geometry": {"type": "Polygon", "coordinates": [[[-70.54936646534921, -33.40447956210384], [-70.54941391933181, -33.404560983016886], [-70.54921404732241, -33.40464066855696], [-70.54916650785232, -33.404554424303505], [-70.54936646534921, -33.40447956210384]]]}}, {"type": "Feature", "properties": {"uso": "UV", "edif": "EAb_base"}, "geometry": {"type": "Polygon", "coordinates": [[[-70.53310604266474, -33.404681583995995], [-70.53328725338098, -33.40484819640104], [-70.5332136071964, -33.40491182312696], [-70.533115436231, -33.40488891471135], [-70.5329983211643, -33.40476975343659], [-70.53310604266474, -33.404681583995995]]]}}, {"type": "Feature", "properties": {"uso": "UV", "edif": "EAb_base"}, "geometry": {"type": "Polygon", "coordinates": [[[-70.54477823007709, -33.40454160725084], [-70.54487099509778, -33.40458387104619], [-70.54475898771238, -33.404754117564785], [-70.54467197235334, -33.4047117820948], [-70.54466596642925, -33.40469738387759], [-70.54477823007709, -33.40454160725084]]]}}, {"type": "Feature", "properties": {"uso": "UV", "edif": "EAb_base"}, "geometry": {"type": "Polygon", "coordinates": [[[-70.549665624516, -33.40448547399419], [-70.54971325008606, -33.40457654130363], [-70.54949621464264, -33.40466126603787], [-70.54944850360572, -33.404565375380926], [-70.549665624516, -33.40448547399419]]]}}, {"type": "Feature", "properties": {"uso": "UV", "edif": "EAb_base"}, "geometry": {"type": "Polygon", "coordinates": [[[-70.54831442877777, -33.40450234592483], [-70.54844915547703, -33.40464056988921], [-70.54836968552152, -33.40469945380277], [-70.54822920907426, -33.40456130151279], [-70.54831442877777, -33.40450234592483]]]}}, {"type": "Feature", "properties": {"uso": "UV", "edif": "EAb_base"}, "geometry": {"type": "Polygon", "coordinates": [[[-70.5488378291116, -33.40450546080693], [-70.54886674917829, -33.40451474838454], [-70.54897238539377, -33.40463403765624], [-70.54888725163795, -33.40469781694731], [-70.54885824589992, -33.40468370611516], [-70.54874694560054, -33.404569311790596], [-70.5488378291116, -33.40450546080693]]]}}, {"type": "Feature", "properties": {"uso": "UV", "edif": "EAb_base"}, "geometry": {"type": "Polygon", "coordinates": [[[-70.53279589099444, -33.40470471402604], [-70.53289533256716, -33.40479997216771], [-70.53273045118397, -33.40490814506595], [-70.5326369289161, -33.40482246235023], [-70.53279589099444, -33.40470471402604]]]}}, {"type": "Feature", "properties": {"uso": "UV", "edif": "EAb_base"}, "geometry": {"type": "Polygon", "coordinates": [[[-70.54162777160369, -33.40460492065738], [-70.54182986665849, -33.4046506523614], [-70.54177002752202, -33.4048443695491], [-70.54157376705678, -33.40480338958662], [-70.54162777160369, -33.40460492065738]]]}}, {"type": "Feature", "properties": {"uso": "UV", "edif": "EAb_base"}, "geometry": {"type": "Polygon", "coordinates": [[[-70.53952334476017, -33.40463105516795], [-70.53975435815347, -33.40468608005947], [-70.53961784628476, -33.40509784316687], [-70.53957742725127, -33.405088696131926], [-70.53965418050784, -33.404875472646744], [-70.53945783574058, -33.40482966602693], [-70.53952334476017, -33.40463105516795]]]}}, {"type": "Feature", "properties": {"uso": "UV", "edif": "EAb_base"}, "geometry": {"type": "Polygon", "coordinates": [[[-70.54533080710546, -33.40456849527508], [-70.54541215825026, -33.40461572517799], [-70.54541816428984, -33.40463012335587], [-70.54529414587041, -33.40477157397181], [-70.54520678862434, -33.40470994580657], [-70.54531364316512, -33.404573533421534], [-70.54533080710546, -33.40456849527508]]]}}, {"type": "Feature", "properties": {"uso": "UV", "edif": "EAb_base"}, "geometry": {"type": "Polygon", "coordinates": [[[-70.54592312019102, -33.40456593964993], [-70.54613139418986, -33.404635708967895], [-70.54609259842074, -33.4047182061554], [-70.54588440969407, -33.40465326004616], [-70.54592312019102, -33.40456593964993]]]}}, {"type": "Feature", "properties": {"uso": "UV", "edif": "EAb_base"}, "geometry": {"type": "Polygon", "coordinates": [[[-70.5449114143798, -33.40459301634739], [-70.54502159967572, -33.404644711745476], [-70.54488659331099, -33.40481524481803], [-70.54478799285047, -33.40476822937394], [-70.54489416501954, -33.40459323116611], [-70.5449114143798, -33.40459301634739]]]}}, {"type": "Feature", "properties": {"uso": "UV", "edif": "EAb_base"}, "geometry": {"type": "Polygon", "coordinates": [[[-70.54241600503101, -33.404624068548536], [-70.5427508574622, -33.40469709402452], [-70.54272981946055, -33.404808315381636], [-70.54270690550148, -33.404813424678636], [-70.54237788770503, -33.40474515088381], [-70.54241600503101, -33.404624068548536]]]}}, {"type": "Feature", "properties": {"uso": "UV", "edif": "EAb_base"}, "geometry": {"type": "Polygon", "coordinates": [[[-70.5278517080362, -33.404804301082414], [-70.52805827358942, -33.405105690769815], [-70.52795012403314, -33.405169739438016], [-70.52768081695072, -33.40489806833446], [-70.5278517080362, -33.404804301082414]]]}}, {"type": "Feature", "properties": {"uso": "UV", "edif": "EAb_base"}, "geometry": {"type": "Polygon", "coordinates": [[[-70.54618795198984, -33.40458193637895], [-70.54636730634775, -33.40464241708499], [-70.54632293194629, -33.404734632546614], [-70.54614357742433, -33.40467415178184], [-70.54618795198984, -33.40458193637895]]]}}, {"type": "Feature", "properties": {"uso": "UV", "edif": "EAb_base"}, "geometry": {"type": "Polygon", "coordinates": [[[-70.54783256005958, -33.40457107560488], [-70.54787332181913, -33.40459951298701], [-70.54797295035445, -33.404704405098165], [-70.54788215153737, -33.40477307873384], [-70.54776501703252, -33.40465393197649], [-70.54777008243461, -33.40461527412596], [-70.54783256005958, -33.40457107560488]]]}}, {"type": "Feature", "properties": {"uso": "UV", "edif": "EAb_base"}, "geometry": {"type": "Polygon", "coordinates": [[[-70.54820071690948, -33.404576130100054], [-70.54821805181153, -33.40458073808472], [-70.54834119333776, -33.40471428242261], [-70.54826738745538, -33.4047682712453], [-70.54812691105012, -33.40463011883945], [-70.54820071690948, -33.404576130100054]]]}}, {"type": "Feature", "properties": {"uso": "UV", "edif": "EAb_base"}, "geometry": {"type": "Polygon", "coordinates": [[[-70.533936984604, -33.40484016396439], [-70.53375544839321, -33.40498231455285], [-70.53371460609097, -33.40494904911001], [-70.53361660450071, -33.40493578768775], [-70.533831961609, -33.40475462437694], [-70.533936984604, -33.40484016396439]]]}}, {"type": "Feature", "properties": {"uso": "UV", "edif": "EAb_base"}, "geometry": {"type": "Polygon", "coordinates": [[[-70.54872411770168, -33.40457924544937], [-70.54885300976369, -33.40471271747317], [-70.54877354002764, -33.40477160163889], [-70.5486388982136, -33.40463820131232], [-70.54872411770168, -33.40457924544937]]]}}, {"type": "Feature", "properties": {"uso": "UV", "edif": "EAb_base"}, "geometry": {"type": "Polygon", "coordinates": [[[-70.54035242309179, -33.40468347964462], [-70.54051984860654, -33.40471999530476], [-70.5404874784037, -33.404841005730134], [-70.54030271809154, -33.40479988093408], [-70.540329764418, -33.40470305834797], [-70.54035242309179, -33.40468347964462]]]}}, {"type": "Feature", "properties": {"uso": "UV", "edif": "EAb_base"}, "geometry": {"type": "Polygon", "coordinates": [[[-70.53493609776368, -33.40475061609656], [-70.53517523462271, -33.404940630636276], [-70.53471552060273, -33.405288847227624], [-70.53465717374978, -33.40524132563671], [-70.53486111449865, -33.40506512614477], [-70.53470349352565, -33.404931994662995], [-70.53493609776368, -33.40475061609656]]]}}, {"type": "Feature", "properties": {"uso": "UV", "edif": "EAb_base"}, "geometry": {"type": "Polygon", "coordinates": [[[-70.54295141817825, -33.40465600492735], [-70.54323984623325, -33.404705484814194], [-70.5432132296435, -33.40482642431309], [-70.54291905139421, -33.40477701589111], [-70.54295141817825, -33.40465600492735]]]}}, {"type": "Feature", "properties": {"uso": "UV", "edif": "EAb_base"}, "geometry": {"type": "Polygon", "coordinates": [[[-70.53977752759283, -33.40469544115013], [-70.54012387800475, -33.40476833103504], [-70.54008077370666, -33.404932893670505], [-70.53972850264073, -33.40485042848777], [-70.53977752759283, -33.40469544115013]]]}}, {"type": "Feature", "properties": {"uso": "UV", "edif": "EAb_base"}, "geometry": {"type": "Polygon", "coordinates": [[[-70.53341831300804, -33.404779035606516], [-70.53358802483096, -33.40494578969568], [-70.5331392107518, -33.4052600953838], [-70.53304560296799, -33.40516958970628], [-70.53325546625547, -33.40500296830053], [-70.53336615411133, -33.40508361401173], [-70.53321394617302, -33.40493111631403], [-70.53341831300804, -33.404779035606516]]]}}, {"type": "Feature", "properties": {"uso": "UV", "edif": "EAb_base"}, "geometry": {"type": "Polygon", "coordinates": [[[-70.52690374261309, -33.404859391979564], [-70.52725786020272, -33.40504800675824], [-70.52717380691958, -33.40517447463628], [-70.52680844242595, -33.40500047110171], [-70.52690374261309, -33.404859391979564]]]}}, {"type": "Feature", "properties": {"uso": "UV", "edif": "EAb_base"}, "geometry": {"type": "Polygon", "coordinates": [[[-70.54942584707085, -33.404584955686886], [-70.54947338681112, -33.404671199832656], [-70.54927342898054, -33.404746062212496], [-70.54922588939098, -33.404659817986584], [-70.54942584707085, -33.404584955686886]]]}}, {"type": "Feature", "properties": {"uso": "UV", "edif": "EAb_base"}, "geometry": {"type": "Polygon", "coordinates": [[[-70.54544708406696, -33.40463941174004], [-70.54554027661995, -33.40470579136697], [-70.54539892347732, -33.404842633721906], [-70.54531165149925, -33.40478582890474], [-70.54544708406696, -33.40463941174004]]]}}, {"type": "Feature", "properties": {"uso": "UV", "edif": "EAb_base"}, "geometry": {"type": "Polygon", "coordinates": [[[-70.54327949772592, -33.4046712211831], [-70.54361409501249, -33.4047297744812], [-70.54358207039905, -33.4048700786841], [-70.54324747258849, -33.404811525315715], [-70.54327949772592, -33.4046712211831]]]}}, {"type": "Feature", "properties": {"uso": "UV", "edif": "EAb_base"}, "geometry": {"type": "Polygon", "coordinates": [[[-70.54504476962893, -33.404654071836234], [-70.54514929068715, -33.40471066199872], [-70.54500269947457, -33.40487651515759], [-70.54491559848923, -33.40482935659603], [-70.54491542770829, -33.40481971005546], [-70.54504476962893, -33.404654071836234]]]}}, {"type": "Feature", "properties": {"uso": "UV", "edif": "EAb_base"}, "geometry": {"type": "Polygon", "coordinates": [[[-70.54201462727886, -33.40469177487169], [-70.5421878032169, -33.40472821678684], [-70.5421279648361, -33.404921934123635], [-70.54196045311842, -33.404880597389074], [-70.54201462727886, -33.40469177487169]]]}}, {"type": "Feature", "properties": {"uso": "UV", "edif": "EAb_base"}, "geometry": {"type": "Polygon", "coordinates": [[[-70.54054293298285, -33.40472453296944], [-70.54068718909627, -33.4047516874547], [-70.54062253420894, -33.40499853165074], [-70.54047827770127, -33.404971377102434], [-70.54054293298285, -33.40472453296944]]]}}, {"type": "Feature", "properties": {"uso": "UV", "edif": "EAb_base"}, "geometry": {"type": "Polygon", "coordinates": [[[-70.54409073086833, -33.4046900722754], [-70.54437400729903, -33.40477338397363], [-70.54435280064439, -33.404874959002804], [-70.54432988677527, -33.40488006859739], [-70.54405295723375, -33.404830448147244], [-70.54409073086833, -33.4046900722754]]]}}, {"type": "Feature", "properties": {"uso": "UV", "edif": "EAb_base"}, "geometry": {"type": "Polygon", "coordinates": [[[-70.54810416862642, -33.40464487564965], [-70.54824464502146, -33.404783028081305], [-70.54815942500244, -33.40484198362799], [-70.54801894863965, -33.40470383109991], [-70.54810416862642, -33.40464487564965]]]}}, {"type": "Feature", "properties": {"uso": "UV", "edif": "EAb_base"}, "geometry": {"type": "Polygon", "coordinates": [[[-70.54587325188936, -33.404672696422246], [-70.5460815261101, -33.40474246581661], [-70.54602616446806, -33.4048637641091], [-70.54584587000592, -33.40475022696783], [-70.54587325188936, -33.404672696422246]]]}}, {"type": "Feature", "properties": {"uso": "UV", "edif": "EAb_base"}, "geometry": {"type": "Polygon", "coordinates": [[[-70.5486104060977, -33.404653029992254], [-70.5486277410345, -33.404657637918525], [-70.54875079768229, -33.40478635856526], [-70.54866557801638, -33.40484531444996], [-70.54853085065437, -33.4047070907441], [-70.5486104060977, -33.404653029992254]]]}}, {"type": "Feature", "properties": {"uso": "UV", "edif": "EAb_base"}, "geometry": {"type": "Polygon", "coordinates": [[[-70.5422108876695, -33.404732754138486], [-70.542349394432, -33.404759978156655], [-70.54229539145797, -33.40495844735099], [-70.54215104933772, -33.40492647148491], [-70.5422108876695, -33.404732754138486]]]}}, {"type": "Feature", "properties": {"uso": "UV", "edif": "EAb_base"}, "geometry": {"type": "Polygon", "coordinates": [[[-70.52765807084847, -33.4049128214953], [-70.5279216280379, -33.405184563468936], [-70.52783106570028, -33.405267692809545], [-70.52751076978535, -33.405040068455705], [-70.52765807084847, -33.4049128214953]]]}}, {"type": "Feature", "properties": {"uso": "UV", "edif": "EAb_base"}, "geometry": {"type": "Polygon", "coordinates": [[[-70.54898422740929, -33.4046531871105], [-70.54911329121668, -33.40479630536928], [-70.54909646995772, -33.40482063707711], [-70.54903390720746, -33.40486001295905], [-70.54889926486487, -33.404726612932386], [-70.54889909364435, -33.404716966409815], [-70.54898422740929, -33.4046531871105]]]}}, {"type": "Feature", "properties": {"uso": "UV", "edif": "EAb_base"}, "geometry": {"type": "Polygon", "coordinates": [[[-70.54071610845551, -33.40476097695521], [-70.54085470003074, -33.40479302593429], [-70.54078421060487, -33.40503511834021], [-70.5406456186641, -33.405003069293834], [-70.54071610845551, -33.40476097695521]]]}}, {"type": "Feature", "properties": {"uso": "UV", "edif": "EAb_base"}, "geometry": {"type": "Polygon", "coordinates": [[[-70.54613250513313, -33.4046984114472], [-70.54631185969865, -33.404758892226546], [-70.54627306405246, -33.40484138946559], [-70.54609379479507, -33.40478573190264], [-70.54613250513313, -33.4046984114472]]]}}, {"type": "Feature", "properties": {"uso": "UV", "edif": "EAb_base"}, "geometry": {"type": "Polygon", "coordinates": [[[-70.54517246067087, -33.40472002206462], [-70.54527148832045, -33.40479115354656], [-70.54511314139143, -33.404942680269706], [-70.54502586948846, -33.404885875249846], [-70.54517246067087, -33.40472002206462]]]}}, {"type": "Feature", "properties": {"uso": "UV", "edif": "EAb_base"}, "geometry": {"type": "Polygon", "coordinates": [[[-70.54556353206725, -33.40471997462757], [-70.5456508895654, -33.40478160253388], [-70.54549786602448, -33.40490894174346], [-70.54541642913739, -33.404856888638996], [-70.54556353206725, -33.40471997462757]]]}}, {"type": "Feature", "properties": {"uso": "UV", "edif": "EAb_base"}, "geometry": {"type": "Polygon", "coordinates": [[[-70.53396040786049, -33.40486399604371], [-70.53405393143389, -33.40494967772247], [-70.5339065551644, -33.405072108719445], [-70.53386081072057, -33.40508714737711], [-70.53376728717808, -33.40500146555333], [-70.53396040786049, -33.40486399604371]]]}}, {"type": "Feature", "properties": {"uso": "UV", "edif": "EAb_base"}, "geometry": {"type": "Polygon", "coordinates": [[[-70.54237247890025, -33.404764515477716], [-70.54251682082077, -33.40479649109224], [-70.5424627329559, -33.404990137072325], [-70.54231847597674, -33.40496298468053], [-70.54237247890025, -33.404764515477716]]]}}, {"type": "Feature", "properties": {"uso": "UV", "edif": "EAb_base"}, "geometry": {"type": "Polygon", "coordinates": [[[-70.54088353425252, -33.40479749211529], [-70.54101637612733, -33.40482961233041], [-70.54095163695742, -33.40507163339091], [-70.54080729507696, -33.40503965595266], [-70.54088353425252, -33.40479749211529]]]}}, {"type": "Feature", "properties": {"uso": "UV", "edif": "EAb_base"}, "geometry": {"type": "Polygon", "coordinates": [[[-70.54948531458258, -33.40469517249562], [-70.54955662441282, -33.404824538664414], [-70.54940249339367, -33.404889180150604], [-70.54934473854628, -33.40487542850996], [-70.54928527107718, -33.40476521163534], [-70.54948531458258, -33.40469517249562]]]}}, {"type": "Feature", "properties": {"uso": "UV", "edif": "EAb_base"}, "geometry": {"type": "Polygon", "coordinates": [[[-70.54799045639157, -33.40471865964092], [-70.54800779131236, -33.40472326765438], [-70.54813668253074, -33.40485674044509], [-70.54806287639991, -33.40491072915201], [-70.54800520728514, -33.40490180014507], [-70.54789974312966, -33.40479215655278], [-70.54799045639157, -33.40471865964092]]]}}, {"type": "Feature", "properties": {"uso": "UV", "edif": "EAb_base"}, "geometry": {"type": "Polygon", "coordinates": [[[-70.54850810828252, -33.404721847626796], [-70.54864275003672, -33.40485524809568], [-70.54856336561967, -33.404918955395104], [-70.54842288850703, -33.40478080334823], [-70.54850810828252, -33.404721847626796]]]}}, {"type": "Feature", "properties": {"uso": "UV", "edif": "EAb_base"}, "geometry": {"type": "Polygon", "coordinates": [[[-70.5402973939548, -33.404824068731415], [-70.54048206917086, -33.40486037025351], [-70.54045510811756, -33.40496201614735], [-70.54027051782832, -33.40493053787231], [-70.5402973939548, -33.404824068731415]]]}}, {"type": "Feature", "properties": {"uso": "UV", "edif": "EAb_base"}, "geometry": {"type": "Polygon", "coordinates": [[[-70.54291364270881, -33.40479638050514], [-70.5435709120472, -33.40488951486791], [-70.54353914326099, -33.40504428887962], [-70.54289286073397, -33.40492207170734], [-70.54291364270881, -33.40479638050514]]]}}, {"type": "Feature", "properties": {"uso": "UV", "edif": "EAb_base"}, "geometry": {"type": "Polygon", "coordinates": [[[-70.54253990530619, -33.40480102838159], [-70.54271883146123, -33.40483739804475], [-70.542675732066, -33.4050019614409], [-70.54264732403004, -33.40502161205784], [-70.54248581749057, -33.40499467437022], [-70.54253990530619, -33.40480102838159]]]}}, {"type": "Feature", "properties": {"uso": "UV", "edif": "EAb_base"}, "geometry": {"type": "Polygon", "coordinates": [[[-70.52890139101758, -33.4049746937168], [-70.52878774207291, -33.40538133958421], [-70.52866132915369, -33.4053877217674], [-70.52855141019928, -33.40502242577949], [-70.52890139101758, -33.4049746937168]]]}}, {"type": "Feature", "properties": {"uso": "UV", "edif": "EAb_base"}, "geometry": {"type": "Polygon", "coordinates": [[[-70.54887060154996, -33.40473179514881], [-70.54901116488567, -33.404874769932356], [-70.54893169511737, -33.40493365419912], [-70.54879121741392, -33.404795502587284], [-70.54887060154996, -33.40473179514881]]]}}, {"type": "Feature", "properties": {"uso": "UV", "edif": "EAb_base"}, "geometry": {"type": "Polygon", "coordinates": [[[-70.54439726258413, -33.40478756745771], [-70.5445246118876, -33.4048342252752], [-70.54444787069, -33.4050474514332], [-70.54433819734969, -33.405024695162204], [-70.54439726258413, -33.40478756745771]]]}}, {"type": "Feature", "properties": {"uso": "UV", "edif": "EAb_base"}, "geometry": {"type": "Polygon", "coordinates": [[[-70.53945242627798, -33.404849030511954], [-70.53962560160636, -33.40488547602573], [-70.5395544279158, -33.40508898157139], [-70.53938691695194, -33.40504764133605], [-70.53945242627798, -33.404849030511954]]]}}, {"type": "Feature", "properties": {"uso": "UV", "edif": "EAb_base"}, "geometry": {"type": "Polygon", "coordinates": [[[-70.53320270072248, -33.404945728334276], [-70.53324362758075, -33.40498381724799], [-70.53302809919349, -33.4051553329877], [-70.53292891124593, -33.40507454486532], [-70.5330988646185, -33.40492771426818], [-70.53320270072248, -33.404945728334276]]]}}, {"type": "Feature", "properties": {"uso": "UV", "edif": "EAb_base"}, "geometry": {"type": "Polygon", "coordinates": [[[-70.54103946055493, -33.40483414990101], [-70.54120105161076, -33.40486591277292], [-70.54113056310337, -33.405108005347074], [-70.54097463627319, -33.40507134769259], [-70.54103946055493, -33.40483414990101]]]}}, {"type": "Feature", "properties": {"uso": "UV", "edif": "EAb_base"}, "geometry": {"type": "Polygon", "coordinates": [[[-70.54566848068451, -33.4048006806833], [-70.54575025940821, -33.40487202669332], [-70.54560290024675, -33.40499447111619], [-70.54552112152071, -33.40492312501019], [-70.54566848068451, -33.4048006806833]]]}}, {"type": "Feature", "properties": {"uso": "UV", "edif": "EAb_base"}, "geometry": {"type": "Polygon", "coordinates": [[[-70.54530049354909, -33.40480526523304], [-70.54539360076032, -33.40486682169736], [-70.54522375429003, -33.40501849181684], [-70.54516557291107, -33.40498062186601], [-70.54514206124392, -33.404951968722514], [-70.54530049354909, -33.40480526523304]]]}}, {"type": "Feature", "properties": {"uso": "UV", "edif": "EAb_base"}, "geometry": {"type": "Polygon", "coordinates": [[[-70.53972317834128, -33.40487461626492], [-70.54007536437797, -33.40495225817862], [-70.54001036713858, -33.40517980897722], [-70.53998178818301, -33.40518981243951], [-70.5396466805563, -33.40510230963416], [-70.53972317834128, -33.40487461626492]]]}}, {"type": "Feature", "properties": {"uso": "UV", "edif": "EAb_base"}, "geometry": {"type": "Polygon", "coordinates": [[[-70.5336169435667, -33.404955080871105], [-70.53369769565352, -33.404968555556735], [-70.53383223103222, -33.405097149441694], [-70.53378691044384, -33.405136304549195], [-70.53378724955006, -33.40515559773037], [-70.53374175936311, -33.40518510623179], [-70.53371833607491, -33.405161274113134], [-70.53367842617587, -33.40518106491188], [-70.53363749903757, -33.40514297615087], [-70.53363707519642, -33.40511885967265], [-70.5335319673765, -33.405028496540154], [-70.5336169435667, -33.404955080871105]]]}}, {"type": "Feature", "properties": {"uso": "UV", "edif": "EAb_base"}, "geometry": {"type": "Polygon", "coordinates": [[[-70.54608263702204, -33.404805168296306], [-70.54625615651274, -33.40486089754385], [-70.5462121237407, -33.40497240603804], [-70.5460494200338, -33.404877947274755], [-70.54608263702204, -33.404805168296306]]]}}, {"type": "Feature", "properties": {"uso": "UV", "edif": "EAb_base"}, "geometry": {"type": "Polygon", "coordinates": [[[-70.54122988587122, -33.40487037887214], [-70.54150123477862, -33.404929723673604], [-70.54143658210049, -33.405176568224924], [-70.5411536476103, -33.40511254289394], [-70.54122988587122, -33.40487037887214]]]}}, {"type": "Feature", "properties": {"uso": "UV", "edif": "EAb_base"}, "geometry": {"type": "Polygon", "coordinates": [[[-70.53468658331792, -33.404951501238216], [-70.53482670026193, -33.40507037628379], [-70.53463958488236, -33.40522224586035], [-70.53451697192816, -33.405117627110336], [-70.53450504814874, -33.40509365289321], [-70.53468658331792, -33.404951501238216]]]}}, {"type": "Feature", "properties": {"uso": "UV", "edif": "EAb_base"}, "geometry": {"type": "Polygon", "coordinates": [[[-70.52827008943135, -33.40505001361621], [-70.52852849524793, -33.405027532481945], [-70.5286384141145, -33.405392828492424], [-70.52846634002147, -33.40541907052972], [-70.52827008943135, -33.40505001361621]]]}}, {"type": "Feature", "properties": {"uso": "UV", "edif": "EAb_base"}, "geometry": {"type": "Polygon", "coordinates": [[[-70.53407726996001, -33.404968686482746], [-70.53417671320275, -33.40506394354454], [-70.53401783721445, -33.40518651689229], [-70.53391839399485, -33.40509125970396], [-70.53402036507362, -33.40500316058666], [-70.53407726996001, -33.404968686482746]]]}}, {"type": "Feature", "properties": {"uso": "UV", "edif": "EAb_base"}, "geometry": {"type": "Polygon", "coordinates": [[[-70.54840589588797, -33.40479548844325], [-70.54853478780969, -33.4049289607981], [-70.54852363057249, -33.4049483973958], [-70.54845540324611, -33.40499266803189], [-70.54832067597061, -33.40485444409782], [-70.54840589588797, -33.40479548844325]]]}}, {"type": "Feature", "properties": {"uso": "UV", "edif": "EAb_base"}, "geometry": {"type": "Polygon", "coordinates": [[[-70.54454778184243, -33.40484358545864], [-70.5446753020579, -33.40489988965806], [-70.54457487891347, -33.40507481610172], [-70.5444709553281, -33.40505198835813], [-70.54454778184243, -33.40484358545864]]]}}, {"type": "Feature", "properties": {"uso": "UV", "edif": "EAb_base"}, "geometry": {"type": "Polygon", "coordinates": [[[-70.54404754879924, -33.40484981280343], [-70.54433597801703, -33.40489929010326], [-70.54431511272476, -33.40502015821214], [-70.54402093330039, -33.40497075244206], [-70.54404754879924, -33.40484981280343]]]}}, {"type": "Feature", "properties": {"uso": "UV", "edif": "EAb_base"}, "geometry": {"type": "Polygon", "coordinates": [[[-70.52748802361704, -33.40505482158691], [-70.52781415385596, -33.40528719849228], [-70.52772967896476, -33.40538955018242], [-70.52737589668318, -33.40522023006821], [-70.52748802361704, -33.40505482158691]]]}}, {"type": "Feature", "properties": {"uso": "UV", "edif": "EAb_base"}, "geometry": {"type": "Polygon", "coordinates": [[[-70.54654313363993, -33.40482837413872], [-70.54665255076716, -33.40483665865211], [-70.54663280002801, -33.40502022952037], [-70.54652338267097, -33.40501194499637], [-70.54654313363993, -33.40482837413872]]]}}, {"type": "Feature", "properties": {"uso": "UV", "edif": "EAb_base"}, "geometry": {"type": "Polygon", "coordinates": [[[-70.53529835724116, -33.40507418847458], [-70.53533996394725, -33.40515086300243], [-70.53515293417823, -33.40530755662299], [-70.5350244009611, -33.405193362967765], [-70.53479720630352, -33.405355377405144], [-70.53473885936168, -33.40530785585568], [-70.53518149357657, -33.404969499233744], [-70.53529835724116, -33.40507418847458]]]}}, {"type": "Feature", "properties": {"uso": "UV", "edif": "EAb_base"}, "geometry": {"type": "Polygon", "coordinates": [[[-70.52823567472987, -33.40505526193739], [-70.52844342496124, -33.40542417721923], [-70.52829502608222, -33.40548872209808], [-70.52800178841001, -33.40516427872322], [-70.52823567472987, -33.40505526193739]]]}}, {"type": "Feature", "properties": {"uso": "UV", "edif": "EAb_base"}, "geometry": {"type": "Polygon", "coordinates": [[[-70.54876838946231, -33.40480543625541], [-70.54890886714732, -33.404943587893484], [-70.5488293972465, -33.40500247209786], [-70.54881789764039, -33.405002615675265], [-70.54868316979069, -33.40486439215221], [-70.54876838946231, -33.40480543625541]]]}}, {"type": "Feature", "properties": {"uso": "UV", "edif": "EAb_base"}, "geometry": {"type": "Polygon", "coordinates": [[[-70.54667563544692, -33.404841195165126], [-70.54679080239659, -33.40484940786669], [-70.54677096645378, -33.405028155482405], [-70.54666154907865, -33.40501987108099], [-70.54667563544692, -33.404841195165126]]]}}, {"type": "Feature", "properties": {"uso": "UV", "edif": "EAb_base"}, "geometry": {"type": "Polygon", "coordinates": [[[-70.54681388708588, -33.40485394435365], [-70.54692321875969, -33.40485740536078], [-70.54690346858892, -33.405040976255286], [-70.54679405118986, -33.40503269197161], [-70.54681388708588, -33.40485394435365]]]}}, {"type": "Feature", "properties": {"uso": "UV", "edif": "EAb_base"}, "geometry": {"type": "Polygon", "coordinates": [[[-70.54542269145189, -33.4048857566229], [-70.54552171949098, -33.40495688789193], [-70.54534011719815, -33.40509423163159], [-70.5452527595885, -33.40503260351203], [-70.54534888355164, -33.40493974376343], [-70.54542269145189, -33.4048857566229]]]}}, {"type": "Feature", "properties": {"uso": "UV", "edif": "EAb_base"}, "geometry": {"type": "Polygon", "coordinates": [[[-70.54025935871937, -33.40494997377936], [-70.54044978401528, -33.40498620394969], [-70.54041741363079, -33.405107214357386], [-70.54022690294792, -33.40506616086446], [-70.54025935871937, -33.40494997377936]]]}}, {"type": "Feature", "properties": {"uso": "UV", "edif": "EAb_base"}, "geometry": {"type": "Polygon", "coordinates": [[[-70.54707871984664, -33.40486993914992], [-70.54716505234532, -33.40487368677122], [-70.5471653088902, -33.404888156566564], [-70.54719422892332, -33.40489744453513], [-70.54717413725461, -33.405061722395715], [-70.54706471981352, -33.405053438352354], [-70.54707871984664, -33.40486993914992]]]}}, {"type": "Feature", "properties": {"uso": "UV", "edif": "EAb_base"}, "geometry": {"type": "Polygon", "coordinates": [[[-70.54152440445789, -33.40493908443032], [-70.54172650024661, -33.40498481627976], [-70.54169404643372, -33.4051010036925], [-70.54149203559025, -33.40506009507614], [-70.54152440445789, -33.40493908443032]]]}}, {"type": "Feature", "properties": {"uso": "UV", "edif": "EAb_base"}, "geometry": {"type": "Polygon", "coordinates": [[[-70.54577360037156, -33.4048910331802], [-70.54584962945759, -33.404962450765936], [-70.54569059979063, -33.40507539205679], [-70.54562040597045, -33.40500872600232], [-70.54577360037156, -33.4048910331802]]]}}, {"type": "Feature", "properties": {"uso": "UV", "edif": "EAb_base"}, "geometry": {"type": "Polygon", "coordinates": [[[-70.5335092222741, -33.40504325074661], [-70.53359674146697, -33.40511453396664], [-70.53360883453678, -33.405148154869465], [-70.53365559629115, -33.40519099584971], [-70.53361594066571, -33.40522525651584], [-70.53363961825089, -33.40526355854053], [-70.53357129803327, -33.4053029979136], [-70.53339566615539, -33.40512666831152], [-70.5335092222741, -33.40504325074661]]]}}, {"type": "Feature", "properties": {"uso": "UV", "edif": "EAb_base"}, "geometry": {"type": "Polygon", "coordinates": [[[-70.54829793352424, -33.40486920094378], [-70.54843257520304, -33.40500260164049], [-70.54835885472434, -33.405061413782796], [-70.54833568433092, -33.405052054325154], [-70.54821854883406, -33.40493290802997], [-70.5482240419133, -33.40491836648131], [-70.54829793352424, -33.40486920094378]]]}}, {"type": "Feature", "properties": {"uso": "UV", "edif": "EAb_base"}, "geometry": {"type": "Polygon", "coordinates": [[[-70.5473205534837, -33.404886220255264], [-70.5473381449803, -33.40490529815642], [-70.54732397444263, -33.40507915084239], [-70.54720297182922, -33.40506618709541], [-70.54721731364333, -33.404901980945986], [-70.54724606264709, -33.404901622372286], [-70.54727446956616, -33.40488197073251], [-70.5473205534837, -33.404886220255264]]]}}, {"type": "Feature", "properties": {"uso": "UV", "edif": "EAb_base"}, "geometry": {"type": "Polygon", "coordinates": [[[-70.54288170221987, -33.40494150783359], [-70.54317021648701, -33.40499581112856], [-70.54314394090214, -33.405136043708715], [-70.54287267565489, -33.40508152582859], [-70.54284916469452, -33.40505287222999], [-70.54288170221987, -33.40494150783359]]]}}, {"type": "Feature", "properties": {"uso": "UV", "edif": "EAb_base"}, "geometry": {"type": "Polygon", "coordinates": [[[-70.54866042740582, -33.40487914906294], [-70.54880090504835, -33.40501730082322], [-70.54871568519853, -33.40507625674576], [-70.54869242916561, -33.405062074094516], [-70.54858104298111, -33.40494285637369], [-70.54866042740582, -33.40487914906294]]]}}, {"type": "Feature", "properties": {"uso": "UV", "edif": "EAb_base"}, "geometry": {"type": "Polygon", "coordinates": [[[-70.54047286845947, -33.40499074162531], [-70.540738467469, -33.405050159500306], [-70.54066231285185, -33.40529714653644], [-70.54048330133551, -33.40525595063128], [-70.54047239767532, -33.40528985639644], [-70.5403973942662, -33.40527631476254], [-70.54047286845947, -33.40499074162531]]]}}, {"type": "Feature", "properties": {"uso": "UV", "edif": "EAb_base"}, "geometry": {"type": "Polygon", "coordinates": [[[-70.53388989909442, -33.40510608507674], [-70.53399509215772, -33.40520127118632], [-70.53386462586086, -33.40530419565596], [-70.53376501311315, -33.40519929175497], [-70.5338161683756, -33.40516488885643], [-70.5338214095591, -33.40513587799147], [-70.53384981970139, -33.40511622933869], [-70.53388989909442, -33.40510608507674]]]}}, {"type": "Feature", "properties": {"uso": "UV", "edif": "EAb_base"}, "geometry": {"type": "Polygon", "coordinates": [[[-70.52797329242577, -33.40517910276571], [-70.52826644557418, -33.40549872290133], [-70.52813571844707, -33.40558717162159], [-70.5277980864659, -33.40535493725954], [-70.52784290324878, -33.40528684441065], [-70.52797329242577, -33.40517910276571]]]}}, {"type": "Feature", "properties": {"uso": "UV", "edif": "EAb_base"}, "geometry": {"type": "Polygon", "coordinates": [[[-70.53336108228392, -33.4051222714545], [-70.53344902523214, -33.40521767125946], [-70.5332559876992, -33.40535996330686], [-70.53316254917138, -33.40527910431862], [-70.53336108228392, -33.4051222714545]]]}}, {"type": "Feature", "properties": {"uso": "UV", "edif": "EAb_base"}, "geometry": {"type": "Polygon", "coordinates": [[[-70.54818997097676, -33.404942913354745], [-70.54833044800293, -33.40508106566507], [-70.54824514218595, -33.40513519801225], [-70.54811050057246, -33.40500179711245], [-70.54818997097676, -33.404942913354745]]]}}, {"type": "Feature", "properties": {"uso": "UV", "edif": "EAb_base"}, "geometry": {"type": "Polygon", "coordinates": [[[-70.54554506042975, -33.40497589442234], [-70.54563267447143, -33.405051992137686], [-70.5454392308367, -33.40517018622819], [-70.54535762290111, -33.40510848655524], [-70.54554506042975, -33.40497589442234]]]}}, {"type": "Feature", "properties": {"uso": "UV", "edif": "EAb_base"}, "geometry": {"type": "Polygon", "coordinates": [[[-70.54484358343186, -33.40498463212062], [-70.54494827555727, -33.405050868982194], [-70.54482992022604, -33.40518742428402], [-70.5448070916928, -33.405197357238315], [-70.54471449679752, -33.40516473995804], [-70.54479784108312, -33.40499967475725], [-70.5448205841809, -33.40498491853542], [-70.54484358343186, -33.40498463212062]]]}}, {"type": "Feature", "properties": {"uso": "UV", "edif": "EAb_base"}, "geometry": {"type": "Polygon", "coordinates": [[[-70.54400994571792, -33.40499983520705], [-70.54403285963936, -33.404994725670235], [-70.54430403987847, -33.405044417728824], [-70.54427742468908, -33.40516535741033], [-70.54398324478944, -33.405115951565435], [-70.54400994571792, -33.40499983520705]]]}}, {"type": "Feature", "properties": {"uso": "UV", "edif": "EAb_base"}, "geometry": {"type": "Polygon", "coordinates": [[[-70.54319347164639, -33.40500999484178], [-70.54352798487871, -33.40506372505997], [-70.54350153922893, -33.40519431115209], [-70.5434672961826, -33.40520921022179], [-70.54316711080085, -33.40514540415159], [-70.54319347164639, -33.40500999484178]]]}}, {"type": "Feature", "properties": {"uso": "UV", "edif": "EAb_base"}, "geometry": {"type": "Polygon", "coordinates": [[[-70.54586713521357, -33.40497670561632], [-70.54594324989935, -33.40505294640718], [-70.54578413475876, -33.405161064549716], [-70.54570810554495, -33.40508964692948], [-70.54586713521357, -33.40497670561632]]]}}, {"type": "Feature", "properties": {"uso": "UV", "edif": "EAb_base"}, "geometry": {"type": "Polygon", "coordinates": [[[-70.54192851100869, -33.40502572451651], [-70.5420670181648, -33.40505294883799], [-70.54199069687937, -33.405290290028866], [-70.54183485462457, -33.40525845675354], [-70.54190010278992, -33.40504537496727], [-70.54192851100869, -33.40502572451651]]]}}, {"type": "Feature", "properties": {"uso": "UV", "edif": "EAb_base"}, "geometry": {"type": "Polygon", "coordinates": [[[-70.54855821496612, -33.40495279000472], [-70.54868719295641, -33.40509108544607], [-70.54861347258321, -33.40514989773613], [-70.54847299500669, -33.405011745763986], [-70.54855821496612, -33.40495279000472]]]}}, {"type": "Feature", "properties": {"uso": "UV", "edif": "EAb_base"}, "geometry": {"type": "Polygon", "coordinates": [[[-70.54076730177145, -33.40505462570588], [-70.54105590047813, -33.40511375722469], [-70.5409746782673, -33.40539940208547], [-70.54067457896029, -33.40534041322975], [-70.54076730177145, -33.40505462570588]]]}}, {"type": "Feature", "properties": {"uso": "UV", "edif": "EAb_base"}, "geometry": {"type": "Polygon", "coordinates": [[[-70.54905870439217, -33.40496101424044], [-70.54909328881166, -33.40496540669922], [-70.54921042551479, -33.405084552131896], [-70.54911971294939, -33.40515804991328], [-70.54897914896539, -33.405015075277355], [-70.54905870439217, -33.40496101424044]]]}}, {"type": "Feature", "properties": {"uso": "UV", "edif": "EAb_base"}, "geometry": {"type": "Polygon", "coordinates": [[[-70.54962235596504, -33.40496362312815], [-70.54967590288483, -33.40506426513156], [-70.54952735006079, -33.40511918843275], [-70.5494757730674, -33.40512948133503], [-70.54943964702348, -33.40503827030969], [-70.54962235596504, -33.40496362312815]]]}}, {"type": "Feature", "properties": {"uso": "UV", "edif": "EAb_base"}, "geometry": {"type": "Polygon", "coordinates": [[[-70.52735898474337, -33.405239735691644], [-70.52771276707469, -33.40540905585225], [-70.5276173832195, -33.405545312254986], [-70.52726351608229, -33.40537116852646], [-70.52735898474337, -33.405239735691644]]]}}, {"type": "Feature", "properties": {"uso": "UV", "edif": "EAb_base"}, "geometry": {"type": "Polygon", "coordinates": [[[-70.54209018793374, -33.405062309486134], [-70.54222286012227, -33.40508478183069], [-70.54215820940429, -33.405331626696956], [-70.5420196165459, -33.40529957921552], [-70.54209018793374, -33.405062309486134]]]}}, {"type": "Feature", "properties": {"uso": "UV", "edif": "EAb_base"}, "geometry": {"type": "Polygon", "coordinates": [[[-70.54022157877681, -33.40509034865861], [-70.54041208951075, -33.40513140215813], [-70.54037430974917, -33.405271777075136], [-70.54018379872139, -33.40523072352676], [-70.54022157877681, -33.40509034865861]]]}}, {"type": "Feature", "properties": {"uso": "UV", "edif": "EAb_base"}, "geometry": {"type": "Polygon", "coordinates": [[[-70.54432712450938, -33.40504895468077], [-70.5443385387867, -33.40504398824796], [-70.54456372076211, -33.405094252368634], [-70.54454242889591, -33.40519100415022], [-70.54430591774593, -33.405150529701054], [-70.54432712450938, -33.40504895468077]]]}}, {"type": "Feature", "properties": {"uso": "UV", "edif": "EAb_base"}, "geometry": {"type": "Polygon", "coordinates": [[[-70.54148662657057, -33.405079459636674], [-70.54168872267019, -33.4051251915379], [-70.54166159254032, -33.405217191097144], [-70.54165017807829, -33.40522215728845], [-70.54145966663931, -33.405181105713815], [-70.54148662657057, -33.405079459636674]]]}}, {"type": "Feature", "properties": {"uso": "UV", "edif": "EAb_base"}, "geometry": {"type": "Polygon", "coordinates": [[[-70.54637405854919, -33.40502345517524], [-70.54649497553456, -33.4050315964698], [-70.54647513895752, -33.405210344051774], [-70.54634838643099, -33.40519745115295], [-70.54637405854919, -33.40502345517524]]]}}, {"type": "Feature", "properties": {"uso": "UV", "edif": "EAb_base"}, "geometry": {"type": "Polygon", "coordinates": [[[-70.5480876724852, -33.40501173065874], [-70.54822239965497, -33.40514995484619], [-70.5481315150229, -33.40521380540478], [-70.54799112364145, -33.40508047613213], [-70.5480876724852, -33.40501173065874]]]}}, {"type": "Feature", "properties": {"uso": "UV", "edif": "EAb_base"}, "geometry": {"type": "Polygon", "coordinates": [[[-70.54652372459083, -33.405031238062236], [-70.54663314197215, -33.40503952258522], [-70.54661914098713, -33.405223021760264], [-70.54649822372907, -33.405214880594976], [-70.54652372459083, -33.405031238062236]]]}}, {"type": "Feature", "properties": {"uso": "UV", "edif": "EAb_base"}, "geometry": {"type": "Polygon", "coordinates": [[[-70.5353575529488, -33.405169942675705], [-70.53544034229462, -33.405299175209755], [-70.53507752705623, -33.4055979503063], [-70.53496074776359, -33.405498084170766], [-70.5353575529488, -33.405169942675705]]]}}, {"type": "Feature", "properties": {"uso": "UV", "edif": "EAb_base"}, "geometry": {"type": "Polygon", "coordinates": [[[-70.54497144561282, -33.40506022908319], [-70.54508188774538, -33.40512639421524], [-70.54492937511695, -33.40528267237662], [-70.5448360969885, -33.40521146903078], [-70.54497144561282, -33.40506022908319]]]}}, {"type": "Feature", "properties": {"uso": "UV", "edif": "EAb_base"}, "geometry": {"type": "Polygon", "coordinates": [[[-70.54225177974227, -33.40509407096475], [-70.54239603692226, -33.40512122342795], [-70.5423255515813, -33.40536331658246], [-70.54218704385958, -33.405336092567495], [-70.54225177974227, -33.40509407096475]]]}}, {"type": "Feature", "properties": {"uso": "UV", "edif": "EAb_base"}, "geometry": {"type": "Polygon", "coordinates": [[[-70.54665622670515, -33.405044059100184], [-70.54677139392231, -33.40505227181187], [-70.54675164340375, -33.4052358426871], [-70.54664222576847, -33.40522755827632], [-70.54665622670515, -33.405044059100184]]]}}, {"type": "Feature", "properties": {"uso": "UV", "edif": "EAb_base"}, "geometry": {"type": "Polygon", "coordinates": [[[-70.54845025254731, -33.40502650263795], [-70.54859073011359, -33.40516465463589], [-70.54850542438582, -33.4052187871591], [-70.54836503244191, -33.40508545832654], [-70.54845025254731, -33.40502650263795]]]}}, {"type": "Feature", "properties": {"uso": "UV", "edif": "EAb_base"}, "geometry": {"type": "Polygon", "coordinates": [[[-70.54679439316982, -33.40505198503496], [-70.54690381059316, -33.405060269317616], [-70.54688397485236, -33.40523901694027], [-70.54677464269983, -33.40523555591247], [-70.54679439316982, -33.40505198503496]]]}}, {"type": "Feature", "properties": {"uso": "UV", "edif": "EAb_base"}, "geometry": {"type": "Polygon", "coordinates": [[[-70.54565018021177, -33.40506624701901], [-70.54572638023103, -33.40514731121336], [-70.54553834464731, -33.40524614073972], [-70.54546823621939, -33.4051842978702], [-70.54565018021177, -33.40506624701901]]]}}, {"type": "Feature", "properties": {"uso": "UV", "edif": "EAb_base"}, "geometry": {"type": "Polygon", "coordinates": [[[-70.5410790701627, -33.40512311806431], [-70.5412522466268, -33.405159561270054], [-70.54117102502758, -33.405445206240174], [-70.5409978480209, -33.405408762937924], [-70.5410790701627, -33.40512311806431]]]}}, {"type": "Feature", "properties": {"uso": "UV", "edif": "EAb_base"}, "geometry": {"type": "Polygon", "coordinates": [[[-70.53435175282682, -33.405206508943095], [-70.53457355532518, -33.405391914691904], [-70.53441476414892, -33.4055193118365], [-70.53418712697781, -33.40532915362393], [-70.53435175282682, -33.405206508943095]]]}}, {"type": "Feature", "properties": {"uso": "UV", "edif": "EAb_base"}, "geometry": {"type": "Polygon", "coordinates": [[[-70.54895074240419, -33.40503472729739], [-70.5489739128542, -33.4050440866384], [-70.54909113513126, -33.40516805544451], [-70.54901166516, -33.405226939765996], [-70.54887118684232, -33.4050887882683], [-70.54895074240419, -33.40503472729739]]]}}, {"type": "Feature", "properties": {"uso": "UV", "edif": "EAb_base"}, "geometry": {"type": "Polygon", "coordinates": [[[-70.54596084113786, -33.40507202451091], [-70.54603103526323, -33.40513869036308], [-70.5458661702568, -33.40524688027043], [-70.54580164054559, -33.40517531940807], [-70.54596084113786, -33.40507202451091]]]}}, {"type": "Feature", "properties": {"uso": "UV", "edif": "EAb_base"}, "geometry": {"type": "Polygon", "coordinates": [[[-70.53347236370514, -33.40523668013449], [-70.53354846810421, -33.40531292883279], [-70.53355455702615, -33.40533215093396], [-70.53337868429921, -33.40546940662902], [-70.53327932617096, -33.405378972217925], [-70.53347236370514, -33.40523668013449]]]}}, {"type": "Feature", "properties": {"uso": "UV", "edif": "EAb_base"}, "geometry": {"type": "Polygon", "coordinates": [[[-70.5470593120411, -33.405072803120376], [-70.5471745648351, -33.405085838720446], [-70.54715447310035, -33.40525011657534], [-70.54705089075688, -33.40524658407983], [-70.5470593120411, -33.405072803120376]]]}}, {"type": "Feature", "properties": {"uso": "UV", "edif": "EAb_base"}, "geometry": {"type": "Polygon", "coordinates": [[[-70.54241920674242, -33.40513058401301], [-70.54255771419713, -33.40515780777682], [-70.54249297912959, -33.40539982951387], [-70.54235438605411, -33.405367782413514], [-70.54241920674242, -33.40513058401301]]]}}, {"type": "Feature", "properties": {"uso": "UV", "edif": "EAb_base"}, "geometry": {"type": "Polygon", "coordinates": [[[-70.53501916017703, -33.40522237387201], [-70.5351301892912, -33.405322311120344], [-70.5349374089054, -33.40547907558785], [-70.53481479523253, -33.40537445715698], [-70.53501916017703, -33.40522237387201]]]}}, {"type": "Feature", "properties": {"uso": "UV_base", "edif": "EAb_base"}, "geometry": {"type": "Polygon", "coordinates": [[[-70.53833115830315, -33.40518617091316], [-70.53855650771288, -33.40524609259803], [-70.53850139029352, -33.40538185768425], [-70.53828170539028, -33.40531704132382], [-70.53833115830315, -33.40518617091316]]]}}, {"type": "Feature", "properties": {"uso": "UV", "edif": "EAb_base"}, "geometry": {"type": "Polygon", "coordinates": [[[-70.53371419690139, -33.405252987814904], [-70.53381355531752, -33.405343421870604], [-70.5337171639643, -33.40542180315065], [-70.53367158884629, -33.40544648833445], [-70.53356648058332, -33.40535612524812], [-70.5335831368248, -33.405322148930615], [-70.53371419690139, -33.405252987814904]]]}}, {"type": "Feature", "properties": {"uso": "UV", "edif": "EAb_base"}, "geometry": {"type": "Polygon", "coordinates": [[[-70.54127533115289, -33.40516409879366], [-70.54143117306225, -33.405195932783236], [-70.54135570187952, -33.4054815064097], [-70.54119410962626, -33.40544974377666], [-70.54127533115289, -33.40516409879366]]]}}, {"type": "Feature", "properties": {"uso": "UV", "edif": "EAb_base"}, "geometry": {"type": "Polygon", "coordinates": [[[-70.5439778363242, -33.40513531621867], [-70.54426051663216, -33.405184865230176], [-70.54426669323867, -33.405208910009826], [-70.54423956582802, -33.405300910054486], [-70.54394538548591, -33.40525150413335], [-70.5439778363242, -33.40513531621867]]]}}, {"type": "Feature", "properties": {"uso": "UV", "edif": "EAb_base"}, "geometry": {"type": "Polygon", "coordinates": [[[-70.54258654861127, -33.40516227355565], [-70.54273089126414, -33.40519424889791], [-70.54266040680945, -33.405436342215005], [-70.54252181362153, -33.405404295305374], [-70.54258654861127, -33.40516227355565]]]}}, {"type": "Feature", "properties": {"uso": "UV", "edif": "EAb_base"}, "geometry": {"type": "Polygon", "coordinates": [[[-70.54510505783463, -33.405135754290164], [-70.5452040859172, -33.405206885809335], [-70.54505723781601, -33.40535826923255], [-70.54495254523319, -33.4052920324791], [-70.54510505783463, -33.405135754290164]]]}}, {"type": "Feature", "properties": {"uso": "UV", "edif": "EAb_base"}, "geometry": {"type": "Polygon", "coordinates": [[[-70.54834228994476, -33.40510021518161], [-70.54847693206041, -33.40523361581314], [-70.54839754718495, -33.405297323016086], [-70.5482628195083, -33.40515909903664], [-70.54834228994476, -33.40510021518161]]]}}, {"type": "Feature", "properties": {"uso": "UV", "edif": "EAb_base"}, "geometry": {"type": "Polygon", "coordinates": [[[-70.54884844443374, -33.40510354521375], [-70.54898883712427, -33.405236873476575], [-70.54890370281072, -33.405300652789585], [-70.54876905995378, -33.40516725264457], [-70.5487745529534, -33.40515271107427], [-70.54884844443374, -33.40510354521375]]]}}, {"type": "Feature", "properties": {"uso": "UV", "edif": "EAb_base"}, "geometry": {"type": "Polygon", "coordinates": [[[-70.54145425760598, -33.405200470272995], [-70.5416505189237, -33.40524145039806], [-70.5416069060727, -33.40537707381189], [-70.54141639431009, -33.40533602218089], [-70.54145425760598, -33.405200470272995]]]}}, {"type": "Feature", "properties": {"uso": "UV", "edif": "EAb_base"}, "geometry": {"type": "Polygon", "coordinates": [[[-70.54922810308514, -33.40510845301157], [-70.54935116125749, -33.405237173009695], [-70.54935158944231, -33.40526128930888], [-70.54927203393852, -33.405315350533826], [-70.54913739051115, -33.4051819508059], [-70.54914854763707, -33.405162514156764], [-70.54922810308514, -33.40510845301157]]]}}, {"type": "Feature", "properties": {"uso": "UV", "edif": "EAb_base"}, "geometry": {"type": "Polygon", "coordinates": [[[-70.54430050935107, -33.405169894366274], [-70.54453127072341, -33.40521044041451], [-70.54451023490685, -33.4053216620031], [-70.5442793878896, -33.40527629265321], [-70.54430050935107, -33.405169894366274]]]}}, {"type": "Feature", "properties": {"uso": "UV", "edif": "EAb_base"}, "geometry": {"type": "Polygon", "coordinates": [[[-70.52777542471344, -33.40537451375236], [-70.52811297225017, -33.405601924867206], [-70.52800025465172, -33.40573357073056], [-70.52764063611853, -33.405559498951305], [-70.52777542471344, -33.40537451375236]]]}}, {"type": "Feature", "properties": {"uso": "UV", "edif": "EAb_base"}, "geometry": {"type": "Polygon", "coordinates": [[[-70.54604862653846, -33.405157768453066], [-70.54611315643346, -33.405229329181644], [-70.5459540411996, -33.40533744754241], [-70.54588951134812, -33.405265886730774], [-70.54604862653846, -33.405157768453066]]]}}, {"type": "Feature", "properties": {"uso": "UV", "edif": "EAb_base"}, "geometry": {"type": "Polygon", "coordinates": [[[-70.5457496358278, -33.40516149443383], [-70.54581991531319, -33.4052329836751], [-70.54564346475968, -33.405336493329095], [-70.54556160024194, -33.40526032399535], [-70.5457496358278, -33.40516149443383]]]}}, {"type": "Feature", "properties": {"uso": "UV", "edif": "EAb_base"}, "geometry": {"type": "Polygon", "coordinates": [[[-70.54275397586515, -33.405198786143785], [-70.54283472934794, -33.405212254832605], [-70.54284665540132, -33.40523622818235], [-70.54289273935822, -33.40524047935106], [-70.54282199949363, -33.40546810292294], [-70.5426834914719, -33.405440879472096], [-70.54275397586515, -33.405198786143785]]]}}, {"type": "Feature", "properties": {"uso": "UV", "edif": "EAb_base"}, "geometry": {"type": "Polygon", "coordinates": [[[-70.53857959214228, -33.405250630626725], [-70.53870093426815, -33.40528289595281], [-70.53862916279621, -33.405452638037715], [-70.53851357031392, -33.40542030133668], [-70.53857959214228, -33.405250630626725]]]}}, {"type": "Feature", "properties": {"uso": "UV", "edif": "EAb_base"}, "geometry": {"type": "Polygon", "coordinates": [[[-70.52725235397577, -33.40539060334597], [-70.52760047127492, -33.40556481791061], [-70.5275108369871, -33.40570100343125], [-70.52715696940619, -33.405526859414834], [-70.52725235397577, -33.40539060334597]]]}}, {"type": "Feature", "properties": {"uso": "UV", "edif": "EAb_base"}, "geometry": {"type": "Polygon", "coordinates": [[[-70.54470333866712, -33.40518417623667], [-70.54481326844987, -33.40522140198634], [-70.54491238179594, -33.405297357011534], [-70.54489632777072, -33.40536509761351], [-70.54466556584444, -33.40532455226216], [-70.54470333866712, -33.40518417623667]]]}}, {"type": "Feature", "properties": {"uso": "UV", "edif": "EAb_base"}, "geometry": {"type": "Polygon", "coordinates": [[[-70.5354522663578, -33.405323149328076], [-70.53564296740899, -33.4057019117367], [-70.53533992076866, -33.40580214968775], [-70.53527497473674, -33.405706466661634], [-70.53519430661642, -33.4056978163227], [-70.53509503124565, -33.405612206722566], [-70.5354522663578, -33.405323149328076]]]}}, {"type": "Feature", "properties": {"uso": "UV", "edif": "EAb_base"}, "geometry": {"type": "Polygon", "coordinates": [[[-70.5482399913991, -33.40516903261142], [-70.54838055446443, -33.405312008109455], [-70.5483124123653, -33.40536110193675], [-70.54827216356833, -33.40536160429003], [-70.54814910676113, -33.405232883182904], [-70.5482399913991, -33.40516903261142]]]}}, {"type": "Feature", "properties": {"uso": "UV", "edif": "EAb_base"}, "geometry": {"type": "Polygon", "coordinates": [[[-70.53416438191478, -33.405343907948925], [-70.5343919342666, -33.4055292429095], [-70.53425588770413, -33.40564188549464], [-70.53402250066408, -33.40545179809711], [-70.53416438191478, -33.405343907948925]]]}}, {"type": "Feature", "properties": {"uso": "UV", "edif": "EAb_base"}, "geometry": {"type": "Polygon", "coordinates": [[[-70.53872410376361, -33.405292257238095], [-70.53883969614435, -33.405324593746165], [-70.53876792491467, -33.40549433590355], [-70.53865808219125, -33.40546192801675], [-70.53872410376361, -33.405292257238095]]]}}, {"type": "Feature", "properties": {"uso": "UV", "edif": "EAb_base"}, "geometry": {"type": "Polygon", "coordinates": [[[-70.54874623190393, -33.40517718631092], [-70.54888096035411, -33.405315409741945], [-70.5488014901053, -33.405374293935346], [-70.54866092626511, -33.405231318938554], [-70.54874623190393, -33.40517718631092]]]}}, {"type": "Feature", "properties": {"uso": "UV", "edif": "EAb_base"}, "geometry": {"type": "Polygon", "coordinates": [[[-70.54523309127656, -33.40522099750701], [-70.5453263697273, -33.40529220054454], [-70.54519085057532, -33.405433794328324], [-70.54508624320435, -33.405372380963456], [-70.5452215916221, -33.405221140751934], [-70.54523309127656, -33.40522099750701]]]}}, {"type": "Feature", "properties": {"uso": "UV", "edif": "EAb_base"}, "geometry": {"type": "Polygon", "coordinates": [[[-70.54291599454145, -33.4052546631152], [-70.5429678283463, -33.40525884274005], [-70.54298490728343, -33.40524898163667], [-70.54305999629602, -33.40526734496905], [-70.54298951271149, -33.40550943844593], [-70.54285091930048, -33.40547739191126], [-70.54291599454145, -33.4052546631152]]]}}, {"type": "Feature", "properties": {"uso": "UV_base", "edif": "EA_base"}, "geometry": {"type": "Polygon", "coordinates": [[[-70.53354948527254, -33.405370808380965], [-70.53365467830706, -33.405465994776854], [-70.5334731403586, -33.40560814498851], [-70.53336786258365, -33.405508135144025], [-70.53354948527254, -33.405370808380965]]]}}, {"type": "Feature", "properties": {"uso": "UV", "edif": "EAb_base"}, "geometry": {"type": "Polygon", "coordinates": [[[-70.5418294456711, -33.4052778213266], [-70.54202579254873, -33.40532362412386], [-70.54199316856807, -33.40543016504805], [-70.54179699190331, -33.405394008760176], [-70.5418294456711, -33.4052778213266]]]}}, {"type": "Feature", "properties": {"uso": "UV", "edif": "EAb_base"}, "geometry": {"type": "Polygon", "coordinates": [[[-70.54910306287273, -33.40519202814347], [-70.54912623338036, -33.405201387454106], [-70.54924929154326, -33.40533010755202], [-70.54916973591239, -33.405384168714384], [-70.54902925708835, -33.405246017413624], [-70.54910306287273, -33.40519202814347]]]}}, {"type": "Feature", "properties": {"uso": "UV", "edif": "EAb_base"}, "geometry": {"type": "Polygon", "coordinates": [[[-70.54308308093117, -33.405271882152576], [-70.54322733862669, -33.405299033632176], [-70.54315694078402, -33.40554595046411], [-70.54301834726058, -33.405513904120156], [-70.54308308093117, -33.405271882152576]]]}}, {"type": "Feature", "properties": {"uso": "UV", "edif": "EAb_base"}, "geometry": {"type": "Polygon", "coordinates": [[[-70.53827054578502, -33.40533647706484], [-70.53849606562525, -33.405406045417394], [-70.53845193753979, -33.405512728154655], [-70.53822650247508, -33.40544798301493], [-70.53827054578502, -33.40533647706484]]]}}, {"type": "Feature", "properties": {"uso": "UV", "edif": "EAb_base"}, "geometry": {"type": "Polygon", "coordinates": [[[-70.54613066228629, -33.40524358399147], [-70.54620102760708, -33.40531989627199], [-70.54603041264878, -33.40542815806626], [-70.54597163250031, -33.40535652564204], [-70.54613066228629, -33.40524358399147]]]}}, {"type": "Feature", "properties": {"uso": "UV", "edif": "EAb_base"}, "geometry": {"type": "Polygon", "coordinates": [[[-70.54393997700504, -33.40527086878501], [-70.54423424276479, -33.40532509798848], [-70.54420187756348, -33.40544610923049], [-70.54391928176807, -33.4054013833828], [-70.54393997700504, -33.40527086878501]]]}}, {"type": "Feature", "properties": {"uso": "UV", "edif": "EAb_base"}, "geometry": {"type": "Polygon", "coordinates": [[[-70.53886286566491, -33.405333955004735], [-70.53897837308357, -33.40536146809684], [-70.5389181018291, -33.40553106766583], [-70.53879675928262, -33.40549880256565], [-70.53886286566491, -33.405333955004735]]]}}, {"type": "Feature", "properties": {"uso": "UV", "edif": "EAb_base"}, "geometry": {"type": "Polygon", "coordinates": [[[-70.54583750656334, -33.40525206179552], [-70.54587843891699, -33.40529014637541], [-70.54590212180916, -33.40532844590353], [-70.54573133557179, -33.405427060761674], [-70.54566097056072, -33.40535074820658], [-70.54583750656334, -33.40525206179552]]]}}, {"type": "Feature", "properties": {"uso": "UV", "edif": "EAb_base"}, "geometry": {"type": "Polygon", "coordinates": [[[-70.53459114421426, -33.405410994476554], [-70.53477210475323, -33.40556313469028], [-70.53461339839971, -33.40569535537931], [-70.53444926340542, -33.4055188850999], [-70.53459114421426, -33.405410994476554]]]}}, {"type": "Feature", "properties": {"uso": "UV", "edif": "EAb_base"}, "geometry": {"type": "Polygon", "coordinates": [[[-70.5442682296474, -33.405295728895574], [-70.54449907671153, -33.40534109826477], [-70.5444722056165, -33.40544756816497], [-70.54423569379321, -33.40540709360256], [-70.5442682296474, -33.405295728895574]]]}}, {"type": "Feature", "properties": {"uso": "UV", "edif": "EAb_base"}, "geometry": {"type": "Polygon", "coordinates": [[[-70.54325625841608, -33.405308322526594], [-70.54344677086809, -33.40534937130831], [-70.54345286195405, -33.405368592860796], [-70.54341534296533, -33.405523438380946], [-70.54320749529472, -33.40547778087817], [-70.54325625841608, -33.405308322526594]]]}}, {"type": "Feature", "properties": {"uso": "UV", "edif": "EAb_base"}, "geometry": {"type": "Polygon", "coordinates": [[[-70.54863818378321, -33.405246075847224], [-70.54877874761195, -33.40538905086985], [-70.54870494145727, -33.405443039955934], [-70.54868177092635, -33.40543368056749], [-70.5485587134254, -33.405304959888596], [-70.54863818378321, -33.405246075847224]]]}}, {"type": "Feature", "properties": {"uso": "UV", "edif": "EAb_base"}, "geometry": {"type": "Polygon", "coordinates": [[[-70.54204887715294, -33.40532816150097], [-70.5422163045326, -33.40536467481135], [-70.5421235862243, -33.405650463278086], [-70.54196190818695, -33.40561387838702], [-70.54204887715294, -33.40532816150097]]]}}, {"type": "Feature", "properties": {"uso": "UV", "edif": "EAb_base"}, "geometry": {"type": "Polygon", "coordinates": [[[-70.53900729248186, -33.405370757994355], [-70.5391227999898, -33.4053982709491], [-70.53905686419877, -33.40557276520031], [-70.53894702127849, -33.40554035757573], [-70.53900729248186, -33.405370757994355]]]}}, {"type": "Feature", "properties": {"uso": "UV", "edif": "EAb_base"}, "geometry": {"type": "Polygon", "coordinates": [[[-70.5490007648482, -33.40526084618564], [-70.54901226448735, -33.40526070259032], [-70.54914699348159, -33.40539892571467], [-70.54906177351316, -33.405457881875535], [-70.5489155449079, -33.405319802246254], [-70.5490007648482, -33.40526084618564]]]}}, {"type": "Feature", "properties": {"uso": "UV", "edif": "EAb_base"}, "geometry": {"type": "Polygon", "coordinates": [[[-70.54493572270076, -33.40531636365683], [-70.54517969252085, -33.405453230646955], [-70.54513531646927, -33.40554544571996], [-70.54490944989362, -33.40545659652528], [-70.54493572270076, -33.40531636365683]]]}}, {"type": "Feature", "properties": {"uso": "UV", "edif": "EAb_base"}, "geometry": {"type": "Polygon", "coordinates": [[[-70.54141682030416, -33.40536013857009], [-70.54160149706196, -33.40539643837631], [-70.54156904295046, -33.40551262575808], [-70.54152896436656, -33.405522772480865], [-70.54137887169327, -33.40549086718905], [-70.54141682030416, -33.40536013857009]]]}}, {"type": "Feature", "properties": {"uso": "UV", "edif": "EAb_base"}, "geometry": {"type": "Polygon", "coordinates": [[[-70.52714005735955, -33.405546365010565], [-70.52749392498933, -33.405720509073404], [-70.52740429038191, -33.405856694523024], [-70.52704467245061, -33.40568262099958], [-70.52714005735955, -33.405546365010565]]]}}, {"type": "Feature", "properties": {"uso": "UV", "edif": "EAb_base"}, "geometry": {"type": "Polygon", "coordinates": [[[-70.53914588448494, -33.40540280887028], [-70.53927297686914, -33.40543500228265], [-70.53920137656507, -33.40561439123166], [-70.53908569860488, -33.40557723179403], [-70.53914588448494, -33.40540280887028]]]}}, {"type": "Feature", "properties": {"uso": "UV", "edif": "EAb_base"}, "geometry": {"type": "Polygon", "coordinates": [[[-70.54223938915622, -33.405369212152365], [-70.54240098158417, -33.40540097341719], [-70.54231984883421, -33.40569144230297], [-70.54214667092003, -33.40565500063412], [-70.54223938915622, -33.405369212152365]]]}}, {"type": "Feature", "properties": {"uso": "UV", "edif": "EAb_base"}, "geometry": {"type": "Polygon", "coordinates": [[[-70.54465457843945, -33.405353635077766], [-70.54467749241034, -33.40534852542052], [-70.5448966693355, -33.405384390693115], [-70.5448754631736, -33.405485965788785], [-70.54463328662308, -33.405450386869965], [-70.54465457843945, -33.405353635077766]]]}}, {"type": "Feature", "properties": {"uso": "UV", "edif": "EAb_base"}, "geometry": {"type": "Polygon", "coordinates": [[[-70.54621853349255, -33.40533415106828], [-70.54628889896443, -33.405410463293556], [-70.54611836940678, -33.40552354847615], [-70.54604800398485, -33.405447236153776], [-70.54621853349255, -33.40533415106828]]]}}, {"type": "Feature", "properties": {"uso": "UV", "edif": "EAb_base"}, "geometry": {"type": "Polygon", "coordinates": [[[-70.54678785225516, -33.40533187783684], [-70.5468914346984, -33.40533541054939], [-70.54687168439347, -33.405518981430234], [-70.54676801623704, -33.40551062544202], [-70.54678785225516, -33.40533187783684]]]}}, {"type": "Feature", "properties": {"uso": "UV", "edif": "EAb_base"}, "geometry": {"type": "Polygon", "coordinates": [[[-70.54592546293061, -33.405347452356025], [-70.54598999287386, -33.40541901314544], [-70.54581920656764, -33.40551762812544], [-70.54574892684397, -33.40544613889351], [-70.54590254904252, -33.40535256224173], [-70.54592546293061, -33.405347452356025]]]}}, {"type": "Feature", "properties": {"uso": "UV", "edif": "EAb_base"}, "geometry": {"type": "Polygon", "coordinates": [[[-70.54853597090676, -33.4053197167794], [-70.54867653469633, -33.40546269191765], [-70.5485913143362, -33.40552164776558], [-70.54845075058338, -33.40537867253077], [-70.54853597090676, -33.4053197167794]]]}}, {"type": "Feature", "properties": {"uso": "UV", "edif": "EAb_base"}, "geometry": {"type": "Polygon", "coordinates": [[[-70.54691451952179, -33.40533994701343], [-70.54702968714521, -33.405348159472915], [-70.54700985162182, -33.405526907102164], [-70.54690043360516, -33.4055186229308], [-70.54691451952179, -33.40533994701343]]]}}, {"type": "Feature", "properties": {"uso": "UV", "edif": "EAb_base"}, "geometry": {"type": "Polygon", "coordinates": [[[-70.53850824564715, -33.40544448907018], [-70.53862375311519, -33.4054720024911], [-70.53852974722088, -33.40568543934603], [-70.53841990433385, -33.40565303125358], [-70.53850824564715, -33.40544448907018]]]}}, {"type": "Feature", "properties": {"uso": "UV", "edif": "EAb_base"}, "geometry": {"type": "Polygon", "coordinates": [[[-70.52762372417666, -33.40557900461], [-70.52798334276005, -33.40575307643643], [-70.52789370889954, -33.40588926221831], [-70.52753408991212, -33.405715190146516], [-70.52762372417666, -33.40557900461]]]}}, {"type": "Feature", "properties": {"uso": "UV", "edif": "EAb_base"}, "geometry": {"type": "Polygon", "coordinates": [[[-70.54705268646786, -33.40534787264589], [-70.54716785410953, -33.405356084976404], [-70.54714810438516, -33.40553965588406], [-70.54703293650157, -33.40553144354238], [-70.54705268646786, -33.40534787264589]]]}}, {"type": "Feature", "properties": {"uso": "UV", "edif": "EAb_base"}, "geometry": {"type": "Polygon", "coordinates": [[[-70.54242981607266, -33.40540543923021], [-70.54258574404251, -33.40544209501851], [-70.5424988620117, -33.40573263550389], [-70.54234293354959, -33.405695979621854], [-70.54242981607266, -33.40540543923021]]]}}, {"type": "Feature", "properties": {"uso": "UV", "edif": "EAb_base"}, "geometry": {"type": "Polygon", "coordinates": [[[-70.54179158293418, -33.405413373331655], [-70.54198209502023, -33.4054544243759], [-70.5419388235104, -33.40560934099596], [-70.5418061505794, -33.40558686837018], [-70.54174822588287, -33.40556346661844], [-70.54179158293418, -33.405413373331655]]]}}, {"type": "Feature", "properties": {"uso": "UV", "edif": "EAb_base"}, "geometry": {"type": "Polygon", "coordinates": [[[-70.5393018963207, -33.405444292109756], [-70.53941156906075, -33.40546705285562], [-70.53934013919141, -33.40565608844098], [-70.53923021099106, -33.405618857791126], [-70.5393018963207, -33.405444292109756]]]}}, {"type": "Feature", "properties": {"uso": "UV", "edif": "EAb_base"}, "geometry": {"type": "Polygon", "coordinates": [[[-70.54889855227327, -33.40533448740817], [-70.54903328121114, -33.405472710656376], [-70.5489538109302, -33.40553159494711], [-70.54881908201995, -33.40539337161282], [-70.54889855227327, -33.40533448740817]]]}}, {"type": "Feature", "properties": {"uso": "UV", "edif": "EAb_base"}, "geometry": {"type": "Polygon", "coordinates": [[[-70.53822109270422, -33.40546734745331], [-70.53844077794983, -33.40553216391006], [-70.53839673477133, -33.405643669913786], [-70.53817704927108, -33.405578853387254], [-70.53822109270422, -33.40546734745331]]]}}, {"type": "Feature", "properties": {"uso": "UV", "edif": "EAb_base"}, "geometry": {"type": "Polygon", "coordinates": [[[-70.54719093895072, -33.405360621388404], [-70.5473003567857, -33.40536890530858], [-70.54728052181571, -33.40554765296471], [-70.54717685359991, -33.40553929732039], [-70.54719093895072, -33.405360621388404]]]}}, {"type": "Feature", "properties": {"uso": "UV", "edif": "EAb_base"}, "geometry": {"type": "Polygon", "coordinates": [[[-70.54732910594213, -33.40536854671122], [-70.54743852379521, -33.40537683050882], [-70.54741877463925, -33.405560401442735], [-70.54730927103127, -33.405547294370265], [-70.54732910594213, -33.40536854671122]]]}}, {"type": "Feature", "properties": {"uso": "UV", "edif": "EAb_base"}, "geometry": {"type": "Polygon", "coordinates": [[[-70.538646922654, -33.40548136378935], [-70.53887810795275, -33.4055460368244], [-70.53882823040317, -33.405652791010816], [-70.53860279472086, -33.405588046574856], [-70.538646922654, -33.40548136378935]]]}}, {"type": "Feature", "properties": {"uso": "UV", "edif": "EAb_base"}, "geometry": {"type": "Polygon", "coordinates": [[[-70.54746152312099, -33.405376543605804], [-70.54757669082355, -33.4053847555544], [-70.54755694195812, -33.40556832650178], [-70.54744752385713, -33.40556004281615], [-70.54746152312099, -33.405376543605804]]]}}, {"type": "Feature", "properties": {"uso": "UV", "edif": "EAb_base"}, "geometry": {"type": "Polygon", "coordinates": [[[-70.5439024589219, -33.405425714428844], [-70.54395995736398, -33.40542499880101], [-70.54419646912969, -33.405465473891454], [-70.54416985368564, -33.40558641354994], [-70.5438756724069, -33.40553700749215], [-70.5439024589219, -33.405425714428844]]]}}, {"type": "Feature", "properties": {"uso": "UV", "edif": "EAb_base"}, "geometry": {"type": "Polygon", "coordinates": [[[-70.53943473867677, -33.40547641400428], [-70.5395559963058, -33.405503855192535], [-70.53949031659977, -33.40569281949453], [-70.53936897363704, -33.40566055496757], [-70.53943473867677, -33.40547641400428]]]}}, {"type": "Feature", "properties": {"uso": "UV", "edif": "EAb_base"}, "geometry": {"type": "Polygon", "coordinates": [[[-70.53443235303101, -33.405538391643546], [-70.5345263867172, -33.40565301268298], [-70.53439008571226, -33.40575118553364], [-70.53427914165863, -33.405656070914546], [-70.53443235303101, -33.405538391643546]]]}}, {"type": "Feature", "properties": {"uso": "UV", "edif": "EAb_base"}, "geometry": {"type": "Polygon", "coordinates": [[[-70.54547216566095, -33.40540616822844], [-70.54556587164639, -33.40550148741425], [-70.54537826221677, -33.40562443306209], [-70.54529175817208, -33.405611037678916], [-70.54528575207895, -33.405596639498455], [-70.54531879913178, -33.40551421416883], [-70.54544916630576, -33.40540645476293], [-70.54547216566095, -33.40540616822844]]]}}, {"type": "Feature", "properties": {"uso": "UV", "edif": "EAb_base"}, "geometry": {"type": "Polygon", "coordinates": [[[-70.54423028536905, -33.405426458264834], [-70.54446679724312, -33.405466932836], [-70.54444009680918, -33.40558304927095], [-70.54420358462842, -33.40554257465827], [-70.54423028536905, -33.405426458264834]]]}}, {"type": "Feature", "properties": {"uso": "UV", "edif": "EAb_base"}, "geometry": {"type": "Polygon", "coordinates": [[[-70.5426088287032, -33.40544663228957], [-70.54277625651576, -33.40548314483008], [-70.54267796061839, -33.4057786517159], [-70.542521946746, -33.405737172788825], [-70.5426088287032, -33.40544663228957]]]}}, {"type": "Feature", "properties": {"uso": "UV", "edif": "EAb_base"}, "geometry": {"type": "Polygon", "coordinates": [[[-70.54760552552237, -33.4053892201566], [-70.54772077879717, -33.40540225523403], [-70.54772214755747, -33.4054794274486], [-70.54770669453077, -33.40558093119399], [-70.54758002687318, -33.405572862839016], [-70.54760552552237, -33.4053892201566]]]}}, {"type": "Feature", "properties": {"uso": "UV", "edif": "EAb_base"}, "geometry": {"type": "Polygon", "coordinates": [[[-70.5338978687019, -33.40555947479811], [-70.53399714287464, -33.40564508539253], [-70.5337872795597, -33.405811708040346], [-70.5336821707255, -33.40572134507317], [-70.5338978687019, -33.40555947479811]]]}}, {"type": "Feature", "properties": {"uso": "UV", "edif": "EAb_base"}, "geometry": {"type": "Polygon", "coordinates": [[[-70.54842792244057, -33.405388606140846], [-70.54856848617369, -33.405531581401945], [-70.54848335126223, -33.405595360440614], [-70.54834278755764, -33.405452385083386], [-70.54842792244057, -33.405388606140846]]]}}, {"type": "Feature", "properties": {"uso": "UV", "edif": "EAb_base"}, "geometry": {"type": "Polygon", "coordinates": [[[-70.53958483070981, -33.40550832167016], [-70.53970617352974, -33.40554058599048], [-70.53963491445515, -33.40573926828997], [-70.53951348628459, -33.405702180626214], [-70.53958483070981, -33.40550832167016]]]}}, {"type": "Feature", "properties": {"uso": "UV", "edif": "EAb_base"}, "geometry": {"type": "Polygon", "coordinates": [[[-70.54630649035181, -33.40542954134296], [-70.54640045367364, -33.4055393296701], [-70.54638929588056, -33.40555876608989], [-70.54623550294257, -33.40564269680376], [-70.54613587532145, -33.40553780328286], [-70.54630649035181, -33.40542954134296]]]}}, {"type": "Feature", "properties": {"uso": "UV", "edif": "EAb_base"}, "geometry": {"type": "Polygon", "coordinates": [[[-70.54879625391806, -33.40540330528959], [-70.54893106842384, -33.40554635190962], [-70.5488458481635, -33.40560530792911], [-70.54871686913482, -33.405467012692974], [-70.54879625391806, -33.40540330528959]]]}}, {"type": "Feature", "properties": {"uso": "UV", "edif": "EAb_base"}, "geometry": {"type": "Polygon", "coordinates": [[[-70.54600758419942, -33.40543809123904], [-70.54607219973497, -33.405514475247976], [-70.54590141334383, -33.40561309034243], [-70.54583688332129, -33.405541529511105], [-70.54600758419942, -33.40543809123904]]]}}, {"type": "Feature", "properties": {"uso": "UV", "edif": "EAb_base"}, "geometry": {"type": "Polygon", "coordinates": [[[-70.53479544359989, -33.40558214330445], [-70.53498232442797, -33.40574385863143], [-70.53465865239104, -33.40597943172697], [-70.53468950418404, -33.40577160333207], [-70.53463090253614, -33.40570961186248], [-70.53479544359989, -33.40558214330445]]]}}, {"type": "Feature", "properties": {"uso": "UV", "edif": "EAb_base"}, "geometry": {"type": "Polygon", "coordinates": [[[-70.54279934119586, -33.40548768206504], [-70.5429610193038, -33.4055242658617], [-70.54286855915127, -33.405824524635484], [-70.54270679524404, -33.405783117460274], [-70.54279934119586, -33.40548768206504]]]}}, {"type": "Feature", "properties": {"uso": "UV", "edif": "EAb_base"}, "geometry": {"type": "Polygon", "coordinates": [[[-70.5446278782856, -33.40546975154699], [-70.54487014027859, -33.40551015374464], [-70.54484326959606, -33.40561662371093], [-70.54482035556634, -33.40562173340031], [-70.5445954282138, -33.405585939604414], [-70.5446278782856, -33.40546975154699]]]}}, {"type": "Feature", "properties": {"uso": "UV", "edif": "EAb_base"}, "geometry": {"type": "Polygon", "coordinates": [[[-70.5449040416176, -33.405475961212574], [-70.54512990823909, -33.405564810415555], [-70.54510286705468, -33.40566163389018], [-70.54487184808625, -33.40560661914101], [-70.5449040416176, -33.405475961212574]]]}}, {"type": "Feature", "properties": {"uso": "UV", "edif": "EAb_base"}, "geometry": {"type": "Polygon", "coordinates": [[[-70.53890119247644, -33.40555057479026], [-70.53901678526228, -33.405582911120305], [-70.53894501418925, -33.40575265336957], [-70.53883525613466, -33.405725068935524], [-70.538840410609, -33.40569123462432], [-70.53890119247644, -33.40555057479026]]]}}, {"type": "Feature", "properties": {"uso": "UV", "edif": "EAb_base"}, "geometry": {"type": "Polygon", "coordinates": [[[-70.54320217193475, -33.405501968775745], [-70.54341001966107, -33.405547626285696], [-70.54337765323773, -33.40566863734361], [-70.54316397007966, -33.405618228042144], [-70.54320217193475, -33.405501968775745]]]}}, {"type": "Feature", "properties": {"uso": "UV", "edif": "EAb_base"}, "geometry": {"type": "Polygon", "coordinates": [[[-70.53972925808877, -33.40554512380103], [-70.5399197696237, -33.4055861780321], [-70.53983718147552, -33.40579464975022], [-70.539657999064, -33.40574380611225], [-70.53972925808877, -33.40554512380103]]]}}, {"type": "Feature", "properties": {"uso": "UV", "edif": "EAb_base"}, "geometry": {"type": "Polygon", "coordinates": [[[-70.5270335102575, -33.40570205580097], [-70.52738746275621, -33.40588102346088], [-70.52729199347618, -33.40601245632322], [-70.52693812501843, -33.40583831171431], [-70.5270335102575, -33.40570205580097]]]}}, {"type": "Feature", "properties": {"uso": "UV", "edif": "EAb_base"}, "geometry": {"type": "Polygon", "coordinates": [[[-70.54928558879158, -33.40543096515063], [-70.5493203446789, -33.405445004059615], [-70.54942581139315, -33.40555464635849], [-70.54933501290581, -33.405623321041325], [-70.54920028326092, -33.40548509814463], [-70.54928558879158, -33.40543096515063]]]}}, {"type": "Feature", "properties": {"uso": "UV", "edif": "EAb_base"}, "geometry": {"type": "Polygon", "coordinates": [[[-70.54832004496342, -33.40546714193641], [-70.54846052306767, -33.40560529405787], [-70.54836972374042, -33.40567396805684], [-70.54824091649336, -33.40554531883249], [-70.54824615287284, -33.40551630749677], [-70.54832004496342, -33.40546714193641]]]}}, {"type": "Feature", "properties": {"uso": "UV", "edif": "EAb_base"}, "geometry": {"type": "Polygon", "coordinates": [[[-70.5429841892891, -33.40553362633581], [-70.54315153211114, -33.40556531508604], [-70.54305349328868, -33.40587529205284], [-70.54289164392652, -33.40582906185031], [-70.5429841892891, -33.40553362633581]]]}}, {"type": "Feature", "properties": {"uso": "UV", "edif": "EAb_base"}, "geometry": {"type": "Polygon", "coordinates": [[[-70.53816588961101, -33.405598289119695], [-70.5383855751533, -33.40566310566466], [-70.53834153184414, -33.40577461165042], [-70.53812193106516, -33.405714618320715], [-70.53816588961101, -33.405598289119695]]]}}, {"type": "Feature", "properties": {"uso": "UV", "edif": "EAb_base"}, "geometry": {"type": "Polygon", "coordinates": [[[-70.5275170934851, -33.40572987248275], [-70.52787679695469, -33.40590876791072], [-70.52778141284598, -33.40604502443725], [-70.52742179341483, -33.40587095205593], [-70.5275170934851, -33.40572987248275]]]}}, {"type": "Feature", "properties": {"uso": "UV", "edif": "EAb_base"}, "geometry": {"type": "Polygon", "coordinates": [[[-70.53903995487022, -33.4055922723429], [-70.53913821307339, -33.40561999928189], [-70.53907794197467, -33.40578959891795], [-70.53896809877102, -33.40575719132117], [-70.53903995487022, -33.4055922723429]]]}}, {"type": "Feature", "properties": {"uso": "UV", "edif": "EAb_base"}, "geometry": {"type": "Polygon", "coordinates": [[[-70.5486940410016, -33.4054769463517], [-70.54882302001039, -33.405615241611976], [-70.5487435494561, -33.40567412577451], [-70.54860890623715, -33.40554072547291], [-70.5486940410016, -33.4054769463517]]]}}, {"type": "Feature", "properties": {"uso": "UV", "edif": "EAb_base"}, "geometry": {"type": "Polygon", "coordinates": [[[-70.54558337746938, -33.40551574230172], [-70.54563623670346, -33.405577800020396], [-70.54543695665693, -33.40569124250496], [-70.54539585345535, -33.405643511244506], [-70.54558337746938, -33.40551574230172]]]}}, {"type": "Feature", "properties": {"uso": "UV", "edif": "EAb_base"}, "geometry": {"type": "Polygon", "coordinates": [[[-70.53402048158102, -33.40566409415648], [-70.53411975599332, -33.40574970464451], [-70.53390997746324, -33.40592115079204], [-70.5338048683697, -33.40583078793777], [-70.53402048158102, -33.40566409415648]]]}}, {"type": "Feature", "properties": {"uso": "UV", "edif": "EAb_base"}, "geometry": {"type": "Polygon", "coordinates": [[[-70.53454389083113, -33.40566726917916], [-70.53466092437742, -33.40578160559025], [-70.53463531346335, -33.40596042309042], [-70.53441342453057, -33.40577019422009], [-70.53454389083113, -33.40566726917916]]]}}, {"type": "Feature", "properties": {"uso": "UV", "edif": "EAb_base"}, "geometry": {"type": "Polygon", "coordinates": [[[-70.54609554094358, -33.40553348166541], [-70.54621275992778, -33.40565745328159], [-70.5460304737096, -33.405756211892815], [-70.54591325483895, -33.4056322401026], [-70.54609554094358, -33.40553348166541]]]}}, {"type": "Feature", "properties": {"uso": "UV", "edif": "EAm2"}, "geometry": {"type": "Polygon", "coordinates": [[[-70.54386468471186, -33.40556609024515], [-70.54389334864352, -33.40556090916994], [-70.5441586953818, -33.405605849783335], [-70.54413199450008, -33.405721966162425], [-70.54383789811254, -33.40567738330048], [-70.54386468471186, -33.40556609024515]]]}}, {"type": "Feature", "properties": {"uso": "UV", "edif": "EAb_base"}, "geometry": {"type": "Polygon", "coordinates": [[[-70.54917754080991, -33.4054998551509], [-70.54931218480746, -33.405633254812734], [-70.54922705036446, -33.405697034348115], [-70.5490923207672, -33.405558811334075], [-70.54917754080991, -33.4054998551509]]]}}, {"type": "Feature", "properties": {"uso": "UV", "edif": "EAb_base"}, "geometry": {"type": "Polygon", "coordinates": [[[-70.54419817618992, -33.405561939319185], [-70.54443468842145, -33.40560241394062], [-70.54440798791038, -33.405718530368596], [-70.54416581086373, -33.40568295055127], [-70.54419817618992, -33.405561939319185]]]}}, {"type": "Feature", "properties": {"uso": "UEe1", "edif": "Ee1"}, "geometry": {"type": "Polygon", "coordinates": [[[-70.54007552674251, -33.405613190434906], [-70.54077965047244, -33.40575400119841], [-70.54044670396065, -33.40676642254659], [-70.53967864231585, -33.40658780895137], [-70.54007552674251, -33.405613190434906]]]}}, {"type": "Feature", "properties": {"uso": "UV", "edif": "EAb_base"}, "geometry": {"type": "Polygon", "coordinates": [[[-70.53916713257401, -33.405629289138815], [-70.53927697568143, -33.405661696562454], [-70.53920511998408, -33.405826615665084], [-70.5391010265722, -33.405794136844314], [-70.53916713257401, -33.405629289138815]]]}}, {"type": "Feature", "properties": {"uso": "UV", "edif": "EAb_base"}, "geometry": {"type": "Polygon", "coordinates": [[[-70.54687777624054, -33.405538202791945], [-70.54699294412438, -33.40554641527787], [-70.54697319400412, -33.40572998616408], [-70.54685802587834, -33.405721773666976], [-70.54687777624054, -33.405538202791945]]]}}, {"type": "Feature", "properties": {"uso": "UV", "edif": "EAb_base"}, "geometry": {"type": "Polygon", "coordinates": [[[-70.52804523384481, -33.40600318017936], [-70.52821951136032, -33.40577428895039], [-70.52849212270108, -33.40590601198264], [-70.5287735306297, -33.40588324687546], [-70.52884582534878, -33.40607050544807], [-70.52838743623262, -33.4061678166179], [-70.52804523384481, -33.40600318017936]]]}}, {"type": "Feature", "properties": {"uso": "UV", "edif": "EAb_base"}, "geometry": {"type": "Polygon", "coordinates": [[[-70.54715419629422, -33.40555887723035], [-70.54728086390985, -33.405566946022006], [-70.5472552790151, -33.40574576538951], [-70.54714011085258, -33.40573755315574], [-70.54715419629422, -33.40555887723035]]]}}, {"type": "Feature", "properties": {"uso": "UV", "edif": "EAb_base"}, "geometry": {"type": "Polygon", "coordinates": [[[-70.53840874471994, -33.40567246700638], [-70.53851867266783, -33.40570969839217], [-70.53844715562897, -33.40589391023304], [-70.5383316476459, -33.40586639666383], [-70.53840874471994, -33.40567246700638]]]}}, {"type": "Feature", "properties": {"uso": "UV", "edif": "EAb_base"}, "geometry": {"type": "Polygon", "coordinates": [[[-70.5393000602537, -33.40566623445254], [-70.53940981836374, -33.40569381847337], [-70.53933804798226, -33.40586356092786], [-70.53922820459712, -33.40583115356727], [-70.5393000602537, -33.40566623445254]]]}}, {"type": "Feature", "properties": {"uso": "UV", "edif": "EAb_base"}, "geometry": {"type": "Polygon", "coordinates": [[[-70.54858616366754, -33.405555482373906], [-70.54872080687643, -33.40568888270023], [-70.54863558633278, -33.40574783858202], [-70.54850094315572, -33.40561443816327], [-70.54858616366754, -33.405555482373906]]]}}, {"type": "Feature", "properties": {"uso": "UV", "edif": "EAb_base"}, "geometry": {"type": "Polygon", "coordinates": [[[-70.54459001986066, -33.40560530427987], [-70.54482644697366, -33.40564095487529], [-70.54483253838382, -33.4056601763498], [-70.5448053260667, -33.40574735322885], [-70.54456323418309, -33.40571659746493], [-70.54459001986066, -33.40560530427987]]]}}, {"type": "Feature", "properties": {"uso": "UV_base", "edif": "EA_base"}, "geometry": {"type": "Polygon", "coordinates": [[[-70.53366526013791, -33.40574085151762], [-70.5337820383333, -33.40584071890233], [-70.53356650899384, -33.40601223558505], [-70.53352515767466, -33.40595003032553], [-70.53352414050012, -33.4058921507821], [-70.5335630335576, -33.40581448048182], [-70.53366526013791, -33.40574085151762]]]}}, {"type": "Feature", "properties": {"uso": "UV", "edif": "EAb_base"}, "geometry": {"type": "Polygon", "coordinates": [[[-70.54565957783794, -33.40559680652194], [-70.5456890960136, -33.405639857713794], [-70.5454955657624, -33.405753228648535], [-70.54546029778089, -33.40571024904405], [-70.54565957783794, -33.40559680652194]]]}}, {"type": "Feature", "properties": {"uso": "UV", "edif": "EAb_base"}, "geometry": {"type": "Polygon", "coordinates": [[[-70.54744211614357, -33.40557940759779], [-70.54755736965258, -33.40559244282016], [-70.54753744964037, -33.40576636723391], [-70.54742803129139, -33.40575808353844], [-70.54744211614357, -33.40557940759779]]]}}, {"type": "Feature", "properties": {"uso": "UV", "edif": "EAb_base"}, "geometry": {"type": "Polygon", "coordinates": [[[-70.53566072635496, -33.4057306379415], [-70.53573819124601, -33.405884057869486], [-70.5353999657291, -33.40594613675321], [-70.53535176001378, -33.40582130052144], [-70.53566072635496, -33.4057306379415]]]}}, {"type": "Feature", "properties": {"uso": "UV_base", "edif": "EAb_base"}, "geometry": {"type": "Polygon", "coordinates": [[[-70.54315289683994, -33.40564248746516], [-70.5433664947447, -33.40568807351085], [-70.54335078067956, -33.405775107037606], [-70.54332786650991, -33.405780216454815], [-70.54312593871767, -33.4057441338449], [-70.54315289683994, -33.40564248746516]]]}}, {"type": "Feature", "properties": {"uso": "UV", "edif": "EAb_base"}, "geometry": {"type": "Polygon", "coordinates": [[[-70.54906957827839, -33.40557356832145], [-70.5492043078644, -33.40571179136026], [-70.5491305017186, -33.40576578069719], [-70.54911900201355, -33.40576592430538], [-70.54898435808973, -33.40563252443395], [-70.54906957827839, -33.40557356832145]]]}}, {"type": "Feature", "properties": {"uso": "UV", "edif": "EAb_base"}, "geometry": {"type": "Polygon", "coordinates": [[[-70.54486643979388, -33.40562598382671], [-70.5450974588111, -33.40568099858444], [-70.54507041755963, -33.405777822052286], [-70.5450244186443, -33.40577839497367], [-70.5448339046038, -33.40573734866652], [-70.54486643979388, -33.40562598382671]]]}}, {"type": "Feature", "properties": {"uso": "UV", "edif": "EAb_base"}, "geometry": {"type": "Polygon", "coordinates": [[[-70.53413726006316, -33.40576396119921], [-70.53424828891356, -33.405863899237836], [-70.53404426029057, -33.40603527449472], [-70.5339332314404, -33.40593533627566], [-70.53413726006316, -33.40576396119921]]]}}, {"type": "Feature", "properties": {"uso": "UV", "edif": "EAb_base"}, "geometry": {"type": "Polygon", "coordinates": [[[-70.54943773928247, -33.40557861901963], [-70.5494492389611, -33.40557847538261], [-70.54956646264439, -33.40570244368898], [-70.54956689089626, -33.405726559983904], [-70.54949308497156, -33.405780549530384], [-70.54935260498647, -33.40564239863757], [-70.54943773928247, -33.40557861901963]]]}}, {"type": "Feature", "properties": {"uso": "UV", "edif": "EAb_base"}, "geometry": {"type": "Polygon", "coordinates": [[[-70.54527485026532, -33.40563054563165], [-70.54536718960017, -33.40564869266512], [-70.54554318779118, -33.40584429764679], [-70.54523759067364, -33.40579986141342], [-70.54527485026532, -33.40563054563165]]]}}, {"type": "Feature", "properties": {"uso": "UV", "edif": "EAb_base"}, "geometry": {"type": "Polygon", "coordinates": [[[-70.5394329880408, -33.40570317962032], [-70.53954283133154, -33.405735586802614], [-70.53947672597546, -33.40590043468762], [-70.53936696758406, -33.40587285073494], [-70.5394329880408, -33.40570317962032]]]}}, {"type": "Feature", "properties": {"uso": "UV", "edif": "EAb_base"}, "geometry": {"type": "Polygon", "coordinates": [[[-70.53500557852291, -33.40575804391075], [-70.53511652347636, -33.40585315785216], [-70.5347930210929, -33.40609837787973], [-70.53468199132891, -33.40599844035877], [-70.53500557852291, -33.40575804391075]]]}}, {"type": "Feature", "properties": {"uso": "UV", "edif": "EAb_base"}, "geometry": {"type": "Polygon", "coordinates": [[[-70.53811077137647, -33.40573405404865], [-70.53833037219803, -33.405794047396746], [-70.53828641378587, -33.405910376649075], [-70.53806672767995, -33.40584555994667], [-70.53811077137647, -33.40573405404865]]]}}, {"type": "Feature", "properties": {"uso": "UV", "edif": "EAb_base"}, "geometry": {"type": "Polygon", "coordinates": [[[-70.54570660188473, -33.405654112582184], [-70.54576521115057, -33.40571609859389], [-70.54558858871351, -33.40580996165628], [-70.54555426038081, -33.40582003802948], [-70.54551315705308, -33.40577230681244], [-70.54570660188473, -33.405654112582184]]]}}, {"type": "Feature", "properties": {"uso": "UV", "edif": "EAb_base"}, "geometry": {"type": "Polygon", "coordinates": [[[-70.54847811495839, -33.40562437178384], [-70.54861284371533, -33.405762595488866], [-70.54853895155345, -33.40581176122389], [-70.54849853136967, -33.405802617133915], [-70.54838723004113, -33.40568822253397], [-70.54847811495839, -33.40562437178384]]]}}, {"type": "Feature", "properties": {"uso": "UV", "edif": "EAb_base"}, "geometry": {"type": "Polygon", "coordinates": [[[-70.53956591593534, -33.405740124642186], [-70.53967000943913, -33.40577260306993], [-70.53960390430092, -33.40593745101568], [-70.53949981062028, -33.40590497253823], [-70.53956591593534, -33.405740124642186]]]}}, {"type": "Feature", "properties": {"uso": "UV", "edif": "EAb_base"}, "geometry": {"type": "Polygon", "coordinates": [[[-70.5274106312847, -33.40589038688898], [-70.52777025077656, -33.406064459300495], [-70.52767486633772, -33.406200715751346], [-70.52746085212058, -33.406130985941], [-70.52725334793037, -33.40610459474368], [-70.5274106312847, -33.40589038688898]]]}}, {"type": "Feature", "properties": {"uso": "UV_base", "edif": "EAm2"}, "geometry": {"type": "Polygon", "coordinates": [[[-70.54383248958507, -33.405696747947616], [-70.5441266713859, -33.40574615409183], [-70.54407773906391, -33.405905966189884], [-70.54380003837333, -33.40581293582567], [-70.54383248958507, -33.405696747947616]]]}}, {"type": "Feature", "properties": {"uso": "UV", "edif": "EAm2"}, "geometry": {"type": "Polygon", "coordinates": [[[-70.54416040240935, -33.405702315210604], [-70.54439691500953, -33.40574278989276], [-70.54436995832157, -33.40584443650057], [-70.54413910997215, -33.40579906693091], [-70.54416040240935, -33.405702315210604]]]}}, {"type": "Feature", "properties": {"uso": "UEe2", "edif": "Ee2"}, "geometry": {"type": "Polygon", "coordinates": [[[-70.53615082519762, -33.4058017593023], [-70.5368500712453, -33.406318951386645], [-70.53699787006396, -33.40622063340934], [-70.53747766249316, -33.406359417906025], [-70.53720815195507, -33.40705746282855], [-70.53573993393259, -33.40663663348059], [-70.53583307592291, -33.4060469107528], [-70.53615082519762, -33.4058017593023]]]}}, {"type": "Feature", "properties": {"uso": "UV", "edif": "EAb_base"}, "geometry": {"type": "Polygon", "coordinates": [[[-70.54896161556314, -33.40564728140243], [-70.54910200933047, -33.405780609495665], [-70.5490167889681, -33.405839565633734], [-70.54888780931417, -33.40570127059821], [-70.54896161556314, -33.40564728140243]]]}}, {"type": "Feature", "properties": {"uso": "UV", "edif": "EAb_base"}, "geometry": {"type": "Polygon", "coordinates": [[[-70.54932977688536, -33.405652332412274], [-70.54946459264377, -33.40579537841049], [-70.54937937252265, -33.40585433479093], [-70.54924464243766, -33.40571611195972], [-70.54932977688536, -33.405652332412274]]]}}, {"type": "Feature", "properties": {"uso": "UV", "edif": "EAb_base"}, "geometry": {"type": "Polygon", "coordinates": [[[-70.54652402131516, -33.40569699216377], [-70.54657713777306, -33.40577351925466], [-70.54638875998415, -33.405853057007945], [-70.54634130802539, -33.40577163489266], [-70.54649510107846, -33.40568770404565], [-70.54652402131516, -33.40569699216377]]]}}, {"type": "Feature", "properties": {"uso": "UV_base", "edif": "EA_base"}, "geometry": {"type": "Polygon", "coordinates": [[[-70.5408027351361, -33.405758538805756], [-70.54104533718888, -33.40581824161503], [-70.5410019786702, -33.40596833467403], [-70.54075371150138, -33.40591352648795], [-70.5408027351361, -33.405758538805756]]]}}, {"type": "Feature", "properties": {"uso": "UV", "edif": "EAb_base"}, "geometry": {"type": "Polygon", "coordinates": [[[-70.53969309405844, -33.40577714088533], [-70.53982610727816, -33.40581890890269], [-70.53975991729749, -33.40597893364192], [-70.53963282395331, -33.40594674075913], [-70.53969309405844, -33.40577714088533]]]}}, {"type": "Feature", "properties": {"uso": "UV", "edif": "EAb_base"}, "geometry": {"type": "Polygon", "coordinates": [[[-70.53850878866113, -33.405801483415075], [-70.53874580966615, -33.405870908643365], [-70.53870734652133, -33.405972696854676], [-70.53847032526407, -33.40590327156099], [-70.53850878866113, -33.405801483415075]]]}}, {"type": "Feature", "properties": {"uso": "UV", "edif": "EAb_base"}, "geometry": {"type": "Polygon", "coordinates": [[[-70.53380537704851, -33.40585972770604], [-70.53389298210597, -33.40593583397215], [-70.53367178762147, -33.40611224522921], [-70.53358984771114, -33.40603124442884], [-70.53380537704851, -33.40585972770604]]]}}, {"type": "Feature", "properties": {"uso": "UV", "edif": "EAb_base"}, "geometry": {"type": "Polygon", "coordinates": [[[-70.54455782581584, -33.40573596213903], [-70.54479425327446, -33.4057716127853], [-70.54476755320258, -33.40588772927538], [-70.54453112543615, -33.4058520785876], [-70.54455782581584, -33.40573596213903]]]}}, {"type": "Feature", "properties": {"uso": "UV_base", "edif": "EAb_base"}, "geometry": {"type": "Polygon", "coordinates": [[[-70.54311478015866, -33.40576356999116], [-70.54333970747433, -33.40579936647579], [-70.54330210282436, -33.40594938868937], [-70.5430765780857, -33.40587982923254], [-70.54311478015866, -33.40576356999116]]]}}, {"type": "Feature", "properties": {"uso": "UV", "edif": "EAb_base"}, "geometry": {"type": "Polygon", "coordinates": [[[-70.54578280249082, -33.405735176718174], [-70.545853424266, -33.40582595898972], [-70.54557398745494, -33.405959697882935], [-70.54555639611186, -33.405940619729684], [-70.54557193712807, -33.405843939452105], [-70.54578280249082, -33.405735176718174]]]}}, {"type": "Feature", "properties": {"uso": "UV", "edif": "EAb_base"}, "geometry": {"type": "Polygon", "coordinates": [[[-70.53513402772484, -33.4058674142607], [-70.53519262983117, -33.40592940547779], [-70.53522857183717, -33.40601097447401], [-70.53495047468893, -33.40622186257582], [-70.53482194033262, -33.40610766875792], [-70.53513402772484, -33.4058674142607]]]}}, {"type": "Feature", "properties": {"uso": "UV", "edif": "EAb_base"}, "geometry": {"type": "Polygon", "coordinates": [[[-70.53427154292753, -33.40587808465702], [-70.53438823717143, -33.40597312815035], [-70.53417845866798, -33.40614457474632], [-70.5340617644077, -33.40604953105817], [-70.53427154292753, -33.40587808465702]]]}}, {"type": "Feature", "properties": {"uso": "UV", "edif": "EAb_base"}, "geometry": {"type": "Polygon", "coordinates": [[[-70.53879104326813, -33.405826928497504], [-70.5388950515537, -33.405854584297316], [-70.53884027455555, -33.40600964264981], [-70.53873043115124, -33.40597723484904], [-70.53879104326813, -33.405826928497504]]]}}, {"type": "Feature", "properties": {"uso": "UV", "edif": "EAb_base"}, "geometry": {"type": "Polygon", "coordinates": [[[-70.54482291720919, -33.405766431495046], [-70.54484583127638, -33.40576132180421], [-70.5450535949726, -33.40580215324592], [-70.54505968644506, -33.40582137470704], [-70.5450382241863, -33.40590848001381], [-70.54480737536933, -33.405863111703404], [-70.54482291720919, -33.405766431495046]]]}}, {"type": "Feature", "properties": {"uso": "UV", "edif": "EAb_base"}, "geometry": {"type": "Polygon", "coordinates": [[[-70.5488650667531, -33.40571602754982], [-70.54899979625341, -33.405854250810755], [-70.54891449013421, -33.40590838362165], [-70.54877993189233, -33.4057798067892], [-70.5488650667531, -33.40571602754982]]]}}, {"type": "Feature", "properties": {"uso": "UV", "edif": "EAb_base"}, "geometry": {"type": "Polygon", "coordinates": [[[-70.5380555679632, -33.40586499567007], [-70.53827525411116, -33.405929812390895], [-70.5382312105386, -33.40604131834073], [-70.53802319395574, -33.405986005540704], [-70.5380225138496, -33.405947419260194], [-70.5380555679632, -33.40586499567007]]]}}, {"type": "Feature", "properties": {"uso": "UV", "edif": "EAb_base"}, "geometry": {"type": "Polygon", "coordinates": [[[-70.54922189993586, -33.4057308689751], [-70.5493565443703, -33.40586426857175], [-70.54928282383266, -33.40592308125846], [-70.54914242955917, -33.40578975338746], [-70.54922189993586, -33.4057308689751]]]}}, {"type": "Feature", "properties": {"uso": "UV", "edif": "EAb_base"}, "geometry": {"type": "Polygon", "coordinates": [[[-70.53891822122283, -33.40586394554057], [-70.5390279794772, -33.40589152989484], [-70.53896745279862, -33.406046659633105], [-70.53886344426108, -33.40601900390206], [-70.53891822122283, -33.40586394554057]]]}}, {"type": "Feature", "properties": {"uso": "UV", "edif": "EAb_base"}, "geometry": {"type": "Polygon", "coordinates": [[[-70.53575003058887, -33.405903208662075], [-70.53581041585961, -33.406066488665424], [-70.53544284603443, -33.40609516058475], [-70.53541188987697, -33.405970110870776], [-70.53575003058887, -33.405903208662075]]]}}, {"type": "Feature", "properties": {"uso": "UV_base", "edif": "EA_base"}, "geometry": {"type": "Polygon", "coordinates": [[[-70.54115509598103, -33.40584582406929], [-70.54120100982733, -33.40584042930338], [-70.54128759878253, -33.40585865082872], [-70.54122294491411, -33.40610549527006], [-70.54108443629845, -33.40607827005073], [-70.54115509598103, -33.40584582406929]]]}}, {"type": "Feature", "properties": {"uso": "UV", "edif": "EAb_base"}, "geometry": {"type": "Polygon", "coordinates": [[[-70.5463185649966, -33.405786391390066], [-70.54638961473728, -33.40590128966905], [-70.54617257258485, -33.40598600875708], [-70.54611911449588, -33.40589018842213], [-70.5463185649966, -33.405786391390066]]]}}, {"type": "Feature", "properties": {"uso": "UV", "edif": "EAb_base"}, "geometry": {"type": "Polygon", "coordinates": [[[-70.53832623787639, -33.40588576110562], [-70.53843608102856, -33.40591816927245], [-70.53836413849768, -33.40607826464863], [-70.5382600450661, -33.40604578512287], [-70.53832623787639, -33.40588576110562]]]}}, {"type": "Feature", "properties": {"uso": "UV_base", "edif": "EAm2"}, "geometry": {"type": "Polygon", "coordinates": [[[-70.54413370150564, -33.40581843158911], [-70.54436463526771, -33.40586862443804], [-70.54432694700623, -33.40601382364028], [-70.54410090926355, -33.40591532644842], [-70.54413370150564, -33.40581843158911]]]}}, {"type": "Feature", "properties": {"uso": "UV", "edif": "EAb_base"}, "geometry": {"type": "Polygon", "coordinates": [[[-70.54658897943709, -33.40579266894494], [-70.54664810234742, -33.40588359411074], [-70.5464538890421, -33.40595838039038], [-70.54640643696226, -33.40587695830476], [-70.54658897943709, -33.40579266894494]]]}}, {"type": "Feature", "properties": {"uso": "UV", "edif": "EAb_base"}, "geometry": {"type": "Polygon", "coordinates": [[[-70.53391048617864, -33.40595009055844], [-70.53402726493519, -33.40604995769298], [-70.53380607045194, -33.40622636918691], [-70.53369512638854, -33.40613125405147], [-70.53391048617864, -33.40595009055844]]]}}, {"type": "Feature", "properties": {"uso": "UV", "edif": "EAb_base"}, "geometry": {"type": "Polygon", "coordinates": [[[-70.5280340718401, -33.40602261506467], [-70.52836468993273, -33.40618256991146], [-70.52801258583038, -33.40643777364188], [-70.52784313469331, -33.40628548166452], [-70.5280340718401, -33.40602261506467]]]}}, {"type": "Feature", "properties": {"uso": "UV", "edif": "EAb_base"}, "geometry": {"type": "Polygon", "coordinates": [[[-70.54519964767162, -33.40593059103357], [-70.54523218245286, -33.405819226112506], [-70.5455436149337, -33.405868413987065], [-70.54552747588713, -33.405931331385624], [-70.54546499610085, -33.40597552879771], [-70.54519964767162, -33.40593059103357]]]}}, {"type": "Feature", "properties": {"uso": "UV_base", "edif": "EAm2"}, "geometry": {"type": "Polygon", "coordinates": [[[-70.54379471516202, -33.405837123743275], [-70.5439970701189, -33.4058973216074], [-70.54388058958824, -33.40613998803583], [-70.54374723278883, -33.406078931351104], [-70.54379471516202, -33.405837123743275]]]}}, {"type": "Feature", "properties": {"uso": "UV_base", "edif": "EA_base"}, "geometry": {"type": "Polygon", "coordinates": [[[-70.54131076869129, -33.405868011617564], [-70.54143760686347, -33.4058857329346], [-70.54137303860469, -33.40613740071885], [-70.5412517795878, -33.406109961351554], [-70.54131076869129, -33.405868011617564]]]}}, {"type": "Feature", "properties": {"uso": "UV", "edif": "EAb_base"}, "geometry": {"type": "Polygon", "coordinates": [[[-70.53905114916957, -33.4059008911125], [-70.53916674247475, -33.40593322728612], [-70.53910613094625, -33.40608353380235], [-70.53899062252682, -33.40605602086086], [-70.53905114916957, -33.4059008911125]]]}}, {"type": "Feature", "properties": {"uso": "UV", "edif": "EAb_base"}, "geometry": {"type": "Polygon", "coordinates": [[[-70.54875710368636, -33.4057897404612], [-70.54889174752529, -33.40592314057913], [-70.54881227674724, -33.40598202478961], [-70.54867763293173, -33.40584862458576], [-70.54875710368636, -33.4057897404612]]]}}, {"type": "Feature", "properties": {"uso": "UV", "edif": "EAb_base"}, "geometry": {"type": "Polygon", "coordinates": [[[-70.5384592506691, -33.405927530602284], [-70.53856325898205, -33.4059551866795], [-70.53849706656419, -33.4061152108106], [-70.53839305807712, -33.40608755468341], [-70.5384592506691, -33.405927530602284]]]}}, {"type": "Feature", "properties": {"uso": "UV", "edif": "EAb_base"}, "geometry": {"type": "Polygon", "coordinates": [[[-70.54911960139466, -33.40579968712504], [-70.54926008128508, -33.40593783828175], [-70.54917486088475, -33.40599679452834], [-70.54903438102657, -33.40585864327523], [-70.54911960139466, -33.40579968712504]]]}}, {"type": "Feature", "properties": {"uso": "UV", "edif": "EAb_base"}, "geometry": {"type": "Polygon", "coordinates": [[[-70.54705548773337, -33.4058302708355], [-70.54716490615127, -33.405838554857986], [-70.54715082070992, -33.40601723077749], [-70.54704140206806, -33.40600894674922], [-70.54705548773337, -33.4058302708355]]]}}, {"type": "Feature", "properties": {"uso": "UV", "edif": "EAb_base"}, "geometry": {"type": "Polygon", "coordinates": [[[-70.54586526578157, -33.40584510875331], [-70.54594197940995, -33.40595511238285], [-70.545662200594, -33.40606955841046], [-70.54558582892962, -33.405978847674035], [-70.54586526578157, -33.40584510875331]]]}}, {"type": "Feature", "properties": {"uso": "UV_base", "edif": "EA_base"}, "geometry": {"type": "Polygon", "coordinates": [[[-70.54146086199754, -33.40589991697204], [-70.54159945563886, -33.40593196505344], [-70.54151823456976, -33.40621761020465], [-70.54138556079731, -33.40619513715447], [-70.54146086199754, -33.40589991697204]]]}}, {"type": "Feature", "properties": {"uso": "UV", "edif": "EAb_base"}, "geometry": {"type": "Polygon", "coordinates": [[[-70.53440574132992, -33.40598738466414], [-70.53452252068615, -33.40608725131411], [-70.53430699226537, -33.40625876925299], [-70.53419604763134, -33.40616365458291], [-70.53440574132992, -33.40598738466414]]]}}, {"type": "Feature", "properties": {"uso": "UV", "edif": "EAb_base"}, "geometry": {"type": "Polygon", "coordinates": [[[-70.54719365546424, -33.4058381962876], [-70.54730307390024, -33.4058464801875], [-70.54728323886728, -33.40602522783376], [-70.54717390572671, -33.40602176718718], [-70.54719365546424, -33.4058381962876]]]}}, {"type": "Feature", "properties": {"uso": "UV", "edif": "EAm2"}, "geometry": {"type": "Polygon", "coordinates": [[[-70.54452571705454, -33.405871443260324], [-70.54475639499829, -33.40590716555893], [-70.54473535933857, -33.40601838717024], [-70.5445046811059, -33.40598266484133], [-70.54452571705454, -33.405871443260324]]]}}, {"type": "Feature", "properties": {"uso": "UV", "edif": "EAb_base"}, "geometry": {"type": "Polygon", "coordinates": [[[-70.53919557700534, -33.40593769385046], [-70.53929383564649, -33.40596542065212], [-70.53923905930274, -33.40612047915976], [-70.53912930069825, -33.406092895003454], [-70.53919557700534, -33.40593769385046]]]}}, {"type": "Feature", "properties": {"uso": "UV", "edif": "EAb_base"}, "geometry": {"type": "Polygon", "coordinates": [[[-70.54962593115062, -33.405812660384036], [-70.54969801309322, -33.40598543574358], [-70.54959013608874, -33.40606397262496], [-70.54945540534182, -33.40592575004619], [-70.54962593115062, -33.405812660384036]]]}}, {"type": "Feature", "properties": {"uso": "UV", "edif": "EAb_base"}, "geometry": {"type": "Polygon", "coordinates": [[[-70.54732615887822, -33.40585101657004], [-70.54743557733813, -33.405859300352205], [-70.54742149245081, -33.40603797628601], [-70.54730632389207, -33.40602976421852], [-70.54732615887822, -33.40585101657004]]]}}, {"type": "Feature", "properties": {"uso": "UV", "edif": "EAb_base"}, "geometry": {"type": "Polygon", "coordinates": [[[-70.54479621717698, -33.40588254799026], [-70.54503281591519, -33.40592784470536], [-70.54502774924313, -33.40596650247326], [-70.54499993924628, -33.40601991650407], [-70.54476917553517, -33.40597937140081], [-70.54479621717698, -33.40588254799026]]]}}, {"type": "Feature", "properties": {"uso": "UV_base", "edif": "EA_base"}, "geometry": {"type": "Polygon", "coordinates": [[[-70.5407483874351, -33.40593771429882], [-70.54099656949276, -33.40598769921519], [-70.54095278493863, -33.40611367586657], [-70.54070451737937, -33.40605886759421], [-70.5407483874351, -33.40593771429882]]]}}, {"type": "Feature", "properties": {"uso": "UV", "edif": "EAb_base"}, "geometry": {"type": "Polygon", "coordinates": [[[-70.53859217853946, -33.405964476668586], [-70.53869618693454, -33.40599213263171], [-70.53863574464457, -33.40615208550803], [-70.53852015122276, -33.40611974884325], [-70.53859217853946, -33.405964476668586]]]}}, {"type": "Feature", "properties": {"uso": "UV", "edif": "EAb_base"}, "geometry": {"type": "Polygon", "coordinates": [[[-70.54746432665426, -33.405858941718904], [-70.54757374513228, -33.405867225378486], [-70.54755966052797, -33.406045901319644], [-70.54745024182597, -33.40603761765429], [-70.54746432665426, -33.405858941718904]]]}}, {"type": "Feature", "properties": {"uso": "UV_base", "edif": "EA_base"}, "geometry": {"type": "Polygon", "coordinates": [[[-70.54162829027052, -33.40593643104861], [-70.54174954914741, -33.40596387005201], [-70.5416625786437, -33.406249586746206], [-70.54154140459842, -33.40622697094646], [-70.54162829027052, -33.40593643104861]]]}}, {"type": "Feature", "properties": {"uso": "UV", "edif": "EAb_base"}, "geometry": {"type": "Polygon", "coordinates": [[[-70.52885774773938, -33.406094480246175], [-70.52892928222528, -33.40623832900486], [-70.52851739884231, -33.40636401354769], [-70.52840502396755, -33.406186897311684], [-70.52885774773938, -33.406094480246175]]]}}, {"type": "Feature", "properties": {"uso": "UV_base", "edif": "EAm2"}, "geometry": {"type": "Polygon", "coordinates": [[[-70.54402032565268, -33.40591150515283], [-70.54432162393194, -33.40603801157591], [-70.54417081545351, -33.406290754282765], [-70.54390384517028, -33.40615417160126], [-70.54402032565268, -33.40591150515283]]]}}, {"type": "Feature", "properties": {"uso": "UV", "edif": "EAb_base"}, "geometry": {"type": "Polygon", "coordinates": [[[-70.54865480469566, -33.405858558239665], [-70.54878953410157, -33.40599678172922], [-70.54870431331405, -33.40605573766275], [-70.54856966954044, -33.40592233734172], [-70.54865480469566, -33.405858558239665]]]}}, {"type": "Feature", "properties": {"uso": "UV", "edif": "EAb_base"}, "geometry": {"type": "Polygon", "coordinates": [[[-70.54770616308167, -33.40587522198879], [-70.54769207874857, -33.406053897937], [-70.54758274557055, -33.406050437652375], [-70.54759683012783, -33.40587176171007], [-70.54770616308167, -33.40587522198879]]]}}, {"type": "Feature", "properties": {"uso": "UV", "edif": "EAb_base"}, "geometry": {"type": "Polygon", "coordinates": [[[-70.53931700538531, -33.40597478181863], [-70.53942676389228, -33.40600236581187], [-70.53937198776669, -33.40615742437124], [-70.53926222907798, -33.40612984033527], [-70.53931700538531, -33.40597478181863]]]}}, {"type": "Feature", "properties": {"uso": "UV", "edif": "EAb_base"}, "geometry": {"type": "Polygon", "coordinates": [[[-70.54773499794902, -33.405879686555686], [-70.54784441646908, -33.405887969974934], [-70.5478303324188, -33.406066645930395], [-70.54771516379917, -33.40605843424483], [-70.54773499794902, -33.405879686555686]]]}}, {"type": "Feature", "properties": {"uso": "UV", "edif": "EAb_base"}, "geometry": {"type": "Polygon", "coordinates": [[[-70.5352404959482, -33.4060349486089], [-70.53525893372333, -33.40610226120158], [-70.53525496588914, -33.40620362147865], [-70.53523323911249, -33.40627625549286], [-70.53516035693782, -33.40638329297533], [-70.53497372890949, -33.40623604785655], [-70.5352404959482, -33.4060349486089]]]}}, {"type": "Feature", "properties": {"uso": "UV", "edif": "EAb_base"}, "geometry": {"type": "Polygon", "coordinates": [[[-70.54901163845145, -33.40587340025383], [-70.54915211829939, -33.40601155153275], [-70.5490725620016, -33.40606561264669], [-70.54893216780141, -33.40593228453797], [-70.54901163845145, -33.40587340025383]]]}}, {"type": "Feature", "properties": {"uso": "UV", "edif": "EAb_base"}, "geometry": {"type": "Polygon", "coordinates": [[[-70.54787316578908, -33.405887611246634], [-70.54798850531894, -33.40590546931665], [-70.54797433599951, -33.406079322017234], [-70.54785341747892, -33.406071182212166], [-70.54787316578908, -33.405887611246634]]]}}, {"type": "Feature", "properties": {"uso": "UV", "edif": "EAb_base"}, "geometry": {"type": "Polygon", "coordinates": [[[-70.53872510651726, -33.406001422588986], [-70.5388292000525, -33.406033901721166], [-70.53876867292801, -33.40618903137193], [-70.53865891436816, -33.40616144679782], [-70.53872510651726, -33.406001422588986]]]}}, {"type": "Feature", "properties": {"uso": "UV", "edif": "EAb_base"}, "geometry": {"type": "Polygon", "coordinates": [[[-70.54666002953304, -33.40590756705852], [-70.54670765284999, -33.405998635570015], [-70.54650743302015, -33.406059023833926], [-70.54646581618617, -33.40598235335778], [-70.54666002953304, -33.40590756705852]]]}}, {"type": "Feature", "properties": {"uso": "UV_base", "edif": "EA_base"}, "geometry": {"type": "Polygon", "coordinates": [[[-70.54177263391014, -33.40596840747565], [-70.54189964275884, -33.40599577486561], [-70.54182425776047, -33.406286171993685], [-70.54169149860058, -33.406258875999875], [-70.54177263391014, -33.40596840747565]]]}}, {"type": "Feature", "properties": {"uso": "UV", "edif": "EAb_base"}, "geometry": {"type": "Polygon", "coordinates": [[[-70.53404476905268, -33.4060642142588], [-70.5341557981966, -33.406164152367644], [-70.53395176870742, -33.40633552748959], [-70.53382932449638, -33.406240554687514], [-70.53404476905268, -33.4060642142588]]]}}, {"type": "Feature", "properties": {"uso": "UV", "edif": "EAb_base"}, "geometry": {"type": "Polygon", "coordinates": [[[-70.54640145637936, -33.40592043937754], [-70.54646675646616, -33.40603540928194], [-70.54624370777802, -33.406105730383274], [-70.54618441419241, -33.40600515848708], [-70.54640145637936, -33.40592043937754]]]}}, {"type": "Feature", "properties": {"uso": "UV", "edif": "EAb_base"}, "geometry": {"type": "Polygon", "coordinates": [[[-70.53945568354929, -33.40601165559646], [-70.53956552724073, -33.40604406274573], [-70.53950500143394, -33.40619919271833], [-70.53939515756512, -33.40616678552118], [-70.53945568354929, -33.40601165559646]]]}}, {"type": "Feature", "properties": {"uso": "UV_base", "edif": "EA_base"}, "geometry": {"type": "Polygon", "coordinates": [[[-70.54192847742425, -33.406000240789886], [-70.5420497364731, -33.406027679494265], [-70.54196851681408, -33.40631332489639], [-70.54184734261247, -33.406290709400615], [-70.54192847742425, -33.406000240789886]]]}}, {"type": "Feature", "properties": {"uso": "UV", "edif": "EAb_base"}, "geometry": {"type": "Polygon", "coordinates": [[[-70.53885803460248, -33.40603836836346], [-70.53895629326193, -33.406066095431946], [-70.5388958514083, -33.40622604842101], [-70.53879184267484, -33.406198392636156], [-70.53885803460248, -33.40603836836346]]]}}, {"type": "Feature", "properties": {"uso": "UV", "edif": "EAb_base"}, "geometry": {"type": "Polygon", "coordinates": [[[-70.5455394882049, -33.40596012771764], [-70.54562778673582, -33.40607481153863], [-70.54536027565818, -33.40623252303167], [-70.54525515471164, -33.406142170237445], [-70.54538603539618, -33.406063350489326], [-70.5454538380441, -33.405994965139605], [-70.54548258743182, -33.4059946069642], [-70.5455394882049, -33.40596012771764]]]}}, {"type": "Feature", "properties": {"uso": "UV", "edif": "EAb_base"}, "geometry": {"type": "Polygon", "coordinates": [[[-70.54854117700167, -33.4059371660152], [-70.54855851219315, -33.40594177394298], [-70.54868157063059, -33.40607049458345], [-70.54858502113619, -33.40613924052816], [-70.54846204832646, -33.40601534305323], [-70.54846728465382, -33.40598633171161], [-70.54854117700167, -33.4059371660152]]]}}, {"type": "Feature", "properties": {"uso": "UV", "edif": "EAb_base"}, "geometry": {"type": "Polygon", "coordinates": [[[-70.53958861192781, -33.40604860057849], [-70.53971570540743, -33.40608079350229], [-70.53965526495222, -33.406240746821524], [-70.5395280861597, -33.40620373056115], [-70.53958861192781, -33.40604860057849]]]}}, {"type": "Feature", "properties": {"uso": "UV", "edif": "EAb_base"}, "geometry": {"type": "Polygon", "coordinates": [[[-70.54596540616522, -33.40597894208791], [-70.54600693710977, -33.40605078947788], [-70.54572707264366, -33.406160412389326], [-70.5456740421036, -33.406088708191845], [-70.54592524248866, -33.40598426695511], [-70.54596540616522, -33.40597894208791]]]}}, {"type": "Feature", "properties": {"uso": "UV", "edif": "EAb_base"}, "geometry": {"type": "Polygon", "coordinates": [[[-70.54890933957475, -33.4059422182384], [-70.54904406950726, -33.406080441434284], [-70.54896459869707, -33.40613932574212], [-70.54882986879218, -33.40600110246015], [-70.54890933957475, -33.4059422182384]]]}}, {"type": "Feature", "properties": {"uso": "UV", "edif": "EAb_base"}, "geometry": {"type": "Polygon", "coordinates": [[[-70.53480494509886, -33.40612235205924], [-70.53489847087504, -33.40620803302214], [-70.5346491219639, -33.40641856474877], [-70.5345496766165, -33.406323308144664], [-70.53477611069016, -33.4061178844695], [-70.53480494509886, -33.40612235205924]]]}}, {"type": "Feature", "properties": {"uso": "UV", "edif": "EAb_base"}, "geometry": {"type": "Polygon", "coordinates": [[[-70.54943266282406, -33.4059405071003], [-70.5495673935597, -33.40607872970385], [-70.54947650901269, -33.4061425812384], [-70.54934186395315, -33.406009181795454], [-70.54943266282406, -33.4059405071003]]]}}, {"type": "Feature", "properties": {"uso": "UV", "edif": "EAm2"}, "geometry": {"type": "Polygon", "coordinates": [[[-70.5447637672001, -33.40599873608224], [-70.54498311659528, -33.40604424768913], [-70.54494423375739, -33.406121921279365], [-70.54492706949058, -33.40612695938054], [-70.54474238999236, -33.40609066461484], [-70.5447637672001, -33.40599873608224]]]}}, {"type": "Feature", "properties": {"uso": "UC1", "edif": "EAm2"}, "geometry": {"type": "Polygon", "coordinates": [[[-70.54449927271146, -33.40600202951291], [-70.54472995099387, -33.40603775185037], [-70.54471939044888, -33.406090951019216], [-70.5446351912589, -33.406207783475196], [-70.5444606455621, -33.40609417277483], [-70.54449927271146, -33.40600202951291]]]}}, {"type": "Feature", "properties": {"uso": "UV_base", "edif": "EA_base"}, "geometry": {"type": "Polygon", "coordinates": [[[-70.54207282126617, -33.40603221686103], [-70.54220566542561, -33.40606433572956], [-70.54212436101095, -33.40634515794305], [-70.54199743682204, -33.406322614077084], [-70.54207282126617, -33.40603221686103]]]}}, {"type": "Feature", "properties": {"uso": "UV", "edif": "EAb_base"}, "geometry": {"type": "Polygon", "coordinates": [[[-70.52838227766591, -33.406201650608466], [-70.5284945680275, -33.40637394355917], [-70.52812394664747, -33.406557010556554], [-70.52803008907966, -33.406452031081514], [-70.52838227766591, -33.406201650608466]]]}}, {"type": "Feature", "properties": {"uso": "UV", "edif": "EAb_base"}, "geometry": {"type": "Polygon", "coordinates": [[[-70.53898521289472, -33.406075385326965], [-70.53909505650957, -33.406107792895334], [-70.53903452981719, -33.40626292266201], [-70.53892477108894, -33.40623533832858], [-70.53898521289472, -33.406075385326965]]]}}, {"type": "Feature", "properties": {"uso": "UV", "edif": "EAb_base"}, "geometry": {"type": "Polygon", "coordinates": [[[-70.53451178423671, -33.40613080320579], [-70.53461697923814, -33.40622598871806], [-70.53441861566456, -33.40639247015879], [-70.53430192080924, -33.406297426717224], [-70.53451178423671, -33.40613080320579]]]}}, {"type": "Feature", "properties": {"uso": "UV", "edif": "EAb_base"}, "geometry": {"type": "Polygon", "coordinates": [[[-70.53796773523332, -33.40610247727111], [-70.53800789955471, -33.406097154965636], [-70.53818708183569, -33.4061480009917], [-70.53814303805036, -33.40625950691283], [-70.53792343615939, -33.40619951326718], [-70.53796773523332, -33.40610247727111]]]}}, {"type": "Feature", "properties": {"uso": "UEe1", "edif": "Ee1"}, "geometry": {"type": "Polygon", "coordinates": [[[-70.5406991081306, -33.406078232124166], [-70.54094746091792, -33.40613786368401], [-70.54090925578582, -33.40625412233854], [-70.54066107300687, -33.406204137269796], [-70.5406991081306, -33.406078232124166]]]}}, {"type": "Feature", "properties": {"uso": "UV_base", "edif": "EA_base"}, "geometry": {"type": "Polygon", "coordinates": [[[-70.5422287502354, -33.40606887306677], [-70.54235575935569, -33.4060962399809], [-70.5422745406522, -33.40638188555347], [-70.54214753113446, -33.40635451856859], [-70.5422287502354, -33.40606887306677]]]}}, {"type": "Feature", "properties": {"uso": "UV", "edif": "EAb_base"}, "geometry": {"type": "Polygon", "coordinates": [[[-70.54671949457473, -33.40601778524546], [-70.54675561825458, -33.40610899711951], [-70.54654964832486, -33.40616945715182], [-70.54651361031311, -33.40608306847883], [-70.54671949457473, -33.40601778524546]]]}}, {"type": "Feature", "properties": {"uso": "UV", "edif": "EAb_base"}, "geometry": {"type": "Polygon", "coordinates": [[[-70.53911814119272, -33.406112330815844], [-70.53922798489923, -33.406144738263535], [-70.53916745842292, -33.40629986808817], [-70.53905769961048, -33.40627228387506], [-70.53911814119272, -33.406112330815844]]]}}, {"type": "Feature", "properties": {"uso": "UV", "edif": "EAb_base"}, "geometry": {"type": "Polygon", "coordinates": [[[-70.53417905227823, -33.40617833780166], [-70.53429008172165, -33.40627827577999], [-70.5340916325906, -33.40643993342411], [-70.53396927287221, -33.40634978406414], [-70.53417905227823, -33.40617833780166]]]}}, {"type": "Feature", "properties": {"uso": "UV", "edif": "EAb_base"}, "geometry": {"type": "Polygon", "coordinates": [[[-70.54691516134511, -33.4060249940554], [-70.5470763288816, -33.40603263281852], [-70.54705649335585, -33.40621138043792], [-70.54694707447526, -33.406203096333435], [-70.54691516134511, -33.4060249940554]]]}}, {"type": "Feature", "properties": {"uso": "UV_base", "edif": "EA_base"}, "geometry": {"type": "Polygon", "coordinates": [[[-70.54107327723743, -33.40609770602656], [-70.54136762950135, -33.4061567652736], [-70.5413297657153, -33.40629231715068], [-70.54103532783165, -33.406228434549355], [-70.54107327723743, -33.40609770602656]]]}}, {"type": "Feature", "properties": {"uso": "UV", "edif": "EAb_base"}, "geometry": {"type": "Polygon", "coordinates": [[[-70.52895262002993, -33.4062573387477], [-70.5290298202455, -33.40639629326076], [-70.52861818977031, -33.406536448069176], [-70.5285349866462, -33.40638309422051], [-70.52895262002993, -33.4062573387477]]]}}, {"type": "Feature", "properties": {"uso": "UV", "edif": "EAb_base"}, "geometry": {"type": "Polygon", "coordinates": [[[-70.5488070405354, -33.4060110361425], [-70.54894760591698, -33.40615401091324], [-70.54886238509148, -33.4062129669553], [-70.54885088532606, -33.406213110540335], [-70.54871615547754, -33.40607488713451], [-70.5488070405354, -33.4060110361425]]]}}, {"type": "Feature", "properties": {"uso": "UV", "edif": "EAb_base"}, "geometry": {"type": "Polygon", "coordinates": [[[-70.54709941389918, -33.40603716924207], [-70.54722033233223, -33.406045309785725], [-70.54720624698861, -33.406223985703484], [-70.54708532830794, -33.40621584515339], [-70.54709941389918, -33.40603716924207]]]}}, {"type": "Feature", "properties": {"uso": "UV_base", "edif": "EA_base"}, "geometry": {"type": "Polygon", "coordinates": [[[-70.54237884418063, -33.40610077728968], [-70.54252885296593, -33.406127858052926], [-70.54244772006787, -33.4064183269967], [-70.54229762554974, -33.40638642287513], [-70.54237884418063, -33.40610077728968]]]}}, {"type": "Feature", "properties": {"uso": "UV", "edif": "EAb_base"}, "geometry": {"type": "Polygon", "coordinates": [[[-70.53821016648922, -33.406152539082235], [-70.53832575985183, -33.406184876037834], [-70.53826514670041, -33.406335182183646], [-70.5381553030742, -33.40630277388073], [-70.53821016648922, -33.406152539082235]]]}}, {"type": "Feature", "properties": {"uso": "UV", "edif": "EAb_base"}, "geometry": {"type": "Polygon", "coordinates": [[[-70.54724908171254, -33.40604495120054], [-70.54737583557102, -33.40605784313782], [-70.54735600065732, -33.40623659078694], [-70.54722924654013, -33.40622369883713], [-70.54724908171254, -33.40604495120054]]]}}, {"type": "Feature", "properties": {"uso": "UV", "edif": "EAb_base"}, "geometry": {"type": "Polygon", "coordinates": [[[-70.54931337152514, -33.40602401064317], [-70.549342463426, -33.406042944610235], [-70.54944793092096, -33.406152586858454], [-70.54943677374526, -33.40617202353325], [-70.54936288173052, -33.40622118975267], [-70.54922248683995, -33.406087861995836], [-70.54931337152514, -33.40602401064317]]]}}, {"type": "Feature", "properties": {"uso": "UV", "edif": "EAb_base"}, "geometry": {"type": "Polygon", "coordinates": [[[-70.54647868362514, -33.406059382247406], [-70.54652081341051, -33.406164992310536], [-70.54629750802867, -33.40622084371781], [-70.54624979953424, -33.40612495177689], [-70.54647868362514, -33.406059382247406]]]}}, {"type": "Feature", "properties": {"uso": "UV", "edif": "EAb_base"}, "geometry": {"type": "Polygon", "coordinates": [[[-70.53925681950273, -33.4061492048114], [-70.53936091339632, -33.40618168348582], [-70.53929463721929, -33.40633688471818], [-70.53919062823945, -33.40630922927564], [-70.53925681950273, -33.4061492048114]]]}}, {"type": "Feature", "properties": {"uso": "UV", "edif": "EAb_base"}, "geometry": {"type": "Polygon", "coordinates": [[[-70.54602461402776, -33.406074690830216], [-70.54607824305413, -33.406180157736074], [-70.54579203027444, -33.40625608959625], [-70.54574466406935, -33.40617949051536], [-70.54598445031176, -33.406080015717684], [-70.54602461402776, -33.406074690830216]]]}}, {"type": "Feature", "properties": {"uso": "UV", "edif": "EAb_base"}, "geometry": {"type": "Polygon", "coordinates": [[[-70.54739883507692, -33.406057556241294], [-70.54752550343095, -33.40606562476095], [-70.54750566882375, -33.406244372425], [-70.54737900021053, -33.406236303892726], [-70.54739883507692, -33.406057556241294]]]}}, {"type": "Feature", "properties": {"uso": "UV", "edif": "EAb_base"}, "geometry": {"type": "Polygon", "coordinates": [[[-70.54754850293726, -33.406065337836615], [-70.54766942143345, -33.40607347794003], [-70.54765542255605, -33.406256977144594], [-70.54752875391688, -33.40624890876622], [-70.54754850293726, -33.406065337836615]]]}}, {"type": "Feature", "properties": {"uso": "UV", "edif": "EAb_base"}, "geometry": {"type": "Polygon", "coordinates": [[[-70.54564529268745, -33.406089066412505], [-70.54572192083165, -33.406194246908356], [-70.54545398244935, -33.406327842267764], [-70.54537778160035, -33.406246777943295], [-70.54564529268745, -33.406089066412505]]]}}, {"type": "Feature", "properties": {"uso": "UV", "edif": "EAb_base"}, "geometry": {"type": "Polygon", "coordinates": [[[-70.53491597516268, -33.40622228945967], [-70.53514336171109, -33.4063979763223], [-70.53504164478132, -33.40650054623224], [-70.53480284313463, -33.406329824763205], [-70.53491597516268, -33.40622228945967]]]}}, {"type": "Feature", "properties": {"uso": "UV", "edif": "EAb_base"}, "geometry": {"type": "Polygon", "coordinates": [[[-70.54769825636522, -33.4060779425135], [-70.54782492476409, -33.40608601072565], [-70.54780517632427, -33.406269581682075], [-70.54767850765917, -33.40626151345761], [-70.54769825636522, -33.4060779425135]]]}}, {"type": "Feature", "properties": {"uso": "UC1", "edif": "EAm2"}, "geometry": {"type": "Polygon", "coordinates": [[[-70.54494466073892, -33.406146037625376], [-70.54495058142123, -33.406155612552496], [-70.54478648163828, -33.40630721052516], [-70.54465269708164, -33.40622203849278], [-70.54473131714273, -33.406114924166104], [-70.54494466073892, -33.406146037625376]]]}}, {"type": "Feature", "properties": {"uso": "UC1", "edif": "EAm2"}, "geometry": {"type": "Polygon", "coordinates": [[[-70.54445532252113, -33.40611836071495], [-70.54461828309147, -33.406227291344166], [-70.54444894489623, -33.40640790010536], [-70.54434425146206, -33.40634166287216], [-70.54433790401465, -33.406307971562626], [-70.54445532252113, -33.40611836071495]]]}}, {"type": "Feature", "properties": {"uso": "UV", "edif": "EAb_base"}, "geometry": {"type": "Polygon", "coordinates": [[[-70.53834892955338, -33.40619423738619], [-70.53845293815654, -33.40622189354669], [-70.53839807512523, -33.40637212844025], [-70.53828823140735, -33.40633972025799], [-70.53834892955338, -33.40619423738619]]]}}, {"type": "Feature", "properties": {"uso": "UV", "edif": "EAb_base"}, "geometry": {"type": "Polygon", "coordinates": [[[-70.53938399811102, -33.40618622135584], [-70.53949384200085, -33.40621862856219], [-70.5394275660378, -33.40637382985871], [-70.53932355697584, -33.406346174530306], [-70.53938399811102, -33.40618622135584]]]}}, {"type": "Feature", "properties": {"uso": "UV", "edif": "EAb_base"}, "geometry": {"type": "Polygon", "coordinates": [[[-70.53791802628089, -33.40621887769335], [-70.53813771323844, -33.40628369463165], [-70.53809924921401, -33.40638548267332], [-70.53786823219544, -33.406330454812206], [-70.53791802628089, -33.40621887769335]]]}}, {"type": "Feature", "properties": {"uso": "UV", "edif": "EAb_base"}, "geometry": {"type": "Polygon", "coordinates": [[[-70.54869341279131, -33.40608964405743], [-70.54883389251232, -33.40622779569667], [-70.54876008570476, -33.406281784828], [-70.54872558637939, -33.40628221555224], [-70.54860261316587, -33.40615831823099], [-70.54869341279131, -33.40608964405743]]]}}, {"type": "Feature", "properties": {"uso": "UV", "edif": "EAb_base"}, "geometry": {"type": "Polygon", "coordinates": [[[-70.5354284818974, -33.40625936598219], [-70.53580899541899, -33.40631254763847], [-70.53576021723026, -33.406482003465314], [-70.53537327410915, -33.406390306523505], [-70.5354284818974, -33.40625936598219]]]}}, {"type": "Feature", "properties": {"uso": "UC1", "edif": "EAm2"}, "geometry": {"type": "Polygon", "coordinates": [[[-70.54500224502678, -33.40615014477008], [-70.54506634783652, -33.40619758969133], [-70.54487392563829, -33.4063736622029], [-70.5448039875055, -33.40632146551988], [-70.54494542930695, -33.40618944704796], [-70.54500224502678, -33.40615014477008]]]}}, {"type": "Feature", "properties": {"uso": "UV", "edif": "EAb_base"}, "geometry": {"type": "Polygon", "coordinates": [[[-70.53848185779283, -33.40623118355892], [-70.53858586647812, -33.40625883960532], [-70.53852525373382, -33.40640914586518], [-70.53842699480664, -33.4063814184638], [-70.53848185779283, -33.40623118355892]]]}}, {"type": "Feature", "properties": {"uso": "UV", "edif": "EAb_base"}, "geometry": {"type": "Polygon", "coordinates": [[[-70.54919399436538, -33.40610269081728], [-70.54921716512797, -33.40611205010235], [-70.54934013912143, -33.40623594679181], [-70.54924358998925, -33.40630469323778], [-70.54910894501513, -33.40617129354225], [-70.54911443801385, -33.406156751958996], [-70.54919399436538, -33.40610269081728]]]}}, {"type": "Feature", "properties": {"uso": "UV", "edif": "EAb_base"}, "geometry": {"type": "Polygon", "coordinates": [[[-70.54676763099974, -33.40613779331941], [-70.54679225500546, -33.40622914856914], [-70.54659186374157, -33.40627989045036], [-70.5465802784678, -33.40627521055984], [-70.5465557401529, -33.406188678528146], [-70.54675029585324, -33.406133185139815], [-70.54676763099974, -33.40613779331941]]]}}, {"type": "Feature", "properties": {"uso": "UV", "edif": "EAb_base"}, "geometry": {"type": "Polygon", "coordinates": [[[-70.53952276173702, -33.40622791832857], [-70.53964410554822, -33.40626018267798], [-70.53961130812505, -33.406357076491226], [-70.53958898926466, -33.406395948196035], [-70.53956624488472, -33.406410703491105], [-70.53945648581967, -33.406383119639045], [-70.53952276173702, -33.40622791832857]]]}}, {"type": "Feature", "properties": {"uso": "UEe1", "edif": "Ee1"}, "geometry": {"type": "Polygon", "coordinates": [[[-70.54065574890028, -33.40622832507685], [-70.54089818183736, -33.40627838157815], [-70.54085448218211, -33.40640918147564], [-70.54061196374246, -33.40635430162076], [-70.54065574890028, -33.40622832507685]]]}}, {"type": "Feature", "properties": {"uso": "UV", "edif": "EAb_base"}, "geometry": {"type": "Polygon", "coordinates": [[[-70.53428501025721, -33.40631693324366], [-70.53440170512171, -33.406411976700646], [-70.53423716194547, -33.406539444780925], [-70.53411488673763, -33.40645411886774], [-70.53428501025721, -33.40631693324366]]]}}, {"type": "Feature", "properties": {"uso": "UV", "edif": "EAb_base"}, "geometry": {"type": "Polygon", "coordinates": [[[-70.54953383647562, -33.40613221649656], [-70.54966856767558, -33.406270438972925], [-70.54958343290043, -33.406334218757046], [-70.5494487017289, -33.406195996188515], [-70.54953383647562, -33.40613221649656]]]}}, {"type": "Feature", "properties": {"uso": "UV", "edif": "EAb_base"}, "geometry": {"type": "Polygon", "coordinates": [[[-70.5386147861397, -33.40626812958575], [-70.53871879490711, -33.406295785518026], [-70.53865818237144, -33.40644609183616], [-70.53855417344, -33.406418435858285], [-70.5386147861397, -33.40626812958575]]]}}, {"type": "Feature", "properties": {"uso": "UV", "edif": "EAb_base"}, "geometry": {"type": "Polygon", "coordinates": [[[-70.52850640587904, -33.406393095085214], [-70.52861328476318, -33.406584751983054], [-70.52820706476517, -33.406705541385996], [-70.52813578444554, -33.406576162119045], [-70.52850640587904, -33.406393095085214]]]}}, {"type": "Feature", "properties": {"uso": "UEe1", "edif": "Ee1"}, "geometry": {"type": "Polygon", "coordinates": [[[-70.54102991864792, -33.406247799091425], [-70.5413186066844, -33.40631175314715], [-70.54128074276413, -33.406447305010076], [-70.54098613402716, -33.406373775751845], [-70.54102991864792, -33.406247799091425]]]}}, {"type": "Feature", "properties": {"uso": "UV", "edif": "EAb_base"}, "geometry": {"type": "Polygon", "coordinates": [[[-70.54653274060328, -33.40618896526939], [-70.54656337073372, -33.40629471868165], [-70.54635722927429, -33.40634553187774], [-70.54630359980573, -33.40624006510787], [-70.54653274060328, -33.40618896526939]]]}}, {"type": "Feature", "properties": {"uso": "UV", "edif": "EAb_base"}, "geometry": {"type": "Polygon", "coordinates": [[[-70.54609008466943, -33.40619930747434], [-70.54613804942323, -33.40630966927853], [-70.54586882964306, -33.40637091652324], [-70.5458097071787, -33.406279990978945], [-70.54609008466943, -33.40619930747434]]]}}, {"type": "Feature", "properties": {"uso": "UV", "edif": "EAm2"}, "geometry": {"type": "Polygon", "coordinates": [[[-70.54509535351086, -33.40621170141022], [-70.5451888037664, -33.40629255105021], [-70.54497312578422, -33.406454440395756], [-70.54489718143806, -33.406387845575104], [-70.54509535351086, -33.40621170141022]]]}}, {"type": "Feature", "properties": {"uso": "UV", "edif": "EAb_base"}, "geometry": {"type": "Polygon", "coordinates": [[[-70.53452701618637, -33.40634288583223], [-70.53463229629646, -33.40644289461302], [-70.5343999414799, -33.40663874258702], [-70.53426616608692, -33.40655355907873], [-70.53452701618637, -33.40634288583223]]]}}, {"type": "Feature", "properties": {"uso": "UV", "edif": "EAb_base"}, "geometry": {"type": "Polygon", "coordinates": [[[-70.52702909020128, -33.4064354112363], [-70.52738287687302, -33.40660473218687], [-70.52729332565906, -33.40674574087692], [-70.52693936976247, -33.40656677306662], [-70.52702909020128, -33.4064354112363]]]}}, {"type": "Feature", "properties": {"uso": "UV", "edif": "EAb_base"}, "geometry": {"type": "Polygon", "coordinates": [[[-70.53478009792627, -33.40634457920331], [-70.53501898442083, -33.4065201240073], [-70.53491143241317, -33.4066179416771], [-70.5346838760627, -33.40643260781373], [-70.53478009792627, -33.40634457920331]]]}}, {"type": "Feature", "properties": {"uso": "UV", "edif": "EAb_base"}, "geometry": {"type": "Polygon", "coordinates": [[[-70.52904749268406, -33.40642019716246], [-70.52910761237125, -33.406569010849154], [-70.52869031575771, -33.40671406009624], [-70.528630027672, -33.406555599581544], [-70.52904749268406, -33.40642019716246]]]}}, {"type": "Feature", "properties": {"uso": "UV", "edif": "EAb_base"}, "geometry": {"type": "Polygon", "coordinates": [[[-70.54573376237217, -33.4062133966828], [-70.54580455539373, -33.406313825500064], [-70.54580472628261, -33.40632347203427], [-70.54571907588442, -33.406358309644666], [-70.54565394737953, -33.406252985865954], [-70.54573376237217, -33.4062133966828]]]}}, {"type": "Feature", "properties": {"uso": "UV", "edif": "EAb_base"}, "geometry": {"type": "Polygon", "coordinates": [[[-70.5387419646778, -33.40630514679075], [-70.53884022360802, -33.40633287394248], [-70.53878536118864, -33.40648310898767], [-70.53868126712541, -33.406450629835845], [-70.5387419646778, -33.40630514679075]]]}}, {"type": "Feature", "properties": {"uso": "UV", "edif": "EAb_base"}, "geometry": {"type": "Polygon", "coordinates": [[[-70.54908036686851, -33.40618129907903], [-70.54922076170469, -33.406314626996746], [-70.54911854812465, -33.40638826841875], [-70.54908954177816, -33.406374157661666], [-70.54898982432759, -33.40626444330854], [-70.54898948184663, -33.406245150269], [-70.54908036686851, -33.40618129907903]]]}}, {"type": "Feature", "properties": {"uso": "UC1", "edif": "EAm2"}, "geometry": {"type": "Polygon", "coordinates": [[[-70.54464153881165, -33.40624147476694], [-70.54476382358584, -33.406326790017225], [-70.54462804581742, -33.40645391342695], [-70.54464014330146, -33.40648753311982], [-70.54459474164992, -33.40652186878037], [-70.5444779505479, -33.40642201196905], [-70.54464153881165, -33.40624147476694]]]}}, {"type": "Feature", "properties": {"uso": "UV", "edif": "EAb_base"}, "geometry": {"type": "Polygon", "coordinates": [[[-70.53814414332318, -33.406322209611815], [-70.53825398697039, -33.406354617923945], [-70.53817139414356, -33.40656308864261], [-70.5380673001913, -33.40653060897202], [-70.53814414332318, -33.406322209611815]]]}}, {"type": "Feature", "properties": {"uso": "UV", "edif": "EAb_base"}, "geometry": {"type": "Polygon", "coordinates": [[[-70.52773109140436, -33.40645571376896], [-70.52801224143953, -33.40674653613023], [-70.52812765720745, -33.40709729174728], [-70.52770232626614, -33.40711217931655], [-70.52765919738235, -33.4072767382752], [-70.52727090742835, -33.407107842991344], [-70.52773109140436, -33.40645571376896]]]}}, {"type": "Feature", "properties": {"uso": "UV", "edif": "EAb_base"}, "geometry": {"type": "Polygon", "coordinates": [[[-70.5378570723761, -33.40634989051932], [-70.53808817445875, -33.40640974168436], [-70.5380384655106, -33.40652614214972], [-70.53781302807273, -33.40646139633475], [-70.5378570723761, -33.40634989051932]]]}}, {"type": "Feature", "properties": {"uso": "UV", "edif": "EAb_base"}, "geometry": {"type": "Polygon", "coordinates": [[[-70.54942020926036, -33.406210825061606], [-70.54956060464953, -33.40634415257763], [-70.54948113396864, -33.406403037210936], [-70.5493406529591, -33.406264886346314], [-70.54942020926036, -33.406210825061606]]]}}, {"type": "Feature", "properties": {"uso": "UV", "edif": "EAb_base"}, "geometry": {"type": "Polygon", "coordinates": [[[-70.53886914331915, -33.40634216386202], [-70.53898473715515, -33.40637450018824], [-70.53892987496398, -33.406524735290034], [-70.5388142809449, -33.40649239891852], [-70.53886914331915, -33.40634216386202]]]}}, {"type": "Feature", "properties": {"uso": "UV", "edif": "EAb_base"}, "geometry": {"type": "Polygon", "coordinates": [[[-70.54679834689117, -33.4062483699317], [-70.54682889186357, -33.406349300002795], [-70.54662266495927, -33.4063952903739], [-70.54659795558753, -33.406299111823785], [-70.54679834689117, -33.4062483699317]]]}}, {"type": "Feature", "properties": {"uso": "UV", "edif": "EAb_base"}, "geometry": {"type": "Polygon", "coordinates": [[[-70.54563111867246, -33.40626291897561], [-70.54567273492823, -33.40633958974577], [-70.545524262678, -33.40639933164356], [-70.54547157385217, -33.406346920432796], [-70.54563111867246, -33.40626291897561]]]}}, {"type": "Feature", "properties": {"uso": "UV", "edif": "EAb_base"}, "geometry": {"type": "Polygon", "coordinates": [[[-70.53828290663196, -33.40636390798174], [-70.53851984397888, -33.406428510313496], [-70.5384756304164, -33.406530369772646], [-70.53823869281906, -33.406465767364416], [-70.53828290663196, -33.40636390798174]]]}}, {"type": "Feature", "properties": {"uso": "UV_base", "edif": "EAb_base"}, "geometry": {"type": "Polygon", "coordinates": [[[-70.53526640156669, -33.40652671081372], [-70.53536211371771, -33.406409742022035], [-70.53575480685278, -33.406501367810485], [-70.53571118420147, -33.406636989404596], [-70.53564218484472, -33.40663784359506], [-70.53526640156669, -33.40652671081372]]]}}, {"type": "Feature", "properties": {"uso": "UV", "edif": "EAb_base"}, "geometry": {"type": "Polygon", "coordinates": [[[-70.53901357182492, -33.40637896679069], [-70.53912341583612, -33.40641137432116], [-70.53906280393343, -33.40656168081669], [-70.53895304481752, -33.40653409652059], [-70.53901357182492, -33.40637896679069]]]}}, {"type": "Feature", "properties": {"uso": "UC1", "edif": "EAm2"}, "geometry": {"type": "Polygon", "coordinates": [[[-70.54520630969398, -33.406306805986354], [-70.54529409566697, -33.40639255043173], [-70.54506717403045, -33.40656905300075], [-70.54527294815027, -33.40682217942761], [-70.5450104154831, -33.40693640918991], [-70.54462383274235, -33.40654080387756], [-70.54478707935574, -33.406340973411055], [-70.54498505260061, -33.40647841351346], [-70.54520630969398, -33.406306805986354]]]}}, {"type": "Feature", "properties": {"uso": "UEe1", "edif": "Ee1"}, "geometry": {"type": "Polygon", "coordinates": [[[-70.54060655445733, -33.40637366614691], [-70.54084332302966, -33.40642861743247], [-70.5408110379108, -33.4065544511937], [-70.54056851908743, -33.40649957126589], [-70.54060655445733, -33.40637366614691]]]}}, {"type": "Feature", "properties": {"uso": "UV", "edif": "EAb_base"}, "geometry": {"type": "Polygon", "coordinates": [[[-70.53466113080724, -33.406447362233116], [-70.53488868715084, -33.406632696138075], [-70.53481512555756, -33.40670114709876], [-70.53457057382907, -33.40653049633309], [-70.53466113080724, -33.406447362233116]]]}}, {"type": "Feature", "properties": {"uso": "UV", "edif": "EAb_base"}, "geometry": {"type": "Polygon", "coordinates": [[[-70.54931791033499, -33.406279643381716], [-70.5494583913343, -33.40641779427214], [-70.5493788348742, -33.40647185558435], [-70.54934974281895, -33.40645292163145], [-70.54923843954089, -33.406338527863106], [-70.54931791033499, -33.406279643381716]]]}}, {"type": "Feature", "properties": {"uso": "UV", "edif": "EAb_base"}, "geometry": {"type": "Polygon", "coordinates": [[[-70.54657529795722, -33.406318691635086], [-70.54660575721272, -33.40641479850152], [-70.54641094435517, -33.406455821884585], [-70.54638785925647, -33.40645128533533], [-70.54636332107421, -33.406364753263865], [-70.54657529795722, -33.406318691635086]]]}}, {"type": "Feature", "properties": {"uso": "UV", "edif": "EAb_base"}, "geometry": {"type": "Polygon", "coordinates": [[[-70.54614989107019, -33.406328819009815], [-70.54619202060553, -33.406434429187925], [-70.54593412940088, -33.40648588671052], [-70.5458865920417, -33.40639964116014], [-70.54589217104572, -33.40638992297109], [-70.54614989107019, -33.406328819009815]]]}}, {"type": "Feature", "properties": {"uso": "UEe1", "edif": "Ee1"}, "geometry": {"type": "Polygon", "coordinates": [[[-70.54097497490876, -33.40639321171965], [-70.54121766403979, -33.40645773740954], [-70.54118520907578, -33.40657392469765], [-70.5409426899922, -33.40651904551004], [-70.54097497490876, -33.40639321171965]]]}}, {"type": "Feature", "properties": {"uso": "UV", "edif": "EAb_base"}, "geometry": {"type": "Polygon", "coordinates": [[[-70.53914658567834, -33.406420735515994], [-70.5392563447044, -33.40644831964364], [-70.53918998307596, -33.40659869754286], [-70.53908597381019, -33.40657104202168], [-70.53914658567834, -33.406420735515994]]]}}, {"type": "Feature", "properties": {"uso": "UV", "edif": "EAb_base"}, "geometry": {"type": "Polygon", "coordinates": [[[-70.54738071083808, -33.406332769163384], [-70.54736087589494, -33.40651151680716], [-70.5472457067126, -33.406503304701815], [-70.54726562741651, -33.40632938033327], [-70.54732304083414, -33.406323839866275], [-70.54738071083808, -33.406332769163384]]]}}, {"type": "Feature", "properties": {"uso": "UV", "edif": "EAb_base"}, "geometry": {"type": "Polygon", "coordinates": [[[-70.54582231775919, -33.40634255014738], [-70.54588152573056, -33.40643829895001], [-70.54577871097325, -33.406478174834504], [-70.54577854008625, -33.406468528300444], [-70.5457372654367, -33.406411150640515], [-70.54573091744805, -33.406377459418266], [-70.54582231775919, -33.40634255014738]]]}}, {"type": "Feature", "properties": {"uso": "UV", "edif": "EAb_base"}, "geometry": {"type": "Polygon", "coordinates": [[[-70.53854301376555, -33.4064378716228], [-70.53864702271723, -33.40646552760939], [-70.53858091515194, -33.40663037506247], [-70.53847107104366, -33.40659796705472], [-70.53854301376555, -33.4064378716228]]]}}, {"type": "Feature", "properties": {"uso": "UV", "edif": "EAb_base"}, "geometry": {"type": "Polygon", "coordinates": [[[-70.54740371041638, -33.40633248226388], [-70.5475188793814, -33.406340694228774], [-70.54749338035295, -33.406524336879436], [-70.54738387552055, -33.406511229909974], [-70.54740371041638, -33.40633248226388]]]}}, {"type": "Feature", "properties": {"uso": "UV", "edif": "EAb_base"}, "geometry": {"type": "Polygon", "coordinates": [[[-70.52692254187559, -33.40659110194629], [-70.52727632899641, -33.40676042318466], [-70.5271809430537, -33.406896679284394], [-70.52683282112257, -33.406722463705464], [-70.52692254187559, -33.40659110194629]]]}}, {"type": "Feature", "properties": {"uso": "UV", "edif": "EAb_base"}, "geometry": {"type": "Polygon", "coordinates": [[[-70.5475419645008, -33.406345230566714], [-70.54765138359522, -33.40635351413938], [-70.54763154920548, -33.40653226181002], [-70.54752212988733, -33.40652397822647], [-70.5475419645008, -33.406345230566714]]]}}, {"type": "Feature", "properties": {"uso": "UV", "edif": "EAb_base"}, "geometry": {"type": "Polygon", "coordinates": [[[-70.53927942948555, -33.406452857531065], [-70.53938352375374, -33.40648533617435], [-70.53932291225819, -33.406635642783925], [-70.53921315297539, -33.406608058723364], [-70.53927942948555, -33.406452857531065]]]}}, {"type": "Feature", "properties": {"uso": "UV", "edif": "EAb_base"}, "geometry": {"type": "Polygon", "coordinates": [[[-70.54767438317603, -33.40635322718954], [-70.54778380228832, -33.40636151064472], [-70.54776405372307, -33.40654508159102], [-70.54765463438098, -33.406536798125224], [-70.54767438317603, -33.40635322718954]]]}}, {"type": "Feature", "properties": {"uso": "UV", "edif": "EAb_base"}, "geometry": {"type": "Polygon", "coordinates": [[[-70.5468407336652, -33.40636844966348], [-70.54686518681487, -33.4064501583622], [-70.54665904518816, -33.40650097206426], [-70.54662875682105, -33.40641451174505], [-70.5468407336652, -33.40636844966348]]]}}, {"type": "Feature", "properties": {"uso": "UV", "edif": "EAb_base"}, "geometry": {"type": "Polygon", "coordinates": [[[-70.53780761815565, -33.406480760756466], [-70.53803305564053, -33.40654550657976], [-70.53798901147607, -33.40665701245068], [-70.5377635737291, -33.40659226655575], [-70.53780761815565, -33.406480760756466]]]}}, {"type": "Feature", "properties": {"uso": "UV", "edif": "EAb_base"}, "geometry": {"type": "Polygon", "coordinates": [[[-70.52913103482868, -33.40659284385852], [-70.5292084892284, -33.40674626814992], [-70.52875068857668, -33.406877343876815], [-70.52869640372913, -33.40673328245944], [-70.52913103482868, -33.40659284385852]]]}}, {"type": "Feature", "properties": {"uso": "UV", "edif": "EAb_base"}, "geometry": {"type": "Polygon", "coordinates": [[[-70.53867019252657, -33.40647488889421], [-70.53878003654481, -33.40650729672853], [-70.53871959409176, -33.40666724963872], [-70.53860974988996, -33.4066348417568], [-70.53867019252657, -33.40647488889421]]]}}, {"type": "Feature", "properties": {"uso": "UV", "edif": "EAb_base"}, "geometry": {"type": "Polygon", "coordinates": [[[-70.52863095713026, -33.40660865594555], [-70.52869200576042, -33.40681052620708], [-70.52826735220553, -33.406864002121516], [-70.52822465257485, -33.4067246221018], [-70.52863095713026, -33.40660865594555]]]}}, {"type": "Feature", "properties": {"uso": "UV", "edif": "EAb_base"}, "geometry": {"type": "Polygon", "coordinates": [[[-70.54920994698905, -33.40635335668992], [-70.54935025666403, -33.406481861184815], [-70.54933909942707, -33.40650129785166], [-70.54927087135069, -33.40654556894877], [-70.54913047605412, -33.40641224110549], [-70.54920994698905, -33.40635335668992]]]}}, {"type": "Feature", "properties": {"uso": "UV", "edif": "EAb_base"}, "geometry": {"type": "Polygon", "coordinates": [[[-70.54794505604043, -33.40637397152067], [-70.54807172488277, -33.406382039467324], [-70.54805197692241, -33.40656561044157], [-70.54792522225144, -33.4065527192205], [-70.54794505604043, -33.40637397152067]]]}}, {"type": "Feature", "properties": {"uso": "UC1", "edif": "EAm2"}, "geometry": {"type": "Polygon", "coordinates": [[[-70.545317351537, -33.40640673372301], [-70.54539947323258, -33.40649737298327], [-70.54516637457861, -33.40664983102503], [-70.54509583820646, -33.406563871641005], [-70.545317351537, -33.40640673372301]]]}}, {"type": "Feature", "properties": {"uso": "UV", "edif": "EAb_base"}, "geometry": {"type": "Polygon", "coordinates": [[[-70.53941235847701, -33.40648980268236], [-70.53953953764724, -33.40652681904922], [-70.53947901149374, -33.40668194900841], [-70.53935183211782, -33.40664493258611], [-70.53941235847701, -33.40648980268236]]]}}, {"type": "Feature", "properties": {"uso": "UV_base", "edif": "EAb_base"}, "geometry": {"type": "Polygon", "coordinates": [[[-70.5344346108134, -33.40664796242731], [-70.53455366329554, -33.40655000289504], [-70.53479246509427, -33.406720724834756], [-70.53472448364346, -33.40677945801933], [-70.53468440359751, -33.40678960256752], [-70.53444644998562, -33.4066671133473], [-70.5344346108134, -33.40664796242731]]]}}, {"type": "Feature", "properties": {"uso": "UV", "edif": "EAb_base"}, "geometry": {"type": "Polygon", "coordinates": [[[-70.54571435125932, -33.40641626049895], [-70.54575588222345, -33.40648810796808], [-70.54563023856882, -33.40653791686259], [-70.54557729329684, -33.406471035899735], [-70.54571435125932, -33.40641626049895]]]}}, {"type": "Feature", "properties": {"uso": "UV", "edif": "EAb_base"}, "geometry": {"type": "Polygon", "coordinates": [[[-70.53880312132054, -33.40651183470484], [-70.53891871536197, -33.406544171086026], [-70.53885827314313, -33.40670412405634], [-70.53874267890747, -33.406671787625065], [-70.53880312132054, -33.40651183470484]]]}}, {"type": "Feature", "properties": {"uso": "UV", "edif": "EAb_base"}, "geometry": {"type": "Polygon", "coordinates": [[[-70.5466119345618, -33.40643884313868], [-70.54663647301251, -33.40652537515226], [-70.54643016010141, -33.40656654195154], [-70.54639995741131, -33.406484904837065], [-70.54640553636224, -33.40647518662654], [-70.5466119345618, -33.40643884313868]]]}}, {"type": "Feature", "properties": {"uso": "UEe1", "edif": "Ee1"}, "geometry": {"type": "Polygon", "coordinates": [[[-70.5405573598595, -33.40651900719887], [-70.54080562865961, -33.406573815727015], [-70.5407450195874, -33.4067241229611], [-70.5405082502597, -33.40666917151161], [-70.5405573598595, -33.40651900719887]]]}}, {"type": "Feature", "properties": {"uso": "UV", "edif": "EAb_base"}, "geometry": {"type": "Polygon", "coordinates": [[[-70.53805614039325, -33.406550044695905], [-70.53816598430127, -33.40658245307756], [-70.5380832210297, -33.406781277173835], [-70.53797337689606, -33.40674886872617], [-70.53805614039325, -33.406550044695905]]]}}, {"type": "Feature", "properties": {"uso": "UV", "edif": "EAb_base"}, "geometry": {"type": "Polygon", "coordinates": [[[-70.54619811237639, -33.406453650582755], [-70.54623457759226, -33.40656415567673], [-70.54598792950348, -33.40660100017757], [-70.54594022111947, -33.4065051081194], [-70.54619811237639, -33.406453650582755]]]}}, {"type": "Feature", "properties": {"uso": "UV", "edif": "EAb_base"}, "geometry": {"type": "Polygon", "coordinates": [[[-70.54589345279062, -33.40646227197331], [-70.54595300273904, -33.40657731380186], [-70.54571261703123, -33.40664302570211], [-70.5456478300534, -33.406556994999676], [-70.54589345279062, -33.40646227197331]]]}}, {"type": "Feature", "properties": {"uso": "UV", "edif": "EAb_base"}, "geometry": {"type": "Polygon", "coordinates": [[[-70.53894188521964, -33.40655353231853], [-70.53905172942925, -33.40658593990608], [-70.53898545241755, -33.40674114098798], [-70.53888135797484, -33.40670866201634], [-70.53894188521964, -33.40655353231853]]]}}, {"type": "Feature", "properties": {"uso": "UV", "edif": "EAb_base"}, "geometry": {"type": "Polygon", "coordinates": [[[-70.54687702863893, -33.40646930801849], [-70.54690148185443, -33.406551016706985], [-70.5468959884607, -33.40656555820266], [-70.54668976108975, -33.4066115486975], [-70.54666513706623, -33.40652019343286], [-70.54687702863893, -33.40646930801849]]]}}, {"type": "Feature", "properties": {"uso": "UEe1", "edif": "Ee1"}, "geometry": {"type": "Polygon", "coordinates": [[[-70.54093161602256, -33.40654330475231], [-70.54117979990728, -33.40659328924489], [-70.54114295792384, -33.40678672039759], [-70.54087160340056, -33.40672737498798], [-70.54093161602256, -33.40654330475231]]]}}, {"type": "Feature", "properties": {"uso": "UV", "edif": "EAb_base"}, "geometry": {"type": "Polygon", "coordinates": [[[-70.53907481423802, -33.40659047783076], [-70.53917890860332, -33.40662295664258], [-70.5391183817416, -33.406778086443715], [-70.53900853726478, -33.40674567892381], [-70.53907481423802, -33.40659047783076]]]}}, {"type": "Feature", "properties": {"uso": "UV", "edif": "EAm2"}, "geometry": {"type": "Polygon", "coordinates": [[[-70.54541131474745, -33.406516522788436], [-70.545493778359, -33.40662645504946], [-70.54524858177568, -33.4067452936478], [-70.54518396598802, -33.40666890922984], [-70.54541131474745, -33.406516522788436]]]}}, {"type": "Feature", "properties": {"uso": "UV", "edif": "EAb_base"}, "geometry": {"type": "Polygon", "coordinates": [[[-70.53775241385495, -33.406611702254274], [-70.53797785164527, -33.406676448168085], [-70.53793380735014, -33.40678795402104], [-70.53770836929773, -33.406723208035594], [-70.53775241385495, -33.406611702254274]]]}}, {"type": "Feature", "properties": {"uso": "UV", "edif": "EAb_base"}, "geometry": {"type": "Polygon", "coordinates": [[[-70.54955150311918, -33.40647934746529], [-70.54960402309834, -33.40652211035214], [-70.54970966283946, -33.406641398859435], [-70.54971592671805, -33.40667026657391], [-70.54964212011474, -33.40672425622151], [-70.54946636805752, -33.40654312717532], [-70.54955150311918, -33.40647934746529]]]}}, {"type": "Feature", "properties": {"uso": "UV", "edif": "EAb_base"}, "geometry": {"type": "Polygon", "coordinates": [[[-70.53967331791605, -33.40661199672328], [-70.5399100866261, -33.40666694978683], [-70.53986029488867, -33.40677852763211], [-70.53962910563288, -33.40671385655483], [-70.53967331791605, -33.40661199672328]]]}}, {"type": "Feature", "properties": {"uso": "UV", "edif": "EAb_base"}, "geometry": {"type": "Polygon", "coordinates": [[[-70.54724604881146, -33.40652259775646], [-70.54736121801936, -33.40653080986072], [-70.5473357186185, -33.40671445248469], [-70.5472262990885, -33.406706168646146], [-70.54724604881146, -33.40652259775646]]]}}, {"type": "Feature", "properties": {"uso": "UV", "edif": "EAb_base"}, "geometry": {"type": "Polygon", "coordinates": [[[-70.53920774336383, -33.406627423197065], [-70.53931758775677, -33.406659830543276], [-70.53925714620571, -33.40681978368647], [-70.53914730162923, -33.406787376292655], [-70.53920774336383, -33.406627423197065]]]}}, {"type": "Feature", "properties": {"uso": "UV", "edif": "EAb_base"}, "geometry": {"type": "Polygon", "coordinates": [[[-70.54738430318247, -33.40653534622666], [-70.54749372250683, -33.40654362993177], [-70.54747388776572, -33.40672237758245], [-70.54736446821765, -33.40671409386646], [-70.54738430318247, -33.40653534622666]]]}}, {"type": "Feature", "properties": {"uso": "UV", "edif": "EAb_base"}, "geometry": {"type": "Polygon", "coordinates": [[[-70.54664256488756, -33.406544596522], [-70.54667310979903, -33.406645526629006], [-70.54647237558125, -33.406676975282764], [-70.54645504034033, -33.40667236706493], [-70.54643625193467, -33.406585763332515], [-70.54664256488756, -33.406544596522]]]}}, {"type": "Feature", "properties": {"uso": "UV", "edif": "EAb_base"}, "geometry": {"type": "Polygon", "coordinates": [[[-70.52922032728773, -33.40676541960082], [-70.52928653564413, -33.40693345551009], [-70.52881080810995, -33.40702615770225], [-70.52876252655622, -33.40689649537338], [-70.52922032728773, -33.40676541960082]]]}}, {"type": "Feature", "properties": {"uso": "UV", "edif": "EAb_base"}, "geometry": {"type": "Polygon", "coordinates": [[[-70.54751672213946, -33.40654334300972], [-70.54762614148164, -33.40655162659731], [-70.54760639255694, -33.40673519752386], [-70.54749697298494, -33.40672691392564], [-70.54751672213946, -33.40654334300972]]]}}, {"type": "Feature", "properties": {"uso": "UV", "edif": "EAb_base"}, "geometry": {"type": "Polygon", "coordinates": [[[-70.54765497657067, -33.40655609117602], [-70.54776439593705, -33.406564374640794], [-70.54774456174937, -33.40674312231835], [-70.54763514215925, -33.406734838842716], [-70.54765497657067, -33.40655609117602]]]}}, {"type": "Feature", "properties": {"uso": "UV", "edif": "EAb_base"}, "geometry": {"type": "Polygon", "coordinates": [[[-70.53815609986083, -33.406674238073336], [-70.5383988729582, -33.406743592597685], [-70.53835482917691, -33.40685509858456], [-70.53811205579713, -33.40678574398308], [-70.53815609986083, -33.406674238073336]]]}}, {"type": "Feature", "properties": {"uso": "UV", "edif": "EAb_base"}, "geometry": {"type": "Polygon", "coordinates": [[[-70.53934067259708, -33.40666436841747], [-70.53947360193776, -33.406701313491936], [-70.53940741069916, -33.40686133805873], [-70.53928023108601, -33.406824321570674], [-70.53934067259708, -33.40666436841747]]]}}, {"type": "Feature", "properties": {"uso": "UV", "edif": "EAb_base"}, "geometry": {"type": "Polygon", "coordinates": [[[-70.54778739557219, -33.40656408766842], [-70.54790256486541, -33.40657229926684], [-70.54787698103979, -33.406751118706445], [-70.54776764698613, -33.40674765861059], [-70.54778739557219, -33.40656408766842]]]}}, {"type": "Feature", "properties": {"uso": "UV", "edif": "EAb_base"}, "geometry": {"type": "Polygon", "coordinates": [[[-70.54624066938264, -33.40658337706854], [-70.5462714702629, -33.406698777084145], [-70.54602473635644, -33.40673079840182], [-70.54599977116023, -33.406620149922134], [-70.54624066938264, -33.40658337706854]]]}}, {"type": "Feature", "properties": {"uso": "UV", "edif": "EAb_base"}, "geometry": {"type": "Polygon", "coordinates": [[[-70.5469078303081, -33.40658470785502], [-70.54693262562067, -33.4066857095912], [-70.54673772684073, -33.406721910234324], [-70.54671464165655, -33.40671737374862], [-70.54669585298325, -33.40663077006385], [-70.5469078303081, -33.40658470785502]]]}}, {"type": "Feature", "properties": {"uso": "UV", "edif": "EAb_base"}, "geometry": {"type": "Polygon", "coordinates": [[[-70.53993317149464, -33.40667148754978], [-70.54019302540709, -33.406730977821105], [-70.54019911589153, -33.40675019954704], [-70.54016648919789, -33.406856740046315], [-70.53989496479333, -33.406787745927616], [-70.53993317149464, -33.40667148754978]]]}}, {"type": "Feature", "properties": {"uso": "UV", "edif": "EAb_base"}, "geometry": {"type": "Polygon", "coordinates": [[[-70.54792565006362, -33.40657683553086], [-70.54805231920031, -33.40658490348866], [-70.5480321433257, -33.40674435814811], [-70.54800940034873, -33.40675911495243], [-70.54790581620563, -33.406755583224424], [-70.54792565006362, -33.40657683553086]]]}}, {"type": "Feature", "properties": {"uso": "UV", "edif": "EAb_base"}, "geometry": {"type": "Polygon", "coordinates": [[[-70.54595917992287, -33.40660135847578], [-70.54599573036462, -33.406716686910734], [-70.54577808769368, -33.40676764250046], [-70.54572454407581, -33.4066669987414], [-70.54595917992287, -33.40660135847578]]]}}, {"type": "Feature", "properties": {"uso": "UV", "edif": "EAb_base"}, "geometry": {"type": "Polygon", "coordinates": [[[-70.5384383572318, -33.406699683877136], [-70.53854245151385, -33.4067321632257], [-70.53848767339507, -33.40688722143497], [-70.53837791402651, -33.40685963663776], [-70.5384383572318, -33.406699683877136]]]}}, {"type": "Feature", "properties": {"uso": "UV", "edif": "EAb_base"}, "geometry": {"type": "Polygon", "coordinates": [[[-70.52877588563841, -33.40700246636219], [-70.52831639333304, -33.407037074420984], [-70.52827352457383, -33.40688804781376], [-70.52870384371766, -33.40682967771007], [-70.52877588563841, -33.40700246636219]]]}}, {"type": "Feature", "properties": {"uso": "UV", "edif": "EA_base"}, "geometry": {"type": "Polygon", "coordinates": [[[-70.54049717615031, -33.40669343071853], [-70.54075119535837, -33.40674816793475], [-70.54068500645914, -33.406908193116145], [-70.54044789605979, -33.40683394845137], [-70.54049717615031, -33.40669343071853]]]}}, {"type": "Feature", "properties": {"uso": "UV", "edif": "EAm2"}, "geometry": {"type": "Polygon", "coordinates": [[[-70.54551136983319, -33.40664553320598], [-70.54557057768858, -33.406741282156446], [-70.54532521006034, -33.40685047437523], [-70.54526608780657, -33.40675954857161], [-70.54551136983319, -33.40664553320598]]]}}, {"type": "Feature", "properties": {"uso": "UV", "edif": "EAb_base"}, "geometry": {"type": "Polygon", "coordinates": [[[-70.53770295934336, -33.40674257245308], [-70.53792264749127, -33.40680738973391], [-70.5378842680158, -33.40691400099902], [-70.53766466461825, -33.406854006943306], [-70.53767514456662, -33.406795984970444], [-70.53770295934336, -33.40674257245308]]]}}, {"type": "Feature", "properties": {"uso": "UV", "edif": "EAb_base"}, "geometry": {"type": "Polygon", "coordinates": [[[-70.538565536339, -33.40673670124472], [-70.53867538065576, -33.406769109162084], [-70.53861493784686, -33.40692906202544], [-70.53851084330236, -33.406896582746235], [-70.538565536339, -33.40673670124472]]]}}, {"type": "Feature", "properties": {"uso": "UV", "edif": "EAb_base"}, "geometry": {"type": "Polygon", "coordinates": [[[-70.5494847311977, -33.4066056140705], [-70.54961929177072, -33.406734190055055], [-70.54951141379426, -33.40681272688756], [-70.54949407838295, -33.40680811910004], [-70.54940560281095, -33.40668379169554], [-70.54941092449873, -33.406659603583584], [-70.5494847311977, -33.4066056140705]]]}}, {"type": "Feature", "properties": {"uso": "UV", "edif": "EAb_base"}, "geometry": {"type": "Polygon", "coordinates": [[[-70.53962378121302, -33.406738044324754], [-70.53985488541288, -33.40679789212974], [-70.53981075837407, -33.406904575299976], [-70.53957965391552, -33.406844727420975], [-70.53962378121302, -33.406738044324754]]]}}, {"type": "Feature", "properties": {"uso": "UV", "edif": "EAb_base"}, "geometry": {"type": "Polygon", "coordinates": [[[-70.54022769532402, -33.40674019602318], [-70.54044129461671, -33.40678578706606], [-70.54036326462551, -33.406926661783416], [-70.54018957412843, -33.406861277759575], [-70.54022769532402, -33.40674019602318]]]}}, {"type": "Feature", "properties": {"uso": "UV", "edif": "EAb_base"}, "geometry": {"type": "Polygon", "coordinates": [[[-70.54667920169156, -33.40666474799609], [-70.54670399676785, -33.406765749783695], [-70.54648592702185, -33.40679259028181], [-70.54646696759036, -33.406696340026734], [-70.54667920169156, -33.40666474799609]]]}}, {"type": "Feature", "properties": {"uso": "UV", "edif": "EAb_base"}, "geometry": {"type": "Polygon", "coordinates": [[[-70.53796805201247, -33.40677305643806], [-70.53807781115611, -33.406800641605216], [-70.53801144722713, -33.40695101893138], [-70.53790743787015, -33.406923362424614], [-70.53796805201247, -33.40677305643806]]]}}, {"type": "Feature", "properties": {"uso": "UV", "edif": "EAb_base"}, "geometry": {"type": "Polygon", "coordinates": [[[-70.53869846549668, -33.406773647155866], [-70.53881414491386, -33.40681080690707], [-70.53875361727948, -33.40696593654793], [-70.53864385773636, -33.406938351991684], [-70.53869846549668, -33.406773647155866]]]}}, {"type": "Feature", "properties": {"uso": "UEe1", "edif": "Ee1"}, "geometry": {"type": "Polygon", "coordinates": [[[-70.54086052938679, -33.40675163422447], [-70.54113763392272, -33.406810908220315], [-70.54111744532749, -33.40697036211359], [-70.54080524439908, -33.40687775367132], [-70.54086052938679, -33.40675163422447]]]}}, {"type": "Feature", "properties": {"uso": "UV", "edif": "EAb_base"}, "geometry": {"type": "Polygon", "coordinates": [[[-70.5343230042494, -33.406842316587664], [-70.53457228847581, -33.40695501718508], [-70.5345783777506, -33.40697423922135], [-70.53453415927808, -33.40707609740604], [-70.53426221409353, -33.40698297438623], [-70.5343230042494, -33.406842316587664]]]}}, {"type": "Feature", "properties": {"uso": "UV", "edif": "EAb_base"}, "geometry": {"type": "Polygon", "coordinates": [[[-70.53810089597887, -33.40680517971086], [-70.53821074022704, -33.406837588041924], [-70.538150211491, -33.40699271741887], [-70.53804036706546, -33.40696030903994], [-70.53810089597887, -33.40680517971086]]]}}, {"type": "Feature", "properties": {"uso": "UV", "edif": "EAb_base"}, "geometry": {"type": "Polygon", "coordinates": [[[-70.54693871757304, -33.40670493094371], [-70.54696342745095, -33.406801109405734], [-70.54675694307208, -33.40683263023247], [-70.5467396077865, -33.40682802205584], [-70.54672656898357, -33.406741346683056], [-70.54693871757304, -33.40670493094371]]]}}, {"type": "Feature", "properties": {"uso": "UV_base", "edif": "EA_base"}, "geometry": {"type": "Polygon", "coordinates": [[[-70.53676345042746, -33.40695201301635], [-70.53670266418592, -33.40709267189851], [-70.53635596723872, -33.40700047951535], [-70.53625113362068, -33.407252643531955], [-70.53622229877564, -33.407248176292036], [-70.53638182960614, -33.40683613164518], [-70.53676345042746, -33.40695201301635]]]}}, {"type": "Feature", "properties": {"uso": "UV", "edif": "EAb_base"}, "geometry": {"type": "Polygon", "coordinates": [[[-70.54627756207194, -33.40671799847326], [-70.5463025276513, -33.40682864688441], [-70.54606137240565, -33.40685095007721], [-70.54603082811414, -33.40675001980444], [-70.54627756207194, -33.40671799847326]]]}}, {"type": "Feature", "properties": {"uso": "UV", "edif": "EAb_base"}, "geometry": {"type": "Polygon", "coordinates": [[[-70.53883722977206, -33.40681534487446], [-70.53894707428019, -33.40684775254507], [-70.53888654686187, -33.40700288224389], [-70.53877670217638, -33.40697047452541], [-70.53883722977206, -33.40681534487446]]]}}, {"type": "Feature", "properties": {"uso": "UV", "edif": "EAb_base"}, "geometry": {"type": "Polygon", "coordinates": [[[-70.53987805543238, -33.40680725318216], [-70.54010341002314, -33.406867171890646], [-70.54005962377664, -33.406993148259076], [-70.5398341837673, -33.40692840620046], [-70.53987805543238, -33.40680725318216]]]}}, {"type": "Feature", "properties": {"uso": "UV", "edif": "EAb_base"}, "geometry": {"type": "Polygon", "coordinates": [[[-70.54600190757158, -33.40674073158138], [-70.54602018284059, -33.40679839579162], [-70.54585403303277, -33.406834236748864], [-70.54580803357771, -33.40683480997669], [-70.54579010021962, -33.406796438798764], [-70.54579559381268, -33.406781897346875], [-70.54600190757158, -33.40674073158138]]]}}, {"type": "Feature", "properties": {"uso": "UV", "edif": "EAb_base"}, "geometry": {"type": "Polygon", "coordinates": [[[-70.52938284686957, -33.40717830977638], [-70.52927579476723, -33.4073050625742], [-70.52881850178771, -33.407137022852226], [-70.52881698064024, -33.407050203362246], [-70.52929837374737, -33.40695260695176], [-70.52938284686957, -33.40717830977638]]]}}, {"type": "Feature", "properties": {"uso": "UV", "edif": "EAb_base"}, "geometry": {"type": "Polygon", "coordinates": [[[-70.53823391009333, -33.4068469494062], [-70.5383436694054, -33.406874534332694], [-70.53828314088543, -33.40702966376761], [-70.53817329636821, -33.40699725550935], [-70.53823391009333, -33.4068469494062]]]}}, {"type": "Feature", "properties": {"uso": "UV", "edif": "EAm2"}, "geometry": {"type": "Polygon", "coordinates": [[[-70.54558241927563, -33.40676043194252], [-70.54564179816514, -33.406865827386966], [-70.545396088592, -33.406955726681964], [-70.54533705161029, -33.40686962418554], [-70.54558241927563, -33.40676043194252]]]}}, {"type": "Feature", "properties": {"uso": "UV", "edif": "EAb_base"}, "geometry": {"type": "Polygon", "coordinates": [[[-70.53897024422263, -33.40685711376943], [-70.5390800888286, -33.406889521319094], [-70.53901372658783, -33.40703989913199], [-70.53891546680252, -33.40701217214516], [-70.53897024422263, -33.40685711376943]]]}}, {"type": "Feature", "properties": {"uso": "UV", "edif": "EAb_base"}, "geometry": {"type": "Polygon", "coordinates": [[[-70.53956849442261, -33.40686416327151], [-70.5398054339954, -33.406928763075875], [-70.5397613068357, -33.40703544622997], [-70.53952445209869, -33.40697566963061], [-70.53956849442261, -33.40686416327151]]]}}, {"type": "Feature", "properties": {"uso": "UV", "edif": "EAb_base"}, "geometry": {"type": "Polygon", "coordinates": [[[-70.54043682191433, -33.406858207653364], [-70.54067384720904, -33.40692762905912], [-70.54061315252616, -33.40707311295576], [-70.54035879185575, -33.40699908236838], [-70.54043682191433, -33.406858207653364]]]}}, {"type": "Feature", "properties": {"uso": "UV", "edif": "EAb_base"}, "geometry": {"type": "Polygon", "coordinates": [[[-70.53836683929492, -33.40688389567139], [-70.53847659869119, -33.40691148047754], [-70.53841607038729, -33.40706660997043], [-70.53831206077652, -33.407038953811124], [-70.53836683929492, -33.40688389567139]]]}}, {"type": "Feature", "properties": {"uso": "UV", "edif": "EAb_base"}, "geometry": {"type": "Polygon", "coordinates": [[[-70.54233464469164, -33.406853923080384], [-70.54257064812558, -33.406865461527765], [-70.54258858010199, -33.40690383321108], [-70.54262823282292, -33.40686956976391], [-70.54303724635642, -33.40690790168576], [-70.5429747789466, -33.407603382764236], [-70.54253692694624, -33.40756058497409], [-70.54257146381535, -33.407236925120166], [-70.54253824301632, -33.40730970324137], [-70.5422321304629, -33.40723632006973], [-70.54233464469164, -33.406853923080384]]]}}, {"type": "Feature", "properties": {"uso": "UV", "edif": "EAb_base"}, "geometry": {"type": "Polygon", "coordinates": [[[-70.53910317371962, -33.40689405923594], [-70.53920718337956, -33.40692171473011], [-70.53914665638301, -33.407076844542324], [-70.53904264655324, -33.407049189002805], [-70.53910317371962, -33.40689405923594]]]}}, {"type": "Feature", "properties": {"uso": "UV", "edif": "EAb_base"}, "geometry": {"type": "Polygon", "coordinates": [[[-70.54602627460262, -33.40681761719416], [-70.54604472082484, -33.40688492793143], [-70.545843900343, -33.40691155232269], [-70.54581996067652, -33.406858783004594], [-70.54602627460262, -33.40681761719416]]]}}, {"type": "Feature", "properties": {"uso": "UV", "edif": "EAb_base"}, "geometry": {"type": "Polygon", "coordinates": [[[-70.52878789265414, -33.40703126446558], [-70.52879567081068, -33.40714695292272], [-70.52876286092814, -33.4072438442065], [-70.52834260361746, -33.40722007667981], [-70.52831681573483, -33.407061190951794], [-70.52878789265414, -33.40703126446558]]]}}, {"type": "Feature", "properties": {"uso": "UV", "edif": "EAb_base"}, "geometry": {"type": "Polygon", "coordinates": [[[-70.54733159377257, -33.40680616620976], [-70.54744676336074, -33.4068143782232], [-70.54742701402054, -33.40699794912627], [-70.54731759412849, -33.406989665379115], [-70.54733159377257, -33.40680616620976]]]}}, {"type": "Feature", "properties": {"uso": "UV", "edif": "EAb_base"}, "geometry": {"type": "Polygon", "coordinates": [[[-70.53849968356126, -33.40691601850743], [-70.53860952808444, -33.40694842647647], [-70.53854316498156, -33.40709880406069], [-70.53843915529605, -33.40707114801039], [-70.53849968356126, -33.40691601850743]]]}}, {"type": "Feature", "properties": {"uso": "UV", "edif": "EAb_base"}, "geometry": {"type": "Polygon", "coordinates": [[[-70.54696951941914, -33.40682033075595], [-70.54698264398888, -33.40691182935879], [-70.54676465948482, -33.40694349361874], [-70.54674578520611, -33.40685206668287], [-70.54696951941914, -33.40682033075595]]]}}, {"type": "Feature", "properties": {"uso": "UC1", "edif": "EAm2"}, "geometry": {"type": "Polygon", "coordinates": [[[-70.54529053961865, -33.40684125761511], [-70.5454267176632, -33.40706148039425], [-70.54558262392605, -33.407421362806964], [-70.54527306505639, -33.40747828708621], [-70.54518203226168, -33.407209258496756], [-70.54502800691967, -33.40695548741531], [-70.54529053961865, -33.40684125761511]]]}}, {"type": "Feature", "properties": {"uso": "UV_base", "edif": "EAb_base"}, "geometry": {"type": "Polygon", "coordinates": [[[-70.54079983512946, -33.40689711820401], [-70.54104278111214, -33.40697611402737], [-70.54100491651354, -33.40711166581265], [-70.54074472030348, -33.407032884182236], [-70.54079983512946, -33.40689711820401]]]}}, {"type": "Feature", "properties": {"uso": "UV", "edif": "EAb_base"}, "geometry": {"type": "Polygon", "coordinates": [[[-70.54757343281898, -33.406822446661195], [-70.54757995264339, -33.40686578429065], [-70.54756518362197, -33.40700587410878], [-70.54745009931119, -33.40700248547597], [-70.54746984860328, -33.406818914570735], [-70.54757343281898, -33.406822446661195]]]}}, {"type": "Feature", "properties": {"uso": "UV", "edif": "EAb_base"}, "geometry": {"type": "Polygon", "coordinates": [[[-70.54760801792244, -33.406826839513805], [-70.54771743762672, -33.40683512301], [-70.54769768885495, -33.4070186939393], [-70.54758826892088, -33.4070104104325], [-70.54760801792244, -33.406826839513805]]]}}, {"type": "Feature", "properties": {"uso": "UV", "edif": "EAb_base"}, "geometry": {"type": "Polygon", "coordinates": [[[-70.5392303533679, -33.40693107590442], [-70.53935753311947, -33.40696809243917], [-70.53929117130875, -33.407118470386706], [-70.53917557637372, -33.40708613438132], [-70.5392303533679, -33.40693107590442]]]}}, {"type": "Feature", "properties": {"uso": "UV_base", "edif": "EA_base"}, "geometry": {"type": "Polygon", "coordinates": [[[-70.53678662018032, -33.40696137465445], [-70.53695421872398, -33.40700754160655], [-70.53694339844539, -33.4070462703844], [-70.53692623349171, -33.40705130739592], [-70.53692082334494, -33.40707067178385], [-70.53676472463242, -33.40702436232318], [-70.53678662018032, -33.40696137465445]]]}}, {"type": "Feature", "properties": {"uso": "UV", "edif": "EAb_base"}, "geometry": {"type": "Polygon", "coordinates": [[[-70.54630861947737, -33.40684786827115], [-70.54632792067653, -33.40696341161389], [-70.54608667960605, -33.40698089160017], [-70.54606746418081, -33.4068701714772], [-70.54630861947737, -33.40684786827115]]]}}, {"type": "Feature", "properties": {"uso": "UV", "edif": "EAb_base"}, "geometry": {"type": "Polygon", "coordinates": [[[-70.54774043733372, -33.406834836044276], [-70.54784985705584, -33.40684311942299], [-70.5478301085625, -33.407026690365186], [-70.54772068861055, -33.40701840697586], [-70.54774043733372, -33.406834836044276]]]}}, {"type": "Feature", "properties": {"uso": "UV", "edif": "EAb_base"}, "geometry": {"type": "Polygon", "coordinates": [[[-70.53761478488116, -33.40696076068386], [-70.53784022349211, -33.40702550682147], [-70.53779592384753, -33.40712254277553], [-70.53757623498144, -33.40705772529339], [-70.53761478488116, -33.40696076068386]]]}}, {"type": "Feature", "properties": {"uso": "UV", "edif": "EAb_base"}, "geometry": {"type": "Polygon", "coordinates": [[[-70.5342568881628, -33.4070071619677], [-70.53452874859478, -33.40709546170474], [-70.53448461482961, -33.407202143165335], [-70.53420700411978, -33.40711391445667], [-70.5342568881628, -33.4070071619677]]]}}, {"type": "Feature", "properties": {"uso": "UV", "edif": "EAb_base"}, "geometry": {"type": "Polygon", "coordinates": [[[-70.53863269802041, -33.40695778776403], [-70.5387424575851, -33.40698537232948], [-70.53867617974191, -33.40714057326089], [-70.53856633495151, -33.40710816535949], [-70.53863269802041, -33.40695778776403]]]}}, {"type": "Feature", "properties": {"uso": "UV", "edif": "EAb_base"}, "geometry": {"type": "Polygon", "coordinates": [[[-70.5398230243221, -33.40694784207231], [-70.5400484643748, -33.407012584149825], [-70.54000442260413, -33.40712409066139], [-70.53977906740316, -33.40706417179248], [-70.5398230243221, -33.40694784207231]]]}}, {"type": "Feature", "properties": {"uso": "UV", "edif": "EAm2"}, "geometry": {"type": "Polygon", "coordinates": [[[-70.54565363978557, -33.40688497716495], [-70.54569585446377, -33.40699541077887], [-70.54545563825775, -33.407070768749705], [-70.54541368011473, -33.40697480485007], [-70.54565363978557, -33.40688497716495]]]}}, {"type": "Feature", "properties": {"uso": "UV", "edif": "EAb_base"}, "geometry": {"type": "Polygon", "coordinates": [[[-70.52724841395738, -33.40713706601581], [-70.52765961960635, -33.407300854812476], [-70.52763873065534, -33.40742172074558], [-70.52715370291693, -33.407311908567785], [-70.52724841395738, -33.40713706601581]]]}}, {"type": "Feature", "properties": {"uso": "UV", "edif": "EAb_base"}, "geometry": {"type": "Polygon", "coordinates": [[[-70.54605081259905, -33.40690414933218], [-70.54608890162937, -33.40710629651329], [-70.54594515289588, -33.407108088078544], [-70.54590430508094, -33.407074826823106], [-70.54585582746289, -33.40693552534629], [-70.54605081259905, -33.40690414933218]]]}}, {"type": "Feature", "properties": {"uso": "UV", "edif": "EAb_base"}, "geometry": {"type": "Polygon", "coordinates": [[[-70.53876562754431, -33.40699473359147], [-70.53887538719322, -33.407022318036574], [-70.53881494459846, -33.40718227098564], [-70.53870509970838, -33.40714986321035], [-70.53876562754431, -33.40699473359147]]]}}, {"type": "Feature", "properties": {"uso": "UV_base", "edif": "EA_base"}, "geometry": {"type": "Polygon", "coordinates": [[[-70.53697747346975, -33.40702172649454], [-70.53698888844657, -33.40701676072035], [-70.53719124192858, -33.40707696973461], [-70.53719724681355, -33.407091368339124], [-70.53718067666006, -33.40713016838816], [-70.53697257308835, -33.40707003060401], [-70.53696648328324, -33.40705080870085], [-70.53697747346975, -33.40702172649454]]]}}, {"type": "Feature", "properties": {"uso": "UV_base", "edif": "EA_base"}, "geometry": {"type": "Polygon", "coordinates": [[[-70.53637364177149, -33.407024382310006], [-70.53661057966659, -33.40708898827202], [-70.53650549189587, -33.40732668262006], [-70.53627430340362, -33.40726200526462], [-70.53637364177149, -33.407024382310006]]]}}, {"type": "Feature", "properties": {"uso": "UV", "edif": "EAb_base"}, "geometry": {"type": "Polygon", "coordinates": [[[-70.53951904253731, -33.406995034115475], [-70.53975014736129, -33.407054882095814], [-70.53969503079294, -33.40719064765385], [-70.53949284567874, -33.40714008934475], [-70.53947491499301, -33.40710171717757], [-70.53951904253731, -33.406995034115475]]]}}, {"type": "Feature", "properties": {"uso": "UV", "edif": "EAb_base"}, "geometry": {"type": "Polygon", "coordinates": [[[-70.53475815391032, -33.40705885324259], [-70.53478106897909, -33.40705374538585], [-70.53498951054746, -33.40713318005605], [-70.53494546218253, -33.40724468495549], [-70.53470269014542, -33.407175323637475], [-70.53475815391032, -33.40705885324259]]]}}, {"type": "Feature", "properties": {"uso": "UV_base", "edif": "EA_base"}, "geometry": {"type": "Polygon", "coordinates": [[[-70.53675356448069, -33.40704379793846], [-70.53691541319596, -33.40709003617155], [-70.53688759782769, -33.40714344852636], [-70.53673158394486, -33.40710196231472], [-70.53675356448069, -33.40704379793846]]]}}, {"type": "Feature", "properties": {"uso": "UV", "edif": "EAb_base"}, "geometry": {"type": "Polygon", "coordinates": [[[-70.53786339337218, -33.40703486825443], [-70.53805407746478, -33.407085571842565], [-70.5380156130262, -33.40718735985851], [-70.53782475871648, -33.40712700964853], [-70.53786339337218, -33.40703486825443]]]}}, {"type": "Feature", "properties": {"uso": "UV", "edif": "EAb_base"}, "geometry": {"type": "Polygon", "coordinates": [[[-70.5389043071393, -33.407031607940255], [-70.53900256694357, -33.40705933493533], [-70.53894212456166, -33.40721928793952], [-70.53884386459241, -33.40719156090184], [-70.5389043071393, -33.407031607940255]]]}}, {"type": "Feature", "properties": {"uso": "UV", "edif": "EAb_base"}, "geometry": {"type": "Polygon", "coordinates": [[[-70.54034763252096, -33.40701851828415], [-70.5405789082296, -33.40708801125887], [-70.54056233959918, -33.407126811716665], [-70.54058010044557, -33.40715553715596], [-70.54055812246361, -33.407213702137156], [-70.54029792631074, -33.40713491956772], [-70.54034763252096, -33.40701851828415]]]}}, {"type": "Feature", "properties": {"uso": "UV", "edif": "EAb_base"}, "geometry": {"type": "Polygon", "coordinates": [[[-70.52877495248246, -33.40727746561418], [-70.52881892432984, -33.407161139376996], [-70.5292646328863, -33.407324497563245], [-70.52911208744986, -33.40748075713748], [-70.52877495248246, -33.40727746561418]]]}}, {"type": "Feature", "properties": {"uso": "UV", "edif": "EAb_base"}, "geometry": {"type": "Polygon", "coordinates": [[[-70.53756516000111, -33.40708198426179], [-70.5377905138916, -33.407141907195786], [-70.53775204911999, -33.407243695138604], [-70.53752660999751, -33.40717894885717], [-70.53756516000111, -33.40708198426179]]]}}, {"type": "Feature", "properties": {"uso": "UV", "edif": "EAb_base"}, "geometry": {"type": "Polygon", "coordinates": [[[-70.53903148691442, -33.40706862480855], [-70.53914133181047, -33.40710103229463], [-70.53908080458407, -33.40725616207729], [-70.5389652095345, -33.40722382587951], [-70.53903148691442, -33.40706862480855]]]}}, {"type": "Feature", "properties": {"uso": "UV_base", "edif": "EA_base"}, "geometry": {"type": "Polygon", "coordinates": [[[-70.5366337494412, -33.4070983499379], [-70.53685910280342, -33.40715827458138], [-70.53677126562293, -33.407395755417625], [-70.53653432677885, -33.40733114979292], [-70.5366337494412, -33.4070983499379]]]}}, {"type": "Feature", "properties": {"uso": "UV", "edif": "EAb_base"}, "geometry": {"type": "Polygon", "coordinates": [[[-70.54073356105206, -33.407052320130276], [-70.54099375731171, -33.40713110178249], [-70.54093872783666, -33.40727169111497], [-70.54068428116696, -33.40719283794412], [-70.54073356105206, -33.407052320130276]]]}}, {"type": "Feature", "properties": {"uso": "UV", "edif": "EAb_base"}, "geometry": {"type": "Polygon", "coordinates": [[[-70.53419592818376, -33.40713817315094], [-70.53447353896159, -33.40722640188217], [-70.53442940506835, -33.40733308332475], [-70.53415762878159, -33.40724960668429], [-70.53419592818376, -33.40713817315094]]]}}, {"type": "Feature", "properties": {"uso": "UV", "edif": "EAb_base"}, "geometry": {"type": "Polygon", "coordinates": [[[-70.53976790792935, -33.407083607659814], [-70.53999334830019, -33.40714834982728], [-70.53994930639679, -33.4072598563209], [-70.5399321415921, -33.40726489374454], [-70.53971820090254, -33.40720000873308], [-70.53976790792935, -33.407083607659814]]]}}, {"type": "Feature", "properties": {"uso": "UV", "edif": "EAb_base"}, "geometry": {"type": "Polygon", "coordinates": [[[-70.53501268017233, -33.40714254202938], [-70.5353016219552, -33.40722097999573], [-70.535313800868, -33.407259423984385], [-70.53527490879962, -33.40733709479014], [-70.53496854698449, -33.40724922364519], [-70.53501268017233, -33.40714254202938]]]}}, {"type": "Feature", "properties": {"uso": "UC1", "edif": "EAm2"}, "geometry": {"type": "Polygon", "coordinates": [[[-70.54570769611462, -33.40701456055045], [-70.54574999637394, -33.40712981740657], [-70.54551535894814, -33.40719545731643], [-70.54546747986771, -33.407089918545225], [-70.54570769611462, -33.40701456055045]]]}}, {"type": "Feature", "properties": {"uso": "UV", "edif": "EAb_base"}, "geometry": {"type": "Polygon", "coordinates": [[[-70.53916441676063, -33.40710557019822], [-70.53928576168761, -33.407137834862695], [-70.53921939963438, -33.4072882127751], [-70.53919064973563, -33.407288569511444], [-70.5391039746501, -33.40726552327256], [-70.53916441676063, -33.40710557019822]]]}}, {"type": "Feature", "properties": {"uso": "UV", "edif": "EAb_base"}, "geometry": {"type": "Polygon", "coordinates": [[[-70.54731218631021, -33.40700903015417], [-70.54742735616588, -33.40701724217772], [-70.54740185680453, -33.40720088480151], [-70.54729235112914, -33.407187777776635], [-70.54731218631021, -33.40700903015417]]]}}, {"type": "Feature", "properties": {"uso": "UV_base", "edif": "EA_base"}, "geometry": {"type": "Polygon", "coordinates": [[[-70.53688793764515, -33.40716274167322], [-70.53689943760058, -33.40716259919338], [-70.5369277627059, -33.407138126555985], [-70.53695651258568, -33.407137770345386], [-70.53715320132143, -33.40720287394219], [-70.53713663112893, -33.40724167398582], [-70.53688819250846, -33.407177211533316], [-70.53688793764515, -33.40716274167322]]]}}, {"type": "Feature", "properties": {"uso": "UV", "edif": "EAb_base"}, "geometry": {"type": "Polygon", "coordinates": [[[-70.53820434190744, -33.407127127674144], [-70.53840086139344, -33.407182582699484], [-70.53836214221697, -33.40726990096126], [-70.53817145755728, -33.4072191978649], [-70.53820434190744, -33.407127127674144]]]}}, {"type": "Feature", "properties": {"uso": "UV", "edif": "EAb_base"}, "geometry": {"type": "Polygon", "coordinates": [[[-70.54013066646756, -33.40710805031064], [-70.54025209685715, -33.4071451372984], [-70.54018049732915, -33.40732452674751], [-70.54007065179974, -33.407292120202136], [-70.5400808747871, -33.40721962823598], [-70.54013066646756, -33.40710805031064]]]}}, {"type": "Feature", "properties": {"uso": "UV", "edif": "EAb_base"}, "geometry": {"type": "Polygon", "coordinates": [[[-70.5474504414617, -33.40702177852719], [-70.54755986140198, -33.40703006215558], [-70.54754002672702, -33.40720880980259], [-70.54743060656301, -33.407200526163365], [-70.5474504414617, -33.40702177852719]]]}}, {"type": "Feature", "properties": {"uso": "UV", "edif": "EAb_base"}, "geometry": {"type": "Polygon", "coordinates": [[[-70.54758286116207, -33.4070297752176], [-70.54769803106042, -33.40703798698823], [-70.54767828221925, -33.40722155791114], [-70.54756886203107, -33.40721327439475], [-70.54758286116207, -33.4070297752176]]]}}, {"type": "Feature", "properties": {"uso": "UV", "edif": "EAb_base"}, "geometry": {"type": "Polygon", "coordinates": [[[-70.53781368379813, -33.407151268637136], [-70.53800445313838, -33.40720679557848], [-70.53797165356325, -33.40730368900614], [-70.53778096903146, -33.40725298530525], [-70.53781368379813, -33.407151268637136]]]}}, {"type": "Feature", "properties": {"uso": "UV", "edif": "EAb_base"}, "geometry": {"type": "Polygon", "coordinates": [[[-70.5346915295088, -33.40719475908041], [-70.53496897122778, -33.40727334010007], [-70.5349305030766, -33.40737512726138], [-70.53464731106872, -33.40729661730136], [-70.5346915295088, -33.40719475908041]]]}}, {"type": "Feature", "properties": {"uso": "UV", "edif": "EAb_base"}, "geometry": {"type": "Polygon", "coordinates": [[[-70.54783045079732, -33.40704598341286], [-70.54781645218706, -33.407229482602574], [-70.54770128202851, -33.40722127094976], [-70.54772111637378, -33.407042523286734], [-70.54783045079732, -33.40704598341286]]]}}, {"type": "Feature", "properties": {"uso": "UV", "edif": "EAb_base"}, "geometry": {"type": "Polygon", "coordinates": [[[-70.5478535361187, -33.407050519686464], [-70.54796295611885, -33.407058802956996], [-70.54794887222107, -33.407237478891844], [-70.54783945199692, -33.40722919561553], [-70.5478535361187, -33.407050519686464]]]}}, {"type": "Feature", "properties": {"uso": "UV", "edif": "EAb_base"}, "geometry": {"type": "Polygon", "coordinates": [[[-70.54028093183614, -33.40714960359648], [-70.540408197461, -33.407191442309376], [-70.54033084824144, -33.40737090323893], [-70.54020366752329, -33.407333887733316], [-70.54028093183614, -33.40714960359648]]]}}, {"type": "Feature", "properties": {"uso": "UV_base", "edif": "EA_base"}, "geometry": {"type": "Polygon", "coordinates": [[[-70.53687703236653, -33.40719664715901], [-70.53711972105202, -33.40726118088304], [-70.53712572593923, -33.407275579490594], [-70.53711482074156, -33.407309484994464], [-70.53686054700388, -33.407240270455986], [-70.53687703236653, -33.40719664715901]]]}}, {"type": "Feature", "properties": {"uso": "UV", "edif": "EAb_base"}, "geometry": {"type": "Polygon", "coordinates": [[[-70.52768278854523, -33.407310218176136], [-70.52815496525977, -33.40734299703727], [-70.52815800627793, -33.40751663606145], [-70.5276622374065, -33.40745037734145], [-70.52768278854523, -33.407310218176136]]]}}, {"type": "Feature", "properties": {"uso": "UV", "edif": "EAb_base"}, "geometry": {"type": "Polygon", "coordinates": [[[-70.53842403137182, -33.40719194402455], [-70.53861471610229, -33.40724264673025], [-70.53857608216661, -33.40733478833537], [-70.53839106219642, -33.407279190983495], [-70.53842403137182, -33.40719194402455]]]}}, {"type": "Feature", "properties": {"uso": "UV", "edif": "EAb_base"}, "geometry": {"type": "Polygon", "coordinates": [[[-70.53751553498917, -33.40720320782152], [-70.53774663914781, -33.407263059557074], [-70.53770800427606, -33.40735520091797], [-70.53769658929934, -33.407360166758195], [-70.5374769848817, -33.40730017240274], [-70.53751553498917, -33.40720320782152]]]}}, {"type": "Feature", "properties": {"uso": "UV", "edif": "EAb_base"}, "geometry": {"type": "Polygon", "coordinates": [[[-70.5287640440091, -33.40731137047619], [-70.52910092551097, -33.407500192112956], [-70.5289473652735, -33.407598571847146], [-70.52873537477738, -33.407644603689626], [-70.52872041003575, -33.40744698991523], [-70.5287640440091, -33.40731137047619]]]}}, {"type": "Feature", "properties": {"uso": "UV", "edif": "EAb_base"}, "geometry": {"type": "Polygon", "coordinates": [[[-70.52713687495566, -33.40733623747609], [-70.52763340285472, -33.40744590809399], [-70.52763559840213, -33.407571314084876], [-70.52708266691894, -33.40752505438099], [-70.52713687495566, -33.40733623747609]]]}}, {"type": "Feature", "properties": {"uso": "UV", "edif": "EAb_base"}, "geometry": {"type": "Polygon", "coordinates": [[[-70.53414646801271, -33.40726904208168], [-70.53441824435109, -33.407352518744936], [-70.53432465026854, -33.407590069162325], [-70.53405261886567, -33.40749212243705], [-70.53414646801271, -33.40726904208168]]]}}, {"type": "Feature", "properties": {"uso": "UV", "edif": "EAb_base"}, "geometry": {"type": "Polygon", "coordinates": [[[-70.54043128249158, -33.40719597997452], [-70.54054696314846, -33.40723313806973], [-70.54049210319614, -33.40738337378091], [-70.54046377904706, -33.407407847205114], [-70.54035976844578, -33.40738019279495], [-70.54043128249158, -33.40719597997452]]]}}, {"type": "Feature", "properties": {"uso": "UV", "edif": "EAb_base"}, "geometry": {"type": "Polygon", "coordinates": [[[-70.53816029770098, -33.407238633597935], [-70.53835681741592, -33.40729408868571], [-70.53832376310365, -33.40737651234515], [-70.53812741326664, -33.40733070377795], [-70.53816029770098, -33.407238633597935]]]}}, {"type": "Feature", "properties": {"uso": "UV_base", "edif": "EA_base"}, "geometry": {"type": "Polygon", "coordinates": [[[-70.53685513683241, -33.40725963484123], [-70.53710366063522, -33.407328920639216], [-70.53708717536485, -33.407372543962865], [-70.53683865144808, -33.4073032581355], [-70.53685513683241, -33.40725963484123]]]}}, {"type": "Feature", "properties": {"uso": "UV", "edif": "EAb_base"}, "geometry": {"type": "Polygon", "coordinates": [[[-70.53499214088843, -33.40728270207603], [-70.53526374827335, -33.40735653028103], [-70.53523103043877, -33.407458246360385], [-70.53495942275845, -33.407384418093166], [-70.53499214088843, -33.40728270207603]]]}}, {"type": "Feature", "properties": {"uso": "UC1", "edif": "EAm2"}, "geometry": {"type": "Polygon", "coordinates": [[[-70.54552153606296, -33.40721950201204], [-70.54575042359444, -33.40715393373947], [-70.5457866322381, -33.40724996916172], [-70.5458843815445, -33.4072487510358], [-70.54588247692546, -33.40746586966766], [-70.54560562381077, -33.40742107623254], [-70.54552153606296, -33.40721950201204]]]}}, {"type": "Feature", "properties": {"uso": "UV", "edif": "EAb_base"}, "geometry": {"type": "Polygon", "coordinates": [[[-70.54066745707551, -33.407217168580324], [-70.54093331857607, -33.40729105565216], [-70.54087820373633, -33.407426821682556], [-70.54061800667823, -33.40734803981382], [-70.54066745707551, -33.407217168580324]]]}}, {"type": "Feature", "properties": {"uso": "UV", "edif": "EAb_base"}, "geometry": {"type": "Polygon", "coordinates": [[[-70.53776980908269, -33.40727242100566], [-70.53795474366622, -33.407323196012044], [-70.53791627901698, -33.407424983999725], [-70.53772550924455, -33.407369456936664], [-70.53776980908269, -33.40727242100566]]]}}, {"type": "Feature", "properties": {"uso": "UV", "edif": "EAb_base"}, "geometry": {"type": "Polygon", "coordinates": [[[-70.54701009041366, -33.40716235224611], [-70.54704003738208, -33.40722951938952], [-70.54681826874015, -33.40737219054341], [-70.5467821444184, -33.40728097872248], [-70.54678094739832, -33.4072134530244], [-70.54701009041366, -33.40716235224611]]]}}, {"type": "Feature", "properties": {"uso": "UV", "edif": "EAb_base"}, "geometry": {"type": "Polygon", "coordinates": [[[-70.53940872348295, -33.40726174174373], [-70.53944888822829, -33.40725641895978], [-70.53963965873967, -33.40731194334842], [-70.53964557893438, -33.407321518541494], [-70.53961802051259, -33.40738940130202], [-70.53960085566172, -33.40739443868098], [-70.5393811648917, -33.407329624457006], [-70.53940872348295, -33.40726174174373]]]}}, {"type": "Feature", "properties": {"uso": "UV", "edif": "EAb_base"}, "geometry": {"type": "Polygon", "coordinates": [[[-70.53463623523561, -33.40732087603141], [-70.5349193424678, -33.40739456272349], [-70.53488095905495, -33.40750117316165], [-70.53459776667326, -33.40742266310045], [-70.53463623523561, -33.40732087603141]]]}}, {"type": "Feature", "properties": {"uso": "UV", "edif": "EAb_base"}, "geometry": {"type": "Polygon", "coordinates": [[[-70.53560240374894, -33.40731856807096], [-70.5356310688206, -33.40731338887635], [-70.53581025238277, -33.407364238295116], [-70.53576628986754, -33.40748056674442], [-70.53555818632876, -33.40742042658614], [-70.53560240374894, -33.40731856807096]]]}}, {"type": "Feature", "properties": {"uso": "UV", "edif": "EAb_base"}, "geometry": {"type": "Polygon", "coordinates": [[[-70.53876506611653, -33.407289025148465], [-70.53887482613935, -33.40731660958221], [-70.53887516639831, -33.40733590271051], [-70.53881429829974, -33.40747173924744], [-70.53870445304099, -33.40743933148347], [-70.53876506611653, -33.407289025148465]]]}}, {"type": "Feature", "properties": {"uso": "UV", "edif": "EAb_base"}, "geometry": {"type": "Polygon", "coordinates": [[[-70.5294558204229, -33.40740415431497], [-70.52950469514094, -33.40756757944802], [-70.52952465078017, -33.407721712447405], [-70.52932475217683, -33.40780136661892], [-70.52920146538311, -33.40765815614848], [-70.5294558204229, -33.40740415431497]]]}}, {"type": "Feature", "properties": {"uso": "UV", "edif": "EAb_base"}, "geometry": {"type": "Polygon", "coordinates": [[[-70.5383799023827, -33.40729862673492], [-70.53856492238819, -33.40735422410231], [-70.53853195330049, -33.40744147109424], [-70.5383469331267, -33.40738587368311], [-70.5383799023827, -33.40729862673492]]]}}, {"type": "Feature", "properties": {"uso": "UV_base", "edif": "EA_base"}, "geometry": {"type": "Polygon", "coordinates": [[[-70.53682749127995, -33.407322693757145], [-70.53707601524475, -33.40739197960533], [-70.537054204777, -33.40745979060416], [-70.53704287471112, -33.40746957967169], [-70.53679443549636, -33.40740511705023], [-70.53682749127995, -33.407322693757145]]]}}, {"type": "Feature", "properties": {"uso": "UV", "edif": "EAb_base"}, "geometry": {"type": "Polygon", "coordinates": [[[-70.53746590984534, -33.407324431363044], [-70.53768542931873, -33.4073796024516], [-70.53769143430716, -33.40739400102859], [-70.53765846432297, -33.40748124781319], [-70.53743302464196, -33.40741650137959], [-70.53746590984534, -33.407324431363044]]]}}, {"type": "Feature", "properties": {"uso": "UV", "edif": "EAb_base"}, "geometry": {"type": "Polygon", "coordinates": [[[-70.53890374618422, -33.407325899482814], [-70.5390192562773, -33.40735341245242], [-70.53901959656869, -33.4073727055793], [-70.53895881374453, -33.407513365462385], [-70.53884321839085, -33.407481029160635], [-70.53890374618422, -33.407325899482814]]]}}, {"type": "Feature", "properties": {"uso": "UV", "edif": "EAb_base"}, "geometry": {"type": "Polygon", "coordinates": [[[-70.53967432883782, -33.40732116169943], [-70.53987668470963, -33.40738136625572], [-70.53988878052459, -33.40741498645607], [-70.53984448300844, -33.407512023076436], [-70.53961912689245, -33.40745210394608], [-70.53967432883782, -33.40732116169943]]]}}, {"type": "Feature", "properties": {"uso": "UV", "edif": "EAm2"}, "geometry": {"type": "Polygon", "coordinates": [[[-70.54632712832922, -33.40724323267806], [-70.54635047006937, -33.40726223902748], [-70.54635269249545, -33.40738764391927], [-70.54623194318597, -33.40738914911312], [-70.54622362909164, -33.40724452282518], [-70.54632712832922, -33.40724323267806]]]}}, {"type": "Feature", "properties": {"uso": "UV", "edif": "EAm2"}, "geometry": {"type": "Polygon", "coordinates": [[[-70.54620062926017, -33.40724480951283], [-70.54620319334906, -33.4073895074753], [-70.5460766940606, -33.407391084189776], [-70.54607988013963, -33.40724631455304], [-70.54620062926017, -33.40724480951283]]]}}, {"type": "Feature", "properties": {"uso": "UC1", "edif": "EAm2"}, "geometry": {"type": "Polygon", "coordinates": [[[-70.54605688030612, -33.407246601214055], [-70.54604948252874, -33.407478261298124], [-70.54590556227238, -33.40747040630331], [-70.54590738138045, -33.40724846440674], [-70.54605688030612, -33.407246601214055]]]}}, {"type": "Feature", "properties": {"uso": "UV", "edif": "EAb_base"}, "geometry": {"type": "Polygon", "coordinates": [[[-70.53583342215185, -33.4073736001105], [-70.53596643615721, -33.40741537224044], [-70.53586684156626, -33.40763852503291], [-70.5357513319669, -33.40761100911061], [-70.53583342215185, -33.4073736001105]]]}}, {"type": "Feature", "properties": {"uso": "UV", "edif": "EAb_base"}, "geometry": {"type": "Polygon", "coordinates": [[[-70.53811625338709, -33.40735013950737], [-70.53831268829703, -33.40740077137431], [-70.53827396894322, -33.40748808961089], [-70.53808328384717, -33.407437386392864], [-70.53811625338709, -33.40735013950737]]]}}, {"type": "Feature", "properties": {"uso": "UV", "edif": "EAb_base"}, "geometry": {"type": "Polygon", "coordinates": [[[-70.54706337926828, -33.407248525600444], [-70.54712164850787, -33.40729121784367], [-70.54698208967376, -33.40752935052899], [-70.54687841911353, -33.407520994704754], [-70.54683019619213, -33.40739616346205], [-70.54706337926828, -33.407248525600444]]]}}, {"type": "Feature", "properties": {"uso": "UV", "edif": "EAb_base"}, "geometry": {"type": "Polygon", "coordinates": [[[-70.5393700903884, -33.40735388357217], [-70.53960703117461, -33.40741848371679], [-70.53957955779912, -33.407491189749805], [-70.53956814291848, -33.407496155759645], [-70.53934845191115, -33.40743134148538], [-70.5393700903884, -33.40735388357217]]]}}, {"type": "Feature", "properties": {"uso": "UV", "edif": "EAb_base"}, "geometry": {"type": "Polygon", "coordinates": [[[-70.53494251215622, -33.40740392470778], [-70.53521411988515, -33.407477753010504], [-70.53518140195246, -33.40757946907779], [-70.53490404392244, -33.40750571186134], [-70.53494251215622, -33.40740392470778]]]}}, {"type": "Feature", "properties": {"uso": "UV", "edif": "EAb_base"}, "geometry": {"type": "Polygon", "coordinates": [[[-70.53904817634856, -33.407362702318494], [-70.53912326646713, -33.407381068000085], [-70.53912944184825, -33.40740511306352], [-70.53918144698204, -33.4074189408008], [-70.53912632931136, -33.40755470613034], [-70.53898764879203, -33.40751783205931], [-70.53904817634856, -33.407362702318494]]]}}, {"type": "Feature", "properties": {"uso": "UV", "edif": "EAb_base"}, "geometry": {"type": "Polygon", "coordinates": [[[-70.53772009925977, -33.40738882135401], [-70.53791086907195, -33.40744434842411], [-70.53787231931327, -33.40754131311506], [-70.53768163430796, -33.40749060927652], [-70.53772009925977, -33.40738882135401]]]}}, {"type": "Feature", "properties": {"uso": "UV", "edif": "EAb_base"}, "geometry": {"type": "Polygon", "coordinates": [[[-70.54654064613466, -33.407283989820165], [-70.54675931558405, -33.407290912042264], [-70.54680144636104, -33.40739652196292], [-70.54654235590355, -33.407380455112765], [-70.54654064613466, -33.407283989820165]]]}}, {"type": "Feature", "properties": {"uso": "UV", "edif": "EAb_base"}, "geometry": {"type": "Polygon", "coordinates": [[[-70.53598952105008, -33.40741991073716], [-70.53616878993715, -33.407475582913044], [-70.53618071451946, -33.40749955693898], [-70.53614765805752, -33.407581980076756], [-70.53593972384337, -33.40753148715096], [-70.53598952105008, -33.40741991073716]]]}}, {"type": "Feature", "properties": {"uso": "UV", "edif": "EAb_base"}, "geometry": {"type": "Polygon", "coordinates": [[[-70.54060684736066, -33.40736747575148], [-70.54086712964356, -33.40745108091947], [-70.54081201460866, -33.40758684692292], [-70.54059815768774, -33.40752678675201], [-70.54060880605952, -33.40747841114695], [-70.54057371001481, -33.407445076671465], [-70.54060684736066, -33.40736747575148]]]}}, {"type": "Feature", "properties": {"uso": "UV", "edif": "EAb_base"}, "geometry": {"type": "Polygon", "coordinates": [[[-70.53458660598348, -33.407442098534766], [-70.53486396356946, -33.40751585647536], [-70.53483133005444, -33.40762239575273], [-70.53454813731489, -33.40754388558965], [-70.53458660598348, -33.407442098534766]]]}}, {"type": "Feature", "properties": {"uso": "UV", "edif": "EAb_base"}, "geometry": {"type": "Polygon", "coordinates": [[[-70.53833577329031, -33.40740530943092], [-70.5385207934994, -33.40746090685755], [-70.53848215937604, -33.40755304843587], [-70.53829713899142, -33.40749745095728], [-70.53833577329031, -33.40740530943092]]]}}, {"type": "Feature", "properties": {"uso": "UV", "edif": "EAb_base"}, "geometry": {"type": "Polygon", "coordinates": [[[-70.52707725454457, -33.407544418401095], [-70.52738251265114, -33.40756960623136], [-70.52738513000322, -33.40771912877319], [-70.52705763093047, -33.407737633883485], [-70.52707725454457, -33.407544418401095]]]}}, {"type": "Feature", "properties": {"uso": "UC1", "edif": "EA_base"}, "geometry": {"type": "Polygon", "coordinates": [[[-70.54723132534724, -33.40731397154221], [-70.54720093079332, -33.407545918479656], [-70.54701083954615, -33.40752899198502], [-70.54713915494723, -33.40730547248991], [-70.54723132534724, -33.40731397154221]]]}}, {"type": "Feature", "properties": {"uso": "UV", "edif": "EAb_base"}, "geometry": {"type": "Polygon", "coordinates": [[[-70.53554711073792, -33.407444685390296], [-70.53576087943848, -33.40749993108859], [-70.53572241213212, -33.40760171846839], [-70.53550855832177, -33.40754164942159], [-70.53554711073792, -33.407444685390296]]]}}, {"type": "Feature", "properties": {"uso": "UC1", "edif": "EA_base"}, "geometry": {"type": "Polygon", "coordinates": [[[-70.54725432518573, -33.40731368466298], [-70.54736374548175, -33.407321968454006], [-70.54733910125452, -33.407553843688994], [-70.54722968066821, -33.40754555988482], [-70.54725432518573, -33.40731368466298]]]}}, {"type": "Feature", "properties": {"uso": "UC1", "edif": "EA_base"}, "geometry": {"type": "Polygon", "coordinates": [[[-70.54738683085603, -33.40732650481289], [-70.54750200113627, -33.40733471675444], [-70.54747735727545, -33.40756659200596], [-70.54736218668957, -33.40755838005057], [-70.54738683085603, -33.40732650481289]]]}}, {"type": "Feature", "properties": {"uso": "UV", "edif": "EAb_base"}, "geometry": {"type": "Polygon", "coordinates": [[[-70.54000961535887, -33.40741831071372], [-70.54012521101659, -33.407450645918544], [-70.54005369613036, -33.40763485857967], [-70.53993810024956, -33.40760252331535], [-70.54000961535887, -33.40741831071372]]]}}, {"type": "Feature", "properties": {"uso": "UC1", "edif": "EA_base"}, "geometry": {"type": "Polygon", "coordinates": [[[-70.54752500097727, -33.407334429824886], [-70.54763442131532, -33.40734271337557], [-70.54760402783039, -33.40757466038023], [-70.54750035717784, -33.40756630507923], [-70.54752500097727, -33.407334429824886]]]}}, {"type": "Feature", "properties": {"uso": "UV", "edif": "EAb_base"}, "geometry": {"type": "Polygon", "coordinates": [[[-70.53807220896576, -33.40746164540245], [-70.53826289410965, -33.40751234863598], [-70.53821859471618, -33.40760938472731], [-70.53803348934363, -33.4075489635708], [-70.53807220896576, -33.40746164540245]]]}}, {"type": "Feature", "properties": {"uso": "UV", "edif": "EAb_base"}, "geometry": {"type": "Polygon", "coordinates": [[[-70.53404145804416, -33.4075115578258], [-70.53431357431057, -33.4076143278661], [-70.53427502044038, -33.40771129155263], [-70.53399740828229, -33.407623062421976], [-70.53404145804416, -33.4075115578258]]]}}, {"type": "Feature", "properties": {"uso": "UC1", "edif": "EA_base"}, "geometry": {"type": "Polygon", "coordinates": [[[-70.54776692706913, -33.40735553311644], [-70.54774211279985, -33.40757776187634], [-70.54762711328276, -33.40757919669192], [-70.54765750670715, -33.40734724968349], [-70.54776692706913, -33.40735553311644]]]}}, {"type": "Feature", "properties": {"uso": "UV", "edif": "EAb_base"}, "geometry": {"type": "Polygon", "coordinates": [[[-70.53933154230607, -33.40745084867052], [-70.53956273333931, -33.40751552024549], [-70.53953543010343, -33.40759787283026], [-70.539298488872, -33.40753327256308], [-70.53933154230607, -33.40745084867052]]]}}, {"type": "Feature", "properties": {"uso": "UV", "edif": "EAb_base"}, "geometry": {"type": "Polygon", "coordinates": [[[-70.53869337833436, -33.40746359054359], [-70.53887831380924, -33.407514364144205], [-70.53884534498437, -33.40760161121003], [-70.53866040933964, -33.40755083756567], [-70.53869337833436, -33.40746359054359]]]}}, {"type": "Feature", "properties": {"uso": "UC1", "edif": "EA_base"}, "geometry": {"type": "Polygon", "coordinates": [[[-70.54779576243143, -33.40735999765398], [-70.54790509725368, -33.40736345770258], [-70.54788620443905, -33.407595261252524], [-70.54776528381606, -33.40758712142373], [-70.54779576243143, -33.40735999765398]]]}}, {"type": "Feature", "properties": {"uso": "UV", "edif": "EAb_base"}, "geometry": {"type": "Polygon", "coordinates": [[[-70.54014838123926, -33.40746000691371], [-70.54027547697963, -33.40749219919193], [-70.54020396238377, -33.40767641193041], [-70.54007686639567, -33.40764421958676], [-70.54014838123926, -33.40746000691371]]]}}, {"type": "Feature", "properties": {"uso": "UV", "edif": "EAb_base"}, "geometry": {"type": "Polygon", "coordinates": [[[-70.53961371732701, -33.407471468433855], [-70.53983915860894, -33.40753621085228], [-70.53978936632875, -33.407647788670815], [-70.53956975989051, -33.407587798085906], [-70.53961371732701, -33.407471468433855]]]}}, {"type": "Feature", "properties": {"uso": "UV", "edif": "EAb_base"}, "geometry": {"type": "Polygon", "coordinates": [[[-70.53489296813744, -33.407529970612245], [-70.53517032623708, -33.407603727851274], [-70.53513185819332, -33.407705515067256], [-70.53486024980971, -33.40763168660526], [-70.53489296813744, -33.407529970612245]]]}}, {"type": "Feature", "properties": {"uso": "UC1", "edif": "EA_base"}, "geometry": {"type": "Polygon", "coordinates": [[[-70.54653694789111, -33.407399819858476], [-70.54680178837329, -33.407415815018844], [-70.5468495837359, -33.40751652995417], [-70.54652707222812, -33.407491605259416], [-70.54653694789111, -33.407399819858476]]]}}, {"type": "Feature", "properties": {"uso": "UV", "edif": "EAb_base"}, "geometry": {"type": "Polygon", "coordinates": [[[-70.53767622430695, -33.407509973692065], [-70.5378612443604, -33.40756557210747], [-70.53781178953129, -33.40769644234106], [-70.53762676922538, -33.40764084386004], [-70.53767622430695, -33.407509973692065]]]}}, {"type": "Feature", "properties": {"uso": "UC1", "edif": "EAm2"}, "geometry": {"type": "Polygon", "coordinates": [[[-70.54635303440838, -33.40740693697932], [-70.5463432440288, -33.40750354563603], [-70.54607831786029, -33.407482726236296], [-70.5460771213756, -33.40741520051795], [-70.54635303440838, -33.40740693697932]]]}}, {"type": "Feature", "properties": {"uso": "UV", "edif": "EAb_base"}, "geometry": {"type": "Polygon", "coordinates": [[[-70.5363598138301, -33.40754558225441], [-70.53639989400298, -33.40753543716157], [-70.53664841827596, -33.40760472385676], [-70.53660428690134, -33.40771140599652], [-70.53632692737348, -33.407637652010244], [-70.5363598138301, -33.40754558225441]]]}}, {"type": "Feature", "properties": {"uso": "UV", "edif": "EAb_base"}, "geometry": {"type": "Polygon", "coordinates": [[[-70.53453706142521, -33.407568144311604], [-70.5348201693938, -33.40764183120671], [-70.5347816160822, -33.4077387950346], [-70.5344985078246, -33.407665108060634], [-70.53453706142521, -33.407568144311604]]]}}, {"type": "Feature", "properties": {"uso": "UV", "edif": "EAb_base"}, "geometry": {"type": "Polygon", "coordinates": [[[-70.53828606416332, -33.407521709984266], [-70.53847674955085, -33.40757241288117], [-70.53843820037754, -33.407669377729746], [-70.53824742976474, -33.40761385149647], [-70.53828606416332, -33.407521709984266]]]}}, {"type": "Feature", "properties": {"uso": "UV", "edif": "EAb_base"}, "geometry": {"type": "Polygon", "coordinates": [[[-70.53593431345043, -33.40755085150152], [-70.53613658261406, -33.40760623892886], [-70.53609803079648, -33.40770320312428], [-70.53589001141505, -33.40764788683506], [-70.53593431345043, -33.40755085150152]]]}}, {"type": "Feature", "properties": {"uso": "UV", "edif": "EAb_base"}, "geometry": {"type": "Polygon", "coordinates": [[[-70.54029864722851, -33.407501560158174], [-70.5404199930866, -33.40753382368303], [-70.54035414362599, -33.407713141816295], [-70.54022713267527, -33.40768577290858], [-70.54029864722851, -33.407501560158174]]]}}, {"type": "Feature", "properties": {"uso": "UV", "edif": "EAb_base"}, "geometry": {"type": "Polygon", "coordinates": [[[-70.53890139885796, -33.40751890209373], [-70.53911525471024, -33.407578965224744], [-70.53907662117514, -33.407671106970106], [-70.5388685151202, -33.40761097244688], [-70.53890139885796, -33.40751890209373]]]}}, {"type": "Feature", "properties": {"uso": "UV", "edif": "EAb_base"}, "geometry": {"type": "Polygon", "coordinates": [[[-70.5355031478318, -33.40756101375604], [-70.53578059138643, -33.40763959290132], [-70.53574220894131, -33.40774620357499], [-70.53545901505994, -33.40766769552837], [-70.5355031478318, -33.40756101375604]]]}}, {"type": "Feature", "properties": {"uso": "UC1", "edif": "EAm2"}, "geometry": {"type": "Polygon", "coordinates": [[[-70.54584831888747, -33.407485592669566], [-70.54581405050253, -33.40782372287468], [-70.54530745272638, -33.40779626457471], [-70.54521417152937, -33.40772506162721], [-70.54517024879401, -33.40751816250305], [-70.54557146572417, -33.40744079915963], [-70.54584831888747, -33.407485592669566]]]}}, {"type": "Feature", "properties": {"uso": "UV", "edif": "EAb_base"}, "geometry": {"type": "Polygon", "coordinates": [[[-70.53929307923052, -33.407552637038826], [-70.53952435561258, -33.407622131957936], [-70.53949121720446, -33.407699732615946], [-70.53926011081208, -33.40763988420293], [-70.53929307923052, -33.407552637038826]]]}}, {"type": "Feature", "properties": {"uso": "UV", "edif": "EAb_base"}, "geometry": {"type": "Polygon", "coordinates": [[[-70.52918455341094, -33.40767766201528], [-70.52930775566885, -33.40781604919878], [-70.52924306642184, -33.40806288832737], [-70.52911098414586, -33.408074165266264], [-70.52895632697296, -33.4077817865351], [-70.52918455341094, -33.40767766201528]]]}}, {"type": "Feature", "properties": {"uso": "UV", "edif": "EAb_base"}, "geometry": {"type": "Polygon", "coordinates": [[[-70.53802816443698, -33.40757315128318], [-70.53821318482903, -33.407628749162726], [-70.53818021529315, -33.40771599607044], [-70.53798952974216, -33.40766529272275], [-70.53802816443698, -33.40757315128318]]]}}, {"type": "Feature", "properties": {"uso": "UV", "edif": "EAb_base"}, "geometry": {"type": "Polygon", "coordinates": [[[-70.54058699834444, -33.40754622268812], [-70.54084702562626, -33.40761535804862], [-70.54079208081048, -33.40776077059832], [-70.5405261328123, -33.40768205998865], [-70.54058699834444, -33.40754622268812]]]}}, {"type": "Feature", "properties": {"uso": "UV", "edif": "EAb_base"}, "geometry": {"type": "Polygon", "coordinates": [[[-70.5386493346077, -33.40757509662218], [-70.53883427029865, -33.407625870281585], [-70.53879563644443, -33.40771801194782], [-70.5386164505824, -33.40766716691593], [-70.5386493346077, -33.40757509662218]]]}}, {"type": "Feature", "properties": {"uso": "UV", "edif": "EAb_base"}, "geometry": {"type": "Polygon", "coordinates": [[[-70.53398633222832, -33.40764732109911], [-70.53425802481006, -33.4077259747869], [-70.53422547528974, -33.40783733721693], [-70.53393661710194, -33.40776372007436], [-70.53398633222832, -33.40764732109911]]]}}, {"type": "Feature", "properties": {"uso": "UV_base", "edif": "EAb_base"}, "geometry": {"type": "Polygon", "coordinates": [[[-70.53666592312908, -33.407618980028], [-70.53668308820961, -33.40761394304932], [-70.53691427791732, -33.407678619603814], [-70.53693237753792, -33.40772663873896], [-70.53690481686509, -33.40779452095633], [-70.53663329180065, -33.40772551971606], [-70.53666592312908, -33.407618980028]]]}}, {"type": "Feature", "properties": {"uso": "UV", "edif": "EAb_base"}, "geometry": {"type": "Polygon", "coordinates": [[[-70.53484333913909, -33.407651193207606], [-70.5351149475713, -33.40772502170508], [-70.53508222944086, -33.407826737748266], [-70.53480478584981, -33.40774815704193], [-70.53484333913909, -33.407651193207606]]]}}, {"type": "Feature", "properties": {"uso": "UV", "edif": "EAb_base"}, "geometry": {"type": "Polygon", "coordinates": [[[-70.53580951123958, -33.407648883529376], [-70.53608112039629, -33.40772270988768], [-70.53604840340356, -33.40782442615358], [-70.53577112882654, -33.40775549421097], [-70.53580951123958, -33.407648883529376]]]}}, {"type": "Feature", "properties": {"uso": "UV", "edif": "EAb_base"}, "geometry": {"type": "Polygon", "coordinates": [[[-70.53955860030706, -33.40760723393608], [-70.53977829190367, -33.407672047819155], [-70.53973433459883, -33.407788377522515], [-70.53950322782077, -33.40772852957488], [-70.53955860030706, -33.40760723393608]]]}}, {"type": "Feature", "properties": {"uso": "UV", "edif": "EAb_base"}, "geometry": {"type": "Polygon", "coordinates": [[[-70.53631585197408, -33.40766191087692], [-70.53659321157156, -33.40773566488574], [-70.53655466021597, -33.40783262920828], [-70.53627730033595, -33.40775887512222], [-70.53631585197408, -33.40766191087692]]]}}, {"type": "Feature", "properties": {"uso": "UV", "edif": "EAb_base"}, "geometry": {"type": "Polygon", "coordinates": [[[-70.53885735537517, -33.40763040823845], [-70.53907121147671, -33.40769047143741], [-70.53903257784994, -33.407782613170205], [-70.5388244715532, -33.40772247858086], [-70.53885735537517, -33.40763040823845]]]}}, {"type": "Feature", "properties": {"uso": "UV", "edif": "EAb_base"}, "geometry": {"type": "Polygon", "coordinates": [[[-70.53823635490916, -33.40763811051939], [-70.53842712556929, -33.407693636768165], [-70.53838840621341, -33.40778095503694], [-70.53820338539354, -33.40772535743258], [-70.53823635490916, -33.40763811051939]]]}}, {"type": "Feature", "properties": {"uso": "UV", "edif": "EAb_base"}, "geometry": {"type": "Polygon", "coordinates": [[[-70.5344873470835, -33.40768454348681], [-70.53476470537376, -33.407758301626984], [-70.53472640646517, -33.407869735312275], [-70.53444896302403, -33.407791153805164], [-70.5344873470835, -33.40768454348681]]]}}, {"type": "Feature", "properties": {"uso": "UV", "edif": "EAb_base"}, "geometry": {"type": "Polygon", "coordinates": [[[-70.52953082356278, -33.407745758062276], [-70.52956422409319, -33.40801068520904], [-70.52926606665224, -33.40806260477704], [-70.52933084037237, -33.40782058894157], [-70.52953082356278, -33.407745758062276]]]}}, {"type": "Feature", "properties": {"uso": "UC1", "edif": "EA_base"}, "geometry": {"type": "Polygon", "coordinates": [[[-70.5490408361314, -33.407518131728025], [-70.54927692737091, -33.407534480593014], [-70.54925177437029, -33.407737416507025], [-70.54901568258272, -33.40772106761036], [-70.5490408361314, -33.407518131728025]]]}}, {"type": "Feature", "properties": {"uso": "UV", "edif": "EAb_base"}, "geometry": {"type": "Polygon", "coordinates": [[[-70.5354536045522, -33.40768705986082], [-70.53573679849278, -33.40776556791791], [-70.53569258102608, -33.40786742647592], [-70.5354152216848, -33.407793670444526], [-70.5354536045522, -33.40768705986082]]]}}, {"type": "Feature", "properties": {"uso": "UV", "edif": "EAb_base"}, "geometry": {"type": "Polygon", "coordinates": [[[-70.5392489511523, -33.40765932002726], [-70.53948005758991, -33.40771916845963], [-70.53944700420644, -33.40780159238722], [-70.5392158124834, -33.40773692061864], [-70.5392489511523, -33.40765932002726]]]}}, {"type": "Feature", "properties": {"uso": "UV", "edif": "EAb_base"}, "geometry": {"type": "Polygon", "coordinates": [[[-70.52893349584686, -33.40779171663433], [-70.52908806843703, -33.40807927209156], [-70.52877308278882, -33.40815551964769], [-70.52873266694216, -33.407818313521354], [-70.52893349584686, -33.40779171663433]]]}}, {"type": "Feature", "properties": {"uso": "UV", "edif": "EAb_base"}, "geometry": {"type": "Polygon", "coordinates": [[[-70.53798411980078, -33.40768465714955], [-70.53816914040682, -33.40774025508788], [-70.53812509587718, -33.407851760998675], [-70.53794007505714, -33.40779616300157], [-70.53798411980078, -33.40768465714955]]]}}, {"type": "Feature", "properties": {"uso": "UV", "edif": "EAb_base"}, "geometry": {"type": "Polygon", "coordinates": [[[-70.54008304205927, -33.40766826459366], [-70.54034306935247, -33.40773740101055], [-70.54030993164199, -33.407815001866325], [-70.54007882444142, -33.40775515500495], [-70.54008981365826, -33.40772607255318], [-70.54008304205927, -33.40766826459366]]]}}, {"type": "Feature", "properties": {"uso": "UV", "edif": "EAb_base"}, "geometry": {"type": "Polygon", "coordinates": [[[-70.53860529077362, -33.407686602686454], [-70.53879022668063, -33.4077373764046], [-70.5387572576915, -33.40782462344892], [-70.53857240666412, -33.40777867296943], [-70.53860529077362, -33.407686602686454]]]}}, {"type": "Feature", "properties": {"uso": "UV", "edif": "EAb_base"}, "geometry": {"type": "Polygon", "coordinates": [[[-70.53661629657773, -33.407740203262215], [-70.53689374161037, -33.40781877987], [-70.53687176099473, -33.407876944266995], [-70.53659440073301, -33.40780319090234], [-70.53661629657773, -33.407740203262215]]]}}, {"type": "Feature", "properties": {"uso": "UV", "edif": "EAb_base"}, "geometry": {"type": "Polygon", "coordinates": [[[-70.53479371000883, -33.40777241578473], [-70.53507106881273, -33.40784617322335], [-70.53503260055648, -33.40794796041106], [-70.534761076324, -33.40787895504457], [-70.53475507177684, -33.407864556313925], [-70.53479371000883, -33.40777241578473]]]}}, {"type": "Feature", "properties": {"uso": "UV", "edif": "EAb_base"}, "geometry": {"type": "Polygon", "coordinates": [[[-70.53393120624847, -33.40778308434993], [-70.53421439927523, -33.40786159591258], [-70.5341702647715, -33.407968277270626], [-70.53388707143013, -33.407889765617234], [-70.53393120624847, -33.40778308434993]]]}}, {"type": "Feature", "properties": {"uso": "UV", "edif": "EAb_base"}, "geometry": {"type": "Polygon", "coordinates": [[[-70.54052080859456, -33.407706247788006], [-70.5407809214833, -33.40778020655079], [-70.54072572095667, -33.407911149241386], [-70.54046560771503, -33.407837190374174], [-70.54052080859456, -33.407706247788006]]]}}, {"type": "Feature", "properties": {"uso": "UV", "edif": "EAb_base"}, "geometry": {"type": "Polygon", "coordinates": [[[-70.52762358384527, -33.40787057156544], [-70.52763727952903, -33.40799583592383], [-70.5271398946784, -33.40816598807648], [-70.52708468300598, -33.407968869539886], [-70.52762358384527, -33.40787057156544]]]}}, {"type": "Feature", "properties": {"uso": "UV", "edif": "EAb_base"}, "geometry": {"type": "Polygon", "coordinates": [[[-70.5357543032355, -33.4077798242208], [-70.5360373279041, -33.40784868499757], [-70.53599886078653, -33.40795047245279], [-70.53572158583945, -33.40788154041108], [-70.5357543032355, -33.4077798242208]]]}}, {"type": "Feature", "properties": {"uso": "UV", "edif": "EAb_base"}, "geometry": {"type": "Polygon", "coordinates": [[[-70.53819231051267, -33.407749616451895], [-70.53838299635517, -33.407800319478476], [-70.53833886703778, -33.40790700217439], [-70.53814818098243, -33.40785629908673], [-70.53819231051267, -33.407749616451895]]]}}, {"type": "Feature", "properties": {"uso": "UV", "edif": "EAb_base"}, "geometry": {"type": "Polygon", "coordinates": [[[-70.53880773189901, -33.407751632262446], [-70.53884798197791, -33.407751132947844], [-70.53902141812166, -33.40780204897558], [-70.53898844934444, -33.40788929607456], [-70.53878042787876, -33.40783398470048], [-70.53880773189901, -33.407751632262446]]]}}, {"type": "Feature", "properties": {"uso": "UV", "edif": "EAb_base"}, "geometry": {"type": "Polygon", "coordinates": [[[-70.53626622490857, -33.40778313398485], [-70.5365435848582, -33.407856888093455], [-70.53650503339871, -33.407953852401846], [-70.53622775808678, -33.407884921503644], [-70.53626622490857, -33.40778313398485]]]}}, {"type": "Feature", "properties": {"uso": "UV", "edif": "EAb_base"}, "geometry": {"type": "Polygon", "coordinates": [[[-70.53443780225673, -33.40781058922727], [-70.5347209957828, -33.407889099617165], [-70.53467677705851, -33.40799095784668], [-70.53440508330141, -33.4079123051139], [-70.53439907880981, -33.40789790636447], [-70.53443780225673, -33.40781058922727]]]}}, {"type": "Feature", "properties": {"uso": "UV", "edif": "EAb_base"}, "geometry": {"type": "Polygon", "coordinates": [[[-70.53949790331528, -33.40775271733835], [-70.539723260142, -33.40781263666634], [-70.53967930269977, -33.40792896635179], [-70.53945386049773, -33.40786422367241], [-70.53949790331528, -33.40775271733835]]]}}, {"type": "Feature", "properties": {"uso": "UV", "edif": "EAb_base"}, "geometry": {"type": "Polygon", "coordinates": [[[-70.53920473788644, -33.40776117972031], [-70.53943584456977, -33.407821028227275], [-70.53940862622518, -33.40790820406678], [-70.53917743424192, -33.407843532234985], [-70.53920473788644, -33.40776117972031]]]}}, {"type": "Feature", "properties": {"uso": "UV", "edif": "EAb_base"}, "geometry": {"type": "Polygon", "coordinates": [[[-70.53540406113602, -33.40781310594743], [-70.53568150542141, -33.40789168529095], [-70.53564295297896, -33.407988649358636], [-70.53536559328553, -33.40791489322745], [-70.53540406113602, -33.40781310594743]]]}}, {"type": "Feature", "properties": {"uso": "UC1", "edif": "EA_base"}, "geometry": {"type": "Polygon", "coordinates": [[[-70.54835898628343, -33.40766172574848], [-70.54859516344112, -33.407682899163326], [-70.54857567321116, -33.40788093993924], [-70.54833374552588, -33.407859838274746], [-70.54835898628343, -33.40766172574848]]]}}, {"type": "Feature", "properties": {"uso": "UV_base", "edif": "EA_base"}, "geometry": {"type": "Polygon", "coordinates": [[[-70.53727873803368, -33.407799536259056], [-70.5375042636038, -33.407869106228986], [-70.53746021815628, -33.40798061192758], [-70.53722902727571, -33.407915936428346], [-70.53727873803368, -33.407799536259056]]]}}, {"type": "Feature", "properties": {"uso": "UV", "edif": "EAb_base"}, "geometry": {"type": "Polygon", "coordinates": [[[-70.54006766495337, -33.4077745908978], [-70.54029302218638, -33.40783450917738], [-70.54026580470244, -33.4079216851804], [-70.54003469724317, -33.407861838245026], [-70.54006766495337, -33.4077745908978]]]}}, {"type": "Feature", "properties": {"uso": "UV", "edif": "EAb_base"}, "geometry": {"type": "Polygon", "coordinates": [[[-70.53856124683209, -33.40779810873635], [-70.53867100744492, -33.40782569333181], [-70.53860498405126, -33.407995364073166], [-70.53849505314966, -33.407958132860635], [-70.53856124683209, -33.40779810873635]]]}}, {"type": "Feature", "properties": {"uso": "UV", "edif": "EAb_base"}, "geometry": {"type": "Polygon", "coordinates": [[[-70.53658324045013, -33.40782262650388], [-70.53686060076589, -33.407896379891774], [-70.53684428518595, -33.40794964975821], [-70.53682712005035, -33.40795468676054], [-70.53656134456303, -33.40788561413864], [-70.53658324045013, -33.40782262650388]]]}}, {"type": "Feature", "properties": {"uso": "UV", "edif": "EAb_base"}, "geometry": {"type": "Polygon", "coordinates": [[[-70.53869417762385, -33.407835054599744], [-70.53880968833955, -33.40786256774497], [-70.53874392037304, -33.408046708397706], [-70.53862815426945, -33.40800472535211], [-70.53869417762385, -33.407835054599744]]]}}, {"type": "Feature", "properties": {"uso": "UV", "edif": "EAb_base"}, "geometry": {"type": "Polygon", "coordinates": [[[-70.53473850039094, -33.4079033560672], [-70.5347556656489, -33.40789831935075], [-70.53502152475656, -33.40797221917238], [-70.53498305639226, -33.40807400634597], [-70.53470569692254, -33.40800024873169], [-70.53473850039094, -33.4079033560672]]]}}, {"type": "Feature", "properties": {"uso": "UV", "edif": "EAb_base"}, "geometry": {"type": "Polygon", "coordinates": [[[-70.53388166055889, -33.4079091298908], [-70.53415910392003, -33.40798771266952], [-70.5341207193369, -33.40809432289652], [-70.53383752562172, -33.40801581114194], [-70.53388166055889, -33.4079091298908]]]}}, {"type": "Feature", "properties": {"uso": "UV", "edif": "EAb_base"}, "geometry": {"type": "Polygon", "coordinates": [[[-70.53752743367812, -33.4078784677181], [-70.53770661940844, -33.40792931432759], [-70.53766248919521, -33.40803599680622], [-70.53748330326634, -33.407985150139346], [-70.53752743367812, -33.4078784677181]]]}}, {"type": "Feature", "properties": {"uso": "UV", "edif": "EAb_base"}, "geometry": {"type": "Polygon", "coordinates": [[[-70.53570467532005, -33.40790104712601], [-70.53598778525854, -33.40797473129272], [-70.53594923312747, -33.4080716954457], [-70.53566612289994, -33.40799801120015], [-70.53570467532005, -33.40790104712601]]]}}, {"type": "Feature", "properties": {"uso": "UV", "edif": "EAb_base"}, "geometry": {"type": "Polygon", "coordinates": [[[-70.53916060960377, -33.40786786267995], [-70.53917202455692, -33.40786289670584], [-70.53939171654581, -33.40792771126093], [-70.53936441303377, -33.40801006381109], [-70.5391332208069, -33.4079453919047], [-70.53916060960377, -33.40786786267995]]]}}, {"type": "Feature", "properties": {"uso": "UV", "edif": "EAb_base"}, "geometry": {"type": "Polygon", "coordinates": [[[-70.53883285854228, -33.40787192898624], [-70.53898303961473, -33.407908660538325], [-70.53890577192003, -33.40809294394254], [-70.53889435692115, -33.40809790989326], [-70.53876709061892, -33.408056069649795], [-70.53883285854228, -33.40787192898624]]]}}, {"type": "Feature", "properties": {"uso": "UV", "edif": "EAb_base"}, "geometry": {"type": "Polygon", "coordinates": [[[-70.53621668263085, -33.40790918036223], [-70.5364882079804, -33.40797818250576], [-70.53645549138301, -33.40807989886418], [-70.53617813078311, -33.40800614457924], [-70.53621668263085, -33.40790918036223]]]}}, {"type": "Feature", "properties": {"uso": "UV", "edif": "EAb_base"}, "geometry": {"type": "Polygon", "coordinates": [[[-70.54045444830481, -33.407856626299406], [-70.54071464676494, -33.40793540846584], [-70.54065369602182, -33.40806642254542], [-70.54039933238964, -33.407992392136634], [-70.54045444830481, -33.407856626299406]]]}}, {"type": "Feature", "properties": {"uso": "UV", "edif": "EAb_base"}, "geometry": {"type": "Polygon", "coordinates": [[[-70.53655018426286, -33.40790504973747], [-70.53682170983355, -33.40797405114367], [-70.53682771472602, -33.40798844976404], [-70.53680564907502, -33.40804179086408], [-70.53652828833337, -33.40796803736685], [-70.53655018426286, -33.40790504973747]]]}}, {"type": "Feature", "properties": {"uso": "UV", "edif": "EAb_base"}, "geometry": {"type": "Polygon", "coordinates": [[[-70.53438250725789, -33.40793670607467], [-70.53439967254488, -33.407931669406764], [-70.5346713663586, -33.40801032214958], [-70.53463281273348, -33.40810728593501], [-70.53435553823843, -33.408038350824114], [-70.5343495337454, -33.40802395207258], [-70.53438250725789, -33.40793670607467]]]}}, {"type": "Feature", "properties": {"uso": "UV", "edif": "EAb_base"}, "geometry": {"type": "Polygon", "coordinates": [[[-70.52764911743014, -33.408014987525966], [-70.52769832697997, -33.40819770666869], [-70.52724102285495, -33.40835771691766], [-70.52715181691646, -33.408189963035944], [-70.52764911743014, -33.408014987525966]]]}}, {"type": "Feature", "properties": {"uso": "UV", "edif": "EAb_base"}, "geometry": {"type": "Polygon", "coordinates": [[[-70.52827257361282, -33.408147214017056], [-70.52823841113594, -33.40816693228757], [-70.52773883083054, -33.40821168087188], [-70.52769004343192, -33.40805307828226], [-70.5282242921628, -33.40801755149618], [-70.52827257361282, -33.408147214017056]]]}}, {"type": "Feature", "properties": {"uso": "UV", "edif": "EAb_base"}, "geometry": {"type": "Polygon", "coordinates": [[[-70.53944270085518, -33.40788365951307], [-70.53967981336696, -33.4079579060304], [-70.53969765922058, -33.40799145487553], [-70.53964778141098, -33.408098209362265], [-70.53938758333163, -33.40801942494567], [-70.53944270085518, -33.40788365951307]]]}}, {"type": "Feature", "properties": {"uso": "UV", "edif": "EAb_base"}, "geometry": {"type": "Polygon", "coordinates": [[[-70.53535451758326, -33.407939152015864], [-70.53562604242174, -33.408008156063616], [-70.53559332479995, -33.408109872223164], [-70.53531604962474, -33.40804093928176], [-70.53535451758326, -33.407939152015864]]]}}, {"type": "Feature", "properties": {"uso": "UV", "edif": "EAb_base"}, "geometry": {"type": "Polygon", "coordinates": [[[-70.54002928774902, -33.407881202747795], [-70.54025473037991, -33.40794594436745], [-70.54021043303058, -33.408042981106576], [-70.53999082532717, -33.40798299130781], [-70.54002928774902, -33.407881202747795]]]}}, {"type": "Feature", "properties": {"uso": "UV_base", "edif": "EAb_base"}, "geometry": {"type": "Polygon", "coordinates": [[[-70.53722361715089, -33.407935300826495], [-70.53744905804838, -33.40800004760164], [-70.53741059253636, -33.40810183544716], [-70.53717931639056, -33.408032336579396], [-70.53722361715089, -33.407935300826495]]]}}, {"type": "Feature", "properties": {"uso": "UV", "edif": "EAb_base"}, "geometry": {"type": "Polygon", "coordinates": [[[-70.5295645623029, -33.40802997841942], [-70.52956752165159, -33.408198794007525], [-70.52906202294191, -33.40823397220368], [-70.52904832516737, -33.40810870806653], [-70.5295645623029, -33.40802997841942]]]}}, {"type": "Feature", "properties": {"uso": "UV", "edif": "EAb_base"}, "geometry": {"type": "Polygon", "coordinates": [[[-70.53651712801592, -33.407987472962965], [-70.53679448881162, -33.40806122648344], [-70.53677259302567, -33.408124214150504], [-70.53649523204408, -33.40805046058698], [-70.53651712801592, -33.407987472962965]]]}}, {"type": "Feature", "properties": {"uso": "UV", "edif": "EAb_base"}, "geometry": {"type": "Polygon", "coordinates": [[[-70.53912206108207, -33.40796482771861], [-70.53926657748559, -33.408006453544104], [-70.53919506035808, -33.40819066575914], [-70.53906787886513, -33.40815364911389], [-70.5390614482066, -33.408115134208124], [-70.53912206108207, -33.40796482771861]]]}}, {"type": "Feature", "properties": {"uso": "UV", "edif": "EAb_base"}, "geometry": {"type": "Polygon", "coordinates": [[[-70.53468887098404, -33.40802457860588], [-70.5349719805638, -33.408098265103234], [-70.53493342724173, -33.40819522897237], [-70.53465031737294, -33.40812154239618], [-70.53468887098404, -33.40802457860588]]]}}, {"type": "Feature", "properties": {"uso": "UV", "edif": "EAb_base"}, "geometry": {"type": "Polygon", "coordinates": [[[-70.53383211473272, -33.408035175413495], [-70.53410380841132, -33.40811382940389], [-70.53410981287107, -33.4081282281681], [-70.53407117376571, -33.40822036850423], [-70.53378806446297, -33.40814667994142], [-70.53383211473272, -33.408035175413495]]]}}, {"type": "Feature", "properties": {"uso": "UV", "edif": "EAb_base"}, "geometry": {"type": "Polygon", "coordinates": [[[-70.53565496238367, -33.408017446724166], [-70.53593815757147, -33.40809595428157], [-70.53589969023962, -33.40819774170855], [-70.5356164947487, -33.40811923407299], [-70.53565496238367, -33.408017446724166]]]}}, {"type": "Feature", "properties": {"uso": "UV", "edif": "EAb_base"}, "geometry": {"type": "Polygon", "coordinates": [[[-70.53747222815255, -33.408009409100046], [-70.53765716416082, -33.408060184504635], [-70.53761869887059, -33.408161972407584], [-70.53743951270292, -33.408111125685096], [-70.53747222815255, -33.408009409100046]]]}}, {"type": "Feature", "properties": {"uso": "UV", "edif": "EAb_base"}, "geometry": {"type": "Polygon", "coordinates": [[[-70.53616705529919, -33.408030403433756], [-70.53643858099512, -33.408099405674996], [-70.53644450090162, -33.408108981028235], [-70.53642243498604, -33.40816232206666], [-70.53615657422762, -33.40808842530096], [-70.53615056943704, -33.40807402664534], [-70.53616705529919, -33.408030403433756]]]}}, {"type": "Feature", "properties": {"uso": "UV", "edif": "EAb_base"}, "geometry": {"type": "Polygon", "coordinates": [[[-70.53433854256062, -33.408053034070086], [-70.5346159867548, -33.40813161580009], [-70.53457751784944, -33.408233402860866], [-70.53429440812313, -33.40815971546756], [-70.53433854256062, -33.408053034070086]]]}}, {"type": "Feature", "properties": {"uso": "UV", "edif": "EAb_base"}, "geometry": {"type": "Polygon", "coordinates": [[[-70.52902557849133, -33.40812346148805], [-70.52903986790595, -33.4082824887534], [-70.52854113245193, -33.40837547361909], [-70.5285042661157, -33.40824084621172], [-70.52902557849133, -33.40812346148805]]]}}, {"type": "Feature", "properties": {"uso": "UV", "edif": "EAb_base"}, "geometry": {"type": "Polygon", "coordinates": [[[-70.53972082954665, -33.40800081594699], [-70.5397960054629, -33.40802400447911], [-70.53984741521876, -33.40800406896667], [-70.53993975612191, -33.40802221999496], [-70.53988489467199, -33.40817245546329], [-70.53967670179334, -33.4081074990717], [-70.53972082954665, -33.40800081594699]]]}}, {"type": "Feature", "properties": {"uso": "UV", "edif": "EAb_base"}, "geometry": {"type": "Polygon", "coordinates": [[[-70.5399796657921, -33.40800242719344], [-70.54019927353812, -33.40806241701061], [-70.54017197075873, -33.40814476971621], [-70.53994661278969, -33.40808485124012], [-70.5399796657921, -33.40800242719344]]]}}, {"type": "Feature", "properties": {"uso": "UV", "edif": "EAb_base"}, "geometry": {"type": "Polygon", "coordinates": [[[-70.53530488902409, -33.40806037477653], [-70.53558224913927, -33.408134131030074], [-70.53555468728771, -33.40820201297679], [-70.53527732697518, -33.40812825666789], [-70.53530488902409, -33.40806037477653]]]}}, {"type": "Feature", "properties": {"uso": "UV", "edif": "EAb_base"}, "geometry": {"type": "Polygon", "coordinates": [[[-70.53929549780015, -33.408015743344606], [-70.5393995088664, -33.40804339863261], [-70.53931082696342, -33.40823264825946], [-70.53921823068784, -33.40820002692424], [-70.53929549780015, -33.408015743344606]]]}}, {"type": "Feature", "properties": {"uso": "UV", "edif": "EAb_base"}, "geometry": {"type": "Polygon", "coordinates": [[[-70.54038825809657, -33.40801665133453], [-70.54064253662698, -33.40808585848652], [-70.54059308575253, -33.408216729707576], [-70.54033872172323, -33.408142699187295], [-70.54038825809657, -33.40801665133453]]]}}, {"type": "Feature", "properties": {"uso": "UV", "edif": "EAb_base"}, "geometry": {"type": "Polygon", "coordinates": [[[-70.53716824118567, -33.40805659551536], [-70.53740518244231, -33.40812119985185], [-70.53736654686234, -33.408213341115236], [-70.53732621156023, -33.40820901667044], [-70.5371353554203, -33.40814866545938], [-70.53716824118567, -33.40805659551536]]]}}, {"type": "Feature", "properties": {"uso": "UV", "edif": "EAb_base"}, "geometry": {"type": "Polygon", "coordinates": [[[-70.53648407170934, -33.408069896180386], [-70.536761432745, -33.40814364976715], [-70.53673953691667, -33.40820663742885], [-70.53646217569509, -33.408132883799034], [-70.53648407170934, -33.408069896180386]]]}}, {"type": "Feature", "properties": {"uso": "UV", "edif": "EAb_base"}, "geometry": {"type": "Polygon", "coordinates": [[[-70.52833345367057, -33.4083394377894], [-70.52781662219712, -33.4083843992479], [-70.52774491871203, -33.40823090328027], [-70.5282789150514, -33.40818090631236], [-70.52833345367057, -33.4083394377894]]]}}, {"type": "Feature", "properties": {"uso": "UV", "edif": "EAb_base"}, "geometry": {"type": "Polygon", "coordinates": [[[-70.53942842920628, -33.40805268840129], [-70.5395093551281, -33.408075805748716], [-70.53951527536402, -33.4080853809458], [-70.53942075853449, -33.408269878727374], [-70.53933974735826, -33.40824193804701], [-70.53942842920628, -33.40805268840129]]]}}, {"type": "Feature", "properties": {"uso": "UV", "edif": "EAb_base"}, "geometry": {"type": "Polygon", "coordinates": [[[-70.53613957885356, -33.408103108785276], [-70.53641702466766, -33.408181686434425], [-70.53639495871847, -33.40823502746834], [-70.53611768258074, -33.40816609635012], [-70.53613957885356, -33.408103108785276]]]}}, {"type": "Feature", "properties": {"uso": "UV", "edif": "EAb_base"}, "geometry": {"type": "Polygon", "coordinates": [[[-70.52771016492345, -33.40821685826325], [-70.52777036817196, -33.408370495892655], [-70.52733606367113, -33.408530223228915], [-70.52725294514875, -33.40838169186516], [-70.52771016492345, -33.40821685826325]]]}}, {"type": "Feature", "properties": {"uso": "UV", "edif": "EAb_base"}, "geometry": {"type": "Polygon", "coordinates": [[[-70.53463924144525, -33.40814580112635], [-70.53492235138526, -33.40821948772558], [-70.5348837979593, -33.40831645158056], [-70.53460077256173, -33.40824758819353], [-70.53463924144525, -33.40814580112635]]]}}, {"type": "Feature", "properties": {"uso": "UV", "edif": "EAb_base"}, "geometry": {"type": "Polygon", "coordinates": [[[-70.53954402552085, -33.408085024126756], [-70.53963662178452, -33.40811764521929], [-70.539542190288, -33.40830696636588], [-70.53945542899683, -33.40827909712796], [-70.53945517369723, -33.408264627287906], [-70.53954402552085, -33.408085024126756]]]}}, {"type": "Feature", "properties": {"uso": "UV", "edif": "EAb_base"}, "geometry": {"type": "Polygon", "coordinates": [[[-70.53560533420678, -33.40813866959294], [-70.5358885297525, -33.40821717725223], [-70.53584448205862, -33.408328682434984], [-70.53554386625619, -33.40824074164728], [-70.53557227697728, -33.408221092591624], [-70.53560533420678, -33.40813866959294]]]}}, {"type": "Feature", "properties": {"uso": "UV", "edif": "EAb_base"}, "geometry": {"type": "Polygon", "coordinates": [[[-70.53377690350372, -33.40816611530846], [-70.53406001286181, -33.40823980389499], [-70.53405468681207, -33.40826399146684], [-70.53403769103952, -33.408278674673774], [-70.53376608168041, -33.408204843846455], [-70.53377690350372, -33.40816611530846]]]}}, {"type": "Feature", "properties": {"uso": "UV", "edif": "EAb_base"}, "geometry": {"type": "Polygon", "coordinates": [[[-70.53526633609131, -33.40815733873868], [-70.53528350136521, -33.408152301948824], [-70.53551469158421, -33.40821698109596], [-70.53552078116417, -33.408236203073734], [-70.53550437982217, -33.40828464949732], [-70.5354929645923, -33.408289615141044], [-70.5352502740888, -33.4082250782912], [-70.53524435430269, -33.40821550287762], [-70.53526633609131, -33.40815733873868]]]}}, {"type": "Feature", "properties": {"uso": "UV", "edif": "EAb_base"}, "geometry": {"type": "Polygon", "coordinates": [[[-70.5374283525748, -33.40813056135749], [-70.53760753877702, -33.40818140809499], [-70.53756898838492, -33.408278372699506], [-70.53738980200144, -33.40822752591213], [-70.5374283525748, -33.40813056135749]]]}}, {"type": "Feature", "properties": {"uso": "UV", "edif": "EAb_base"}, "geometry": {"type": "Polygon", "coordinates": [[[-70.53994120326402, -33.408104215739336], [-70.540160896384, -33.40816902889559], [-70.54012784349808, -33.40825145298533], [-70.53990806506557, -33.408181816497546], [-70.53994120326402, -33.408104215739336]]]}}, {"type": "Feature", "properties": {"uso": "UV", "edif": "EAb_base"}, "geometry": {"type": "Polygon", "coordinates": [[[-70.53645101534308, -33.4081523193897], [-70.53672262657047, -33.40822614427688], [-70.53672863146583, -33.40824054290146], [-70.53670648074801, -33.4082890606991], [-70.53643495426755, -33.40822005906941], [-70.53642903435404, -33.408210483716054], [-70.53645101534308, -33.4081523193897]]]}}, {"type": "Feature", "properties": {"uso": "UV", "edif": "EAb_base"}, "geometry": {"type": "Polygon", "coordinates": [[[-70.53428899732873, -33.40817907975598], [-70.53456644188829, -33.408257661585104], [-70.53452788804707, -33.40835462534064], [-70.53425636289009, -33.408285618898205], [-70.53425035839456, -33.408271220142446], [-70.53428899732873, -33.40817907975598]]]}}, {"type": "Feature", "properties": {"uso": "UV", "edif": "EAb_base"}, "geometry": {"type": "Polygon", "coordinates": [[[-70.5396597070279, -33.408122183021526], [-70.53975230337132, -33.40815480402512], [-70.53966937218864, -33.408343982511646], [-70.53957111073025, -33.40831625609797], [-70.5396597070279, -33.408122183021526]]]}}, {"type": "Feature", "properties": {"uso": "UV", "edif": "EAb_base"}, "geometry": {"type": "Polygon", "coordinates": [[[-70.53712419521885, -33.408168101106355], [-70.53735547168927, -33.40823760006641], [-70.53731700597338, -33.40833938788526], [-70.53708572925753, -33.40826988886141], [-70.53712419521885, -33.408168101106355]]]}}, {"type": "Feature", "properties": {"uso": "UV", "edif": "EAb_base"}, "geometry": {"type": "Polygon", "coordinates": [[[-70.53610652214677, -33.408185531912025], [-70.53638388326915, -33.408259286340474], [-70.53636190221081, -33.408317450656], [-70.53608454091807, -33.4082436961838], [-70.53610652214677, -33.408185531912025]]]}}, {"type": "Feature", "properties": {"uso": "UV", "edif": "EAb_base"}, "geometry": {"type": "Polygon", "coordinates": [[[-70.53842962461948, -33.40816156649461], [-70.53861464650635, -33.408217163727045], [-70.53856476723577, -33.40832391781608], [-70.53837974514848, -33.40826832051572], [-70.53842962461948, -33.40816156649461]]]}}, {"type": "Feature", "properties": {"uso": "UV", "edif": "EAb_base"}, "geometry": {"type": "Polygon", "coordinates": [[[-70.53375492070927, -33.40822427921171], [-70.53403228018136, -33.40829803895248], [-70.53402162805791, -33.40834641409375], [-70.53373834881123, -33.408263078843795], [-70.53375492070927, -33.40822427921171]]]}}, {"type": "Feature", "properties": {"uso": "UV", "edif": "EAb_base"}, "geometry": {"type": "Polygon", "coordinates": [[[-70.53978122378284, -33.40816409370924], [-70.53987382021315, -33.40819671461931], [-70.53978513921068, -33.40838596455581], [-70.53969254260706, -33.40835334358528], [-70.53978122378284, -33.40816409370924]]]}}, {"type": "Feature", "properties": {"uso": "UV", "edif": "EAb_base"}, "geometry": {"type": "Polygon", "coordinates": [[[-70.5403276473957, -33.40816695838024], [-70.54058201148811, -33.40824098892119], [-70.54053264560315, -33.40837668339757], [-70.54027244595935, -33.40829790088769], [-70.5403276473957, -33.40816695838024]]]}}, {"type": "Feature", "properties": {"uso": "UV", "edif": "EAb_base"}, "geometry": {"type": "Polygon", "coordinates": [[[-70.5352333633979, -33.40824458494573], [-70.53548755405919, -33.40830897947401], [-70.53547149220648, -33.408376719049464], [-70.53545432690086, -33.40838175586613], [-70.53521163616377, -33.40831721894811], [-70.5352333633979, -33.40824458494573]]]}}, {"type": "Feature", "properties": {"uso": "UV", "edif": "EAb_base"}, "geometry": {"type": "Polygon", "coordinates": [[[-70.53641804384905, -33.40823956587789], [-70.53669532043274, -33.408308496310305], [-70.53667908963085, -33.40836658944291], [-70.53666767446171, -33.40837155519311], [-70.53639606281817, -33.40829773019887], [-70.53641804384905, -33.40823956587789]]]}}, {"type": "Feature", "properties": {"uso": "UV", "edif": "EAb_base"}, "geometry": {"type": "Polygon", "coordinates": [[[-70.53458961177454, -33.40826702362862], [-70.53487272207482, -33.4083407103297], [-70.5348397489216, -33.40842795644283], [-70.534822583566, -33.40843299317334], [-70.5345568080188, -33.40836391625685], [-70.53458961177454, -33.40826702362862]]]}}, {"type": "Feature", "properties": {"uso": "UV", "edif": "EAb_base"}, "geometry": {"type": "Polygon", "coordinates": [[[-70.53991424072711, -33.40820586151107], [-70.54000108720791, -33.408238553705], [-70.53992356604729, -33.4084083678443], [-70.53990657126822, -33.40842305182777], [-70.53981405970302, -33.40839525422964], [-70.53989141082138, -33.40821579359453], [-70.5398969906122, -33.40820607565545], [-70.53991424072711, -33.40820586151107]]]}}, {"type": "Feature", "properties": {"uso": "UV", "edif": "EAb_base"}, "geometry": {"type": "Polygon", "coordinates": [[[-70.53553845573707, -33.40826010598221], [-70.53583332154345, -33.408348117974136], [-70.53580043425728, -33.40844018760337], [-70.53550582281152, -33.408366645409174], [-70.53553845573707, -33.40826010598221]]]}}, {"type": "Feature", "properties": {"uso": "UV", "edif": "EAb_base"}, "geometry": {"type": "Polygon", "coordinates": [[[-70.53863781678535, -33.408226525002135], [-70.53874191297999, -33.40825900412127], [-70.53866438931946, -33.40842881754361], [-70.53856037799666, -33.4084011616472], [-70.53863781678535, -33.408226525002135]]]}}, {"type": "Feature", "properties": {"uso": "UV", "edif": "EAb_base"}, "geometry": {"type": "Polygon", "coordinates": [[[-70.53372735739359, -33.408292160792726], [-70.53374452279121, -33.40828712421269], [-70.53401046712781, -33.40836584948046], [-70.53399964538784, -33.40840457803539], [-70.53371636596897, -33.40832124274076], [-70.53372735739359, -33.408292160792726]]]}}, {"type": "Feature", "properties": {"uso": "UV", "edif": "EAb_base"}, "geometry": {"type": "Polygon", "coordinates": [[[-70.53737864184824, -33.408246961580446], [-70.53756366331235, -33.408302560394155], [-70.53752511282286, -33.408399524986145], [-70.5373400911728, -33.40834392612093], [-70.53737864184824, -33.408246961580446]]]}}, {"type": "Feature", "properties": {"uso": "UV", "edif": "EAb_base"}, "geometry": {"type": "Polygon", "coordinates": [[[-70.53607913051977, -33.40826306053887], [-70.53634499175759, -33.40833695745525], [-70.53635091167118, -33.40834653281244], [-70.536328760716, -33.40839505054856], [-70.53605148411077, -33.40832611929708], [-70.53607913051977, -33.40826306053887]]]}}, {"type": "Feature", "properties": {"uso": "UV", "edif": "EAb_base"}, "geometry": {"type": "Polygon", "coordinates": [[[-70.53423936714854, -33.40830030213188], [-70.53451672723062, -33.408374060769695], [-70.53447834293823, -33.40848067109335], [-70.53419531728511, -33.40841180678881], [-70.53423936714854, -33.40830030213188]]]}}, {"type": "Feature", "properties": {"uso": "UC1", "edif": "EAm2"}, "geometry": {"type": "Polygon", "coordinates": [[[-70.54538886596168, -33.408171548156005], [-70.54595897254781, -33.40821268758872], [-70.54590489057698, -33.40840633480841], [-70.54565077825256, -33.408346785128536], [-70.54561112611053, -33.408381049519456], [-70.54533959309249, -33.40831206759804], [-70.54538886596168, -33.408171548156005]]]}}, {"type": "Feature", "properties": {"uso": "UV", "edif": "EAb_base"}, "geometry": {"type": "Polygon", "coordinates": [[[-70.52778795623902, -33.4083895766586], [-70.52785374092845, -33.40853349680331], [-70.52741377012423, -33.40869811855671], [-70.52734790158453, -33.40854937485803], [-70.52778795623902, -33.4083895766586]]]}}, {"type": "Feature", "properties": {"uso": "UV", "edif": "EAb_base"}, "geometry": {"type": "Polygon", "coordinates": [[[-70.54002992254014, -33.40824302005069], [-70.54012243400415, -33.408270817491086], [-70.54005040771025, -33.40842609047534], [-70.5399990828899, -33.40845084935506], [-70.53993549178479, -33.4084323414725], [-70.54002992254014, -33.40824302005069]]]}}, {"type": "Feature", "properties": {"uso": "UV", "edif": "EAb_base"}, "geometry": {"type": "Polygon", "coordinates": [[[-70.538765083283, -33.40826836537182], [-70.53886917957122, -33.40830084438112], [-70.53879740618657, -33.40847058654543], [-70.53868755966059, -33.40843817880735], [-70.538765083283, -33.40826836537182]]]}}, {"type": "Feature", "properties": {"uso": "UV", "edif": "EAb_base"}, "geometry": {"type": "Polygon", "coordinates": [[[-70.53707456903042, -33.40828932450433], [-70.5373058457904, -33.40835882354755], [-70.53726737996827, -33.4084606113523], [-70.53703610296286, -33.408391112245255], [-70.53707456903042, -33.40828932450433]]]}}, {"type": "Feature", "properties": {"uso": "UV", "edif": "EAb_base"}, "geometry": {"type": "Polygon", "coordinates": [[[-70.53370528975505, -33.40834550139491], [-70.53398856924409, -33.408428836712574], [-70.53397208221352, -33.40847245966509], [-70.53368871781382, -33.408384301020945], [-70.53370528975505, -33.40834550139491]]]}}, {"type": "Feature", "properties": {"uso": "UV", "edif": "EAb_base"}, "geometry": {"type": "Polygon", "coordinates": [[[-70.53837433526246, -33.408287684956306], [-70.53855360733722, -33.4083433535827], [-70.53851514299294, -33.40844514173285], [-70.53832428558158, -33.40838479239209], [-70.53837433526246, -33.408287684956306]]]}}, {"type": "Feature", "properties": {"uso": "UV", "edif": "EAb_base"}, "geometry": {"type": "Polygon", "coordinates": [[[-70.53638498736191, -33.40832198907107], [-70.53666801424637, -33.408390848338136], [-70.53664045317657, -33.40845873050162], [-70.53636309121954, -33.4083849766736], [-70.53638498736191, -33.40832198907107]]]}}, {"type": "Feature", "properties": {"uso": "UV", "edif": "EAb_base"}, "geometry": {"type": "Polygon", "coordinates": [[[-70.52955390721837, -33.40840640871663], [-70.52949682851722, -33.408759289692604], [-70.5290358059192, -33.40870708121034], [-70.52907859467588, -33.40852322865017], [-70.5290708159483, -33.40840754024972], [-70.52955390721837, -33.40840640871663]]]}}, {"type": "Feature", "properties": {"uso": "UV", "edif": "EAb_base"}, "geometry": {"type": "Polygon", "coordinates": [[[-70.53519481031161, -33.40834154888746], [-70.53520622556627, -33.40833658327054], [-70.53546050136012, -33.4084058011354], [-70.53543310909194, -33.4084833296353], [-70.53517299816058, -33.40840935959398], [-70.53519481031161, -33.40834154888746]]]}}, {"type": "Feature", "properties": {"uso": "UV", "edif": "EAb_base"}, "geometry": {"type": "Polygon", "coordinates": [[[-70.53889809994611, -33.408310134272284], [-70.53900228140486, -33.408347436447876], [-70.53893042317608, -33.40851235540064], [-70.53882057655224, -33.408479947783505], [-70.53889809994611, -33.408310134272284]]]}}, {"type": "Feature", "properties": {"uso": "UV", "edif": "EAb_base"}, "geometry": {"type": "Polygon", "coordinates": [[[-70.53604040855416, -33.40835037814125], [-70.53606915884525, -33.408350022124914], [-70.53631185024086, -33.408414557343704], [-70.53631777015649, -33.40842413270231], [-70.53630128430412, -33.40846775593123], [-70.53628411903337, -33.40847279286181], [-70.5360240923953, -33.40840364791274], [-70.53604040855416, -33.40835037814125]]]}}, {"type": "Feature", "properties": {"uso": "UC1", "edif": "EA_base"}, "geometry": {"type": "Polygon", "coordinates": [[[-70.54610890045859, -33.40823494061124], [-70.54632190774782, -33.40824675846944], [-70.54629768797558, -33.408502749872675], [-70.54604434431394, -33.408486610398306], [-70.54610890045859, -33.40823494061124]]]}}, {"type": "Feature", "properties": {"uso": "UV", "edif": "EAb_base"}, "geometry": {"type": "Polygon", "coordinates": [[[-70.53453998197192, -33.40838824611266], [-70.5348171728753, -33.40845235748112], [-70.53482317747695, -33.408466756205996], [-70.53478462384136, -33.40856372003269], [-70.53450734777462, -33.40849478531096], [-70.53453998197192, -33.40838824611266]]]}}, {"type": "Feature", "properties": {"uso": "UV_base", "edif": "EA_base"}, "geometry": {"type": "Polygon", "coordinates": [[[-70.54026128645063, -33.40831733679706], [-70.54036538330398, -33.408349814532556], [-70.54027670324021, -33.40853906478997], [-70.54017835624549, -33.408506515591995], [-70.54026128645063, -33.40831733679706]]]}}, {"type": "Feature", "properties": {"uso": "UV", "edif": "EAb_base"}, "geometry": {"type": "Polygon", "coordinates": [[[-70.53374698154447, -33.408426999706485], [-70.53368661335779, -33.40859177371027], [-70.53361203186523, -33.40860234449538], [-70.53368330687198, -33.40840366528649], [-70.53374698154447, -33.408426999706485]]]}}, {"type": "Feature", "properties": {"uso": "UC1", "edif": "EA_base"}, "geometry": {"type": "Polygon", "coordinates": [[[-70.54634499332256, -33.40825129501613], [-70.54653500057096, -33.408263399224026], [-70.54651078142315, -33.40851939065034], [-70.54632077361755, -33.40850728642177], [-70.54634499332256, -33.40825129501613]]]}}, {"type": "Feature", "properties": {"uso": "UV", "edif": "EAb_base"}, "geometry": {"type": "Polygon", "coordinates": [[[-70.53549466221513, -33.408386080920025], [-70.53578935861674, -33.40846444642709], [-70.53574522578685, -33.408571128289324], [-70.53546777926394, -33.40849254916005], [-70.53546168967537, -33.40847332718062], [-70.53549466221513, -33.408386080920025]]]}}, {"type": "Feature", "properties": {"uso": "UV", "edif": "EAb_base"}, "geometry": {"type": "Polygon", "coordinates": [[[-70.53732901597715, -33.40836818506993], [-70.53751403767292, -33.40842378395019], [-70.53747540208829, -33.4085159252437], [-70.53729046519781, -33.40846514959626], [-70.53732901597715, -33.40836818506993]]]}}, {"type": "Feature", "properties": {"uso": "UV", "edif": "EAb_base"}, "geometry": {"type": "Polygon", "coordinates": [[[-70.53902545175772, -33.40835679764816], [-70.53913529829333, -33.4083892050867], [-70.53905769022445, -33.408554195452204], [-70.53895359356629, -33.40852171661309], [-70.53902545175772, -33.40835679764816]]]}}, {"type": "Feature", "properties": {"uso": "UC1", "edif": "EA_base"}, "geometry": {"type": "Polygon", "coordinates": [[[-70.54656383618394, -33.408267864040575], [-70.54675384348515, -33.40827996791122], [-70.54672953947599, -33.40853113609801], [-70.54653953162808, -33.40851903220624], [-70.54656383618394, -33.408267864040575]]]}}, {"type": "Feature", "properties": {"uso": "UV", "edif": "EAb_base"}, "geometry": {"type": "Polygon", "coordinates": [[[-70.5363519308151, -33.40840441225616], [-70.53662929282618, -33.408478166107415], [-70.53661297700937, -33.40853143594575], [-70.53660156181502, -33.40853640169046], [-70.53632994970259, -33.40846257656638], [-70.5363519308151, -33.40840441225616]]]}}, {"type": "Feature", "properties": {"uso": "UV", "edif": "EAb_base"}, "geometry": {"type": "Polygon", "coordinates": [[[-70.53418990645517, -33.408431171073225], [-70.53446726692054, -33.40850492980948], [-70.53442871286967, -33.408601893536726], [-70.53415135212177, -33.40852813472323], [-70.53418990645517, -33.408431171073225]]]}}, {"type": "Feature", "properties": {"uso": "UV", "edif": "EAb_base"}, "geometry": {"type": "Polygon", "coordinates": [[[-70.53378165153477, -33.408436219708435], [-70.53380490617907, -33.40845040519204], [-70.53374402937678, -33.408586239464555], [-70.5337152789765, -33.408586594944325], [-70.53371502462565, -33.408572125065966], [-70.53374275760049, -33.40851389007338], [-70.53376448611051, -33.40844125629427], [-70.53378165153477, -33.408436219708435]]]}}, {"type": "Feature", "properties": {"uso": "UV_base", "edif": "EA_base"}, "geometry": {"type": "Polygon", "coordinates": [[[-70.54038855379338, -33.408359175473954], [-70.54048106548545, -33.408386972639526], [-70.54040397091754, -33.40858090344013], [-70.54030562383166, -33.408548354345996], [-70.54038855379338, -33.408359175473954]]]}}, {"type": "Feature", "properties": {"uso": "UC1", "edif": "EA_base"}, "geometry": {"type": "Polygon", "coordinates": [[[-70.54677692908794, -33.408284504376574], [-70.5469669364417, -33.4082966079188], [-70.54694263304518, -33.408547776129176], [-70.5467526251447, -33.40853567256584], [-70.54677692908794, -33.408284504376574]]]}}, {"type": "Feature", "properties": {"uso": "UV", "edif": "EAb_base"}, "geometry": {"type": "Polygon", "coordinates": [[[-70.53516183748374, -33.40842879507703], [-70.53542769853517, -33.40850269396579], [-70.5353949805179, -33.40860441007709], [-70.53512345396652, -33.40853540557762], [-70.53516183748374, -33.40842879507703]]]}}, {"type": "Feature", "properties": {"uso": "UV", "edif": "EAb_base"}, "geometry": {"type": "Polygon", "coordinates": [[[-70.53702494271012, -33.4084105478841], [-70.53725621975964, -33.40848004701051], [-70.53721766885408, -33.40857701151626], [-70.53698639157213, -33.408507512325464], [-70.53702494271012, -33.4084105478841]]]}}, {"type": "Feature", "properties": {"uso": "UV", "edif": "EAb_base"}, "geometry": {"type": "Polygon", "coordinates": [[[-70.53600726675855, -33.40842797795602], [-70.53606485230523, -33.40843208921818], [-70.5362787086676, -33.40849215722403], [-70.53628471351064, -33.408506555871085], [-70.53626256248116, -33.40855507359641], [-70.53599095056667, -33.408481247723515], [-70.53600726675855, -33.40842797795602]]]}}, {"type": "Feature", "properties": {"uso": "UV", "edif": "EAb_base"}, "geometry": {"type": "Polygon", "coordinates": [[[-70.53382790646246, -33.40845012079316], [-70.53384532625563, -33.40845955407639], [-70.53385682639835, -33.4084594118737], [-70.53383492838182, -33.408522399081605], [-70.53382368259904, -33.408537011160234], [-70.5338072802556, -33.40858545738563], [-70.53379003001615, -33.408585670683074], [-70.5337784450693, -33.4085809895874], [-70.5337782754951, -33.40857134300211], [-70.53381158892448, -33.40850339031186], [-70.53382790646246, -33.40845012079316]]]}}, {"type": "Feature", "properties": {"uso": "UC1", "edif": "EA_base"}, "geometry": {"type": "Polygon", "coordinates": [[[-70.54698993654202, -33.408296321081174], [-70.54761771576334, -33.40834638225251], [-70.54759332868723, -33.40859272727369], [-70.54697138325359, -33.408547417584735], [-70.54698993654202, -33.408296321081174]]]}}, {"type": "Feature", "properties": {"uso": "UV", "edif": "EAb_base"}, "geometry": {"type": "Polygon", "coordinates": [[[-70.53831321065849, -33.40840905142115], [-70.53849823300958, -33.40846464881225], [-70.53845976855226, -33.40856643694668], [-70.53827466096942, -33.40850601622204], [-70.53831321065849, -33.40840905142115]]]}}, {"type": "Feature", "properties": {"uso": "UV", "edif": "EAb_base"}, "geometry": {"type": "Polygon", "coordinates": [[[-70.53387999626827, -33.40846877405013], [-70.53396100605414, -33.408496718340054], [-70.5339224514374, -33.408593681925964], [-70.53383603065426, -33.40858510188455], [-70.53387999626827, -33.40846877405013]]]}}, {"type": "Feature", "properties": {"uso": "UC1", "edif": "EAm2"}, "geometry": {"type": "Polygon", "coordinates": [[[-70.5453341847616, -33.40833143229783], [-70.5456114678724, -33.40840034258316], [-70.54556202437482, -33.408531215570186], [-70.54527864914851, -33.4084430837511], [-70.5453341847616, -33.40833143229783]]]}}, {"type": "Feature", "properties": {"uso": "UV_base", "edif": "EA_base"}, "geometry": {"type": "Polygon", "coordinates": [[[-70.54050998604565, -33.408396262148926], [-70.5406083330274, -33.40842881108449], [-70.54051965342447, -33.408618061500505], [-70.54042705631859, -33.408585441094544], [-70.54050998604565, -33.408396262148926]]]}}, {"type": "Feature", "properties": {"uso": "UV", "edif": "EAb_base"}, "geometry": {"type": "Polygon", "coordinates": [[[-70.53854921808791, -33.40842059741349], [-70.53865331448712, -33.40845307660033], [-70.53858695042153, -33.40860345420338], [-70.53848293891014, -33.40857579824803], [-70.53854921808791, -33.40842059741349]]]}}, {"type": "Feature", "properties": {"uso": "UV", "edif": "EAb_base"}, "geometry": {"type": "Polygon", "coordinates": [[[-70.52785982886037, -33.40855271920373], [-70.52791986369779, -33.40869671012685], [-70.5279102216843, -33.408802964506776], [-70.52753274100888, -33.40892339784272], [-70.52743152705789, -33.4087268459863], [-70.52785982886037, -33.40855271920373]]]}}, {"type": "Feature", "properties": {"uso": "UV", "edif": "EAb_base"}, "geometry": {"type": "Polygon", "coordinates": [[[-70.53925673010505, -33.40842629300275], [-70.53936666190239, -33.40846352351118], [-70.53928913930845, -33.40863333728905], [-70.5391792924101, -33.40860092999845], [-70.53925673010505, -33.40842629300275]]]}}, {"type": "Feature", "properties": {"uso": "UV", "edif": "EAb_base"}, "geometry": {"type": "Polygon", "coordinates": [[[-70.52790050182627, -33.40857633995981], [-70.52836651292542, -33.40858507211174], [-70.52835281111729, -33.408787863454805], [-70.52794269517955, -33.40868678020561], [-70.52790050182627, -33.40857633995981]]]}}, {"type": "Feature", "properties": {"uso": "UV", "edif": "EAb_base"}, "geometry": {"type": "Polygon", "coordinates": [[[-70.53631878928142, -33.40848201214621], [-70.5365961515169, -33.408555766064445], [-70.53657434041847, -33.40862357698558], [-70.53629689305531, -33.408544999738005], [-70.53631878928142, -33.40848201214621]]]}}, {"type": "Feature", "properties": {"uso": "UC1", "edif": "EAm2"}, "geometry": {"type": "Polygon", "coordinates": [[[-70.54565120546535, -33.408370901457836], [-70.54589373233105, -33.40842577118866], [-70.54577768131357, -33.40869255557511], [-70.54555747046275, -33.40859881293707], [-70.54565120546535, -33.408370901457836]]]}}, {"type": "Feature", "properties": {"uso": "UV_base", "edif": "EA_base"}, "geometry": {"type": "Polygon", "coordinates": [[[-70.54063141839694, -33.40843334870181], [-70.54072401540927, -33.408465968958396], [-70.54064108609211, -33.40865514803368], [-70.54054273884056, -33.408622599132904], [-70.54063141839694, -33.40843334870181]]]}}, {"type": "Feature", "properties": {"uso": "UV", "edif": "EAb_base"}, "geometry": {"type": "Polygon", "coordinates": [[[-70.53868214983446, -33.4084575432592], [-70.53878633138687, -33.40849484561295], [-70.53871430251431, -33.40865011788917], [-70.53861012080209, -33.40861281548023], [-70.53868214983446, -33.4084575432592]]]}}, {"type": "Feature", "properties": {"uso": "UV", "edif": "EAb_base"}, "geometry": {"type": "Polygon", "coordinates": [[[-70.53449043686363, -33.40851429186959], [-70.53477354790034, -33.40858797877374], [-70.53473507900117, -33.408689765876666], [-70.5344518828351, -33.40861125560327], [-70.53449043686363, -33.40851429186959]]]}}, {"type": "Feature", "properties": {"uso": "UV", "edif": "EAb_base"}, "geometry": {"type": "Polygon", "coordinates": [[[-70.53597979006653, -33.408500683275015], [-70.5362571521062, -33.40857443795773], [-70.53623517089156, -33.40863260225264], [-70.53622375566127, -33.40863756796348], [-70.53595789358904, -33.408563670813905], [-70.53597979006653, -33.408500683275015]]]}}, {"type": "Feature", "properties": {"uso": "UV", "edif": "EAb_base"}, "geometry": {"type": "Polygon", "coordinates": [[[-70.53728514003825, -33.408489337280805], [-70.5374643269109, -33.408540184203694], [-70.53742577621544, -33.40863714876736], [-70.53724650418272, -33.4085814785098], [-70.53728514003825, -33.408489337280805]]]}}, {"type": "Feature", "properties": {"uso": "UV", "edif": "EAb_base"}, "geometry": {"type": "Polygon", "coordinates": [[[-70.53545086857346, -33.408512055843524], [-70.53572823025053, -33.408585811720826], [-70.53573423501086, -33.40860021039675], [-70.53570126264107, -33.40868745671359], [-70.5354181505804, -33.40861377196011], [-70.53545086857346, -33.408512055843524]]]}}, {"type": "Feature", "properties": {"uso": "UV", "edif": "EAb_base"}, "geometry": {"type": "Polygon", "coordinates": [[[-70.53938974722604, -33.4084680613612], [-70.53949392906958, -33.408505363111416], [-70.53941640669278, -33.40867517696171], [-70.5393123097671, -33.408642698432274], [-70.53938974722604, -33.4084680613612]]]}}, {"type": "Feature", "properties": {"uso": "UV", "edif": "EAb_base"}, "geometry": {"type": "Polygon", "coordinates": [[[-70.53414027600645, -33.408552393412734], [-70.53441763682396, -33.4086261522488], [-70.53437358704333, -33.4087376569616], [-70.53413664610379, -33.408673046822734], [-70.53410730204132, -33.40863963935142], [-70.53414027600645, -33.408552393412734]]]}}, {"type": "Feature", "properties": {"uso": "UV_base", "edif": "EA_base"}, "geometry": {"type": "Polygon", "coordinates": [[[-70.54075868607329, -33.40847518698817], [-70.54083961270882, -33.40849830344466], [-70.5408456182962, -33.40851270184927], [-70.54076251885881, -33.40869223444477], [-70.54074526865466, -33.40869244870982], [-70.54066425669144, -33.408664508919955], [-70.54074169142689, -33.40848987108227], [-70.54075868607329, -33.40847518698817]]]}}, {"type": "Feature", "properties": {"uso": "UV", "edif": "EAb_base"}, "geometry": {"type": "Polygon", "coordinates": [[[-70.53880950175798, -33.408504206852925], [-70.53891934840902, -33.40853661447899], [-70.53885306981809, -33.408691815492205], [-70.5387432229915, -33.408659407813104], [-70.53880950175798, -33.408504206852925]]]}}, {"type": "Feature", "properties": {"uso": "UV", "edif": "EAb_base"}, "geometry": {"type": "Polygon", "coordinates": [[[-70.53698098136164, -33.408526876713836], [-70.53721225869168, -33.40859637591316], [-70.53716821253724, -33.40870788151662], [-70.5369370199016, -33.408643205529245], [-70.53698098136164, -33.408526876713836]]]}}, {"type": "Feature", "properties": {"uso": "UV", "edif": "EAb_base"}, "geometry": {"type": "Polygon", "coordinates": [[[-70.53511229326348, -33.4085548410566], [-70.53538390474414, -33.40862866886778], [-70.53534543654887, -33.40873045613958], [-70.5350738247769, -33.40865662825342], [-70.53511229326348, -33.4085548410566]]]}}, {"type": "Feature", "properties": {"uso": "UV", "edif": "EAb_base"}, "geometry": {"type": "Polygon", "coordinates": [[[-70.53951709951409, -33.408514724216914], [-70.53962119635436, -33.40854720257728], [-70.53954942426762, -33.40871694513423], [-70.5394395771754, -33.408684538080394], [-70.53951709951409, -33.408514724216914]]]}}, {"type": "Feature", "properties": {"uso": "UV", "edif": "EAb_base"}, "geometry": {"type": "Polygon", "coordinates": [[[-70.53628573261685, -33.40856443531512], [-70.53656318003351, -33.40864301258595], [-70.53654686414923, -33.40869628241625], [-70.53626375142372, -33.40862259961458], [-70.53628573261685, -33.40856443531512]]]}}, {"type": "Feature", "properties": {"uso": "UV_base", "edif": "EA_base"}, "geometry": {"type": "Polygon", "coordinates": [[[-70.54087436857579, -33.408512344717956], [-70.54100730134702, -33.40854928803851], [-70.54094153760842, -33.40873342971894], [-70.54078568948026, -33.40870159530765], [-70.54087436857579, -33.408512344717956]]]}}, {"type": "Feature", "properties": {"uso": "UC1", "edif": "EAm2"}, "geometry": {"type": "Polygon", "coordinates": [[[-70.54527324079704, -33.40846244844846], [-70.54555095147406, -33.4085554751878], [-70.54546202632133, -33.40873025903221], [-70.54527611845182, -33.40894966999095], [-70.54504372402435, -33.40881748357642], [-70.54527324079704, -33.40846244844846]]]}}, {"type": "Feature", "properties": {"uso": "UV", "edif": "EAb_base"}, "geometry": {"type": "Polygon", "coordinates": [[[-70.53894243373227, -33.40854115241233], [-70.53904653041015, -33.40857363126019], [-70.53897999679765, -33.40871436249256], [-70.53896300179696, -33.40872904635228], [-70.53887624024904, -33.40870117671771], [-70.53894243373227, -33.40854115241233]]]}}, {"type": "Feature", "properties": {"uso": "UV", "edif": "EAb_base"}, "geometry": {"type": "Polygon", "coordinates": [[[-70.5359467330716, -33.40858310636269], [-70.53622409535123, -33.4086568611117], [-70.53620211409579, -33.40871502540122], [-70.53593058662979, -33.408646022698264], [-70.53592466673986, -33.408636447320724], [-70.5359467330716, -33.40858310636269]]]}}, {"type": "Feature", "properties": {"uso": "UV", "edif": "EAb_base"}, "geometry": {"type": "Polygon", "coordinates": [[[-70.52855795600392, -33.40867920009025], [-70.5294915857192, -33.408788300405625], [-70.52944254032204, -33.40894328416496], [-70.52898709783773, -33.40888135802607], [-70.52894168858475, -33.408915688154465], [-70.52853740604361, -33.408819359339915], [-70.52855795600392, -33.40867920009025]]]}}, {"type": "Feature", "properties": {"uso": "UV", "edif": "EAb_base"}, "geometry": {"type": "Polygon", "coordinates": [[[-70.53965003177342, -33.40855166900874], [-70.53975996388462, -33.40858889915845], [-70.53967669188953, -33.40875878453216], [-70.5395725947748, -33.40872630622726], [-70.53965003177342, -33.40855166900874]]]}}, {"type": "Feature", "properties": {"uso": "UV", "edif": "EAb_base"}, "geometry": {"type": "Polygon", "coordinates": [[[-70.53444072197095, -33.40863069102613], [-70.53472391819183, -33.408709201323255], [-70.53469669485513, -33.408796376259], [-70.53465103346849, -33.40881623854175], [-70.53439667221811, -33.40874219574627], [-70.53444072197095, -33.40863069102613]]]}}, {"type": "Feature", "properties": {"uso": "UV", "edif": "EAb_base"}, "geometry": {"type": "Polygon", "coordinates": [[[-70.52794311750448, -33.40871089673421], [-70.52834739896008, -33.408807227520754], [-70.52825919894988, -33.409025409755465], [-70.52809675356981, -33.40927345265408], [-70.52792137752071, -33.40911158523673], [-70.52762313075696, -33.40915867767469], [-70.52753882890138, -33.408942620259], [-70.52792780987218, -33.408822045248264], [-70.52794311750448, -33.40871089673421]]]}}, {"type": "Feature", "properties": {"uso": "UV_base", "edif": "EA_base"}, "geometry": {"type": "Polygon", "coordinates": [[[-70.54103047195427, -33.40855864885618], [-70.54116323446557, -33.40858594545344], [-70.54109755622729, -33.40877491048278], [-70.54096462307405, -33.408737967271215], [-70.54103047195427, -33.40855864885618]]]}}, {"type": "Feature", "properties": {"uso": "UV", "edif": "EAb_base"}, "geometry": {"type": "Polygon", "coordinates": [[[-70.53723542893324, -33.40860573745115], [-70.53741461602169, -33.408656584438944], [-70.53737057010159, -33.4087680901067], [-70.53719129782834, -33.408712419777146], [-70.53723542893324, -33.40860573745115]]]}}, {"type": "Feature", "properties": {"uso": "UV", "edif": "EAb_base"}, "geometry": {"type": "Polygon", "coordinates": [[[-70.53540698993476, -33.40863320746379], [-70.535690186944, -33.408711715529215], [-70.53564596898745, -33.40881357407085], [-70.53537435672618, -33.40873974685854], [-70.53540698993476, -33.40863320746379]]]}}, {"type": "Feature", "properties": {"uso": "UC1", "edif": "EA_base"}, "geometry": {"type": "Polygon", "coordinates": [[[-70.54603327155425, -33.40851087005513], [-70.54616569345269, -33.408518868195614], [-70.5461462830533, -33.4087217319925], [-70.54599077516365, -33.40870919723536], [-70.54596159758444, -33.40868543922965], [-70.54603327155425, -33.40851087005513]]]}}, {"type": "Feature", "properties": {"uso": "UV", "edif": "EAb_base"}, "geometry": {"type": "Polygon", "coordinates": [[[-70.53978304925919, -33.40859343693365], [-70.53988139621846, -33.408625986446104], [-70.53980970970677, -33.408800552417716], [-70.53970561249658, -33.40876807422753], [-70.53978304925919, -33.40859343693365]]]}}, {"type": "Feature", "properties": {"uso": "UV", "edif": "EAm1p"}, "geometry": {"type": "Polygon", "coordinates": [[[-70.54619444366215, -33.40851850983148], [-70.54633836566393, -33.408526364439275], [-70.54631904114696, -33.408734051515495], [-70.54617503332985, -33.408721373630954], [-70.54619444366215, -33.40851850983148]]]}}, {"type": "Feature", "properties": {"uso": "UV", "edif": "EAb_base"}, "geometry": {"type": "Polygon", "coordinates": [[[-70.53821920112208, -33.40862248805547], [-70.53839847380374, -33.408678156886374], [-70.53835983906284, -33.40877029842827], [-70.53818056621179, -33.408714629547035], [-70.53821920112208, -33.40862248805547]]]}}, {"type": "Feature", "properties": {"uso": "UV", "edif": "EAb_base"}, "geometry": {"type": "Polygon", "coordinates": [[[-70.53625267589261, -33.40864685847596], [-70.53653578868936, -33.408720541300674], [-70.53651380762967, -33.40877870563938], [-70.53623069465867, -33.40870502277003], [-70.53625267589261, -33.40864685847596]]]}}, {"type": "Feature", "properties": {"uso": "UV", "edif": "EAm1p"}, "geometry": {"type": "Polygon", "coordinates": [[[-70.54636720135619, -33.40853082929916], [-70.54667813110385, -33.40855107442556], [-70.54665880739495, -33.40875876153081], [-70.54634779142522, -33.40873369311381], [-70.54636720135619, -33.40853082929916]]]}}, {"type": "Feature", "properties": {"uso": "UV_base", "edif": "EA_base"}, "geometry": {"type": "Polygon", "coordinates": [[[-70.54118640509827, -33.40859530624117], [-70.5413134176459, -33.408622674115946], [-70.54124773971178, -33.40881163921521], [-70.54112072690447, -33.40878427128127], [-70.54118640509827, -33.40859530624117]]]}}, {"type": "Feature", "properties": {"uso": "UV", "edif": "EAb_base"}, "geometry": {"type": "Polygon", "coordinates": [[[-70.53916813261779, -33.408620365816624], [-70.53927797953718, -33.40865277311643], [-70.53921161642417, -33.40880315102261], [-70.53912493981245, -33.40878010484707], [-70.53910168425348, -33.40876592038907], [-70.53916813261779, -33.408620365816624]]]}}, {"type": "Feature", "properties": {"uso": "UV", "edif": "EAb_base"}, "geometry": {"type": "Polygon", "coordinates": [[[-70.53591367601702, -33.408665529442274], [-70.53618520353248, -33.40873453218069], [-70.5361689723204, -33.40879262525467], [-70.53590310981188, -33.408718728001595], [-70.53589710501504, -33.40870432933515], [-70.53591367601702, -33.408665529442274]]]}}, {"type": "Feature", "properties": {"uso": "UV", "edif": "EAb_base"}, "geometry": {"type": "Polygon", "coordinates": [[[-70.5350626640482, -33.40867606372833], [-70.53534002595939, -33.40874982046648], [-70.53529589244324, -33.4088565021839], [-70.53503003040146, -33.408782603044244], [-70.5350626640482, -33.40867606372833]]]}}, {"type": "Feature", "properties": {"uso": "UV", "edif": "EAm1p"}, "geometry": {"type": "Polygon", "coordinates": [[[-70.54670688131695, -33.40855071594239], [-70.54685088890334, -33.40856339321554], [-70.54683156560533, -33.40877108033554], [-70.5466818076204, -33.40875847474682], [-70.54670688131695, -33.40855071594239]]]}}, {"type": "Feature", "properties": {"uso": "UV", "edif": "EAb_base"}, "geometry": {"type": "Polygon", "coordinates": [[[-70.53990465186006, -33.40864017075563], [-70.54000866385124, -33.40866782550317], [-70.53993697756626, -33.408842391540915], [-70.53983288026247, -33.408809913460566], [-70.53990465186006, -33.40864017075563]]]}}, {"type": "Feature", "properties": {"uso": "UV", "edif": "EAm1p"}, "geometry": {"type": "Polygon", "coordinates": [[[-70.54687388907521, -33.40856310639741], [-70.54701781117967, -33.40857096021275], [-70.54699857379764, -33.40878347060959], [-70.54685456583216, -33.40877079351943], [-70.54687388907521, -33.40856310639741]]]}}, {"type": "Feature", "properties": {"uso": "UV_base", "edif": "EA_base"}, "geometry": {"type": "Polygon", "coordinates": [[[-70.54134233836596, -33.40863196342612], [-70.54146943622229, -33.40866415441322], [-70.54140375860196, -33.40885311958511], [-70.54127091041384, -33.40882099998484], [-70.54134233836596, -33.40863196342612]]]}}, {"type": "Feature", "properties": {"uso": "UV", "edif": "EAb_base"}, "geometry": {"type": "Polygon", "coordinates": [[[-70.53930690006993, -33.40866206290716], [-70.53940524694534, -33.40869461279976], [-70.53934463410755, -33.40884491941117], [-70.53923478692091, -33.408812512179026], [-70.53930690006993, -33.40866206290716]]]}}, {"type": "Feature", "properties": {"uso": "UV", "edif": "EAm1p"}, "geometry": {"type": "Polygon", "coordinates": [[[-70.5470408968718, -33.40857549662615], [-70.54719065457564, -33.40858810178914], [-70.54717133208572, -33.408795788938164], [-70.54702157402592, -33.40878318376243], [-70.5470408968718, -33.40857549662615]]]}}, {"type": "Feature", "properties": {"uso": "UV", "edif": "EAb_base"}, "geometry": {"type": "Polygon", "coordinates": [[[-70.53842164418568, -33.408687518198334], [-70.5385314909402, -33.408719926164544], [-70.53846512647763, -33.40887030370798], [-70.53835527955371, -33.40883789568845], [-70.53842164418568, -33.408687518198334]]]}}, {"type": "Feature", "properties": {"uso": "UV", "edif": "EAm1p"}, "geometry": {"type": "Polygon", "coordinates": [[[-70.54721365475035, -33.40858781490784], [-70.54736332695387, -33.40859559659909], [-70.54734409041282, -33.40880810702464], [-70.54719433231537, -33.40879550205888], [-70.54721365475035, -33.40858781490784]]]}}, {"type": "Feature", "properties": {"uso": "UV", "edif": "EAb_base"}, "geometry": {"type": "Polygon", "coordinates": [[[-70.54003758445994, -33.40867711512112], [-70.54014751688283, -33.40871434491729], [-70.5400699956259, -33.408884159139504], [-70.53996014814595, -33.40885175255921], [-70.54003758445994, -33.40867711512112]]]}}, {"type": "Feature", "properties": {"uso": "UV", "edif": "EAb_base"}, "geometry": {"type": "Polygon", "coordinates": [[[-70.5362196191087, -33.4087292816287], [-70.53650273215095, -33.4088029645211], [-70.53648083598782, -33.40886595214074], [-70.53619763783395, -33.4087874459174], [-70.5362196191087, -33.4087292816287]]]}}, {"type": "Feature", "properties": {"uso": "UV_base", "edif": "EA_base"}, "geometry": {"type": "Polygon", "coordinates": [[[-70.54149827175736, -33.40866862041102], [-70.54169471141236, -33.40871924676912], [-70.54161753408846, -33.40890835497062], [-70.54142692933078, -33.40886248032474], [-70.54149827175736, -33.40866862041102]]]}}, {"type": "Feature", "properties": {"uso": "UV", "edif": "EAb_base"}, "geometry": {"type": "Polygon", "coordinates": [[[-70.53588053399892, -33.40874312922601], [-70.5358976993478, -33.40873809234931], [-70.5361635619119, -33.4088119896122], [-70.53614158058076, -33.40887015389186], [-70.5358700526694, -33.408801151070456], [-70.53586404787173, -33.40878675240261], [-70.53588053399892, -33.40874312922601]]]}}, {"type": "Feature", "properties": {"uso": "UC1", "edif": "EAm2"}, "geometry": {"type": "Polygon", "coordinates": [[[-70.5455463975529, -33.408623072554306], [-70.54576652300484, -33.40871199194491], [-70.54569948760411, -33.408823786879026], [-70.54549069117509, -33.40872507756319], [-70.5455463975529, -33.408623072554306]]]}}, {"type": "Feature", "properties": {"uso": "UV", "edif": "EAb_base"}, "geometry": {"type": "Polygon", "coordinates": [[[-70.5394341675045, -33.40870390255998], [-70.53953826454536, -33.40873638098341], [-70.53947198693176, -33.408891582295404], [-70.53936780462884, -33.40885428054195], [-70.5394341675045, -33.40870390255998]]]}}, {"type": "Feature", "properties": {"uso": "UV", "edif": "EAb_base"}, "geometry": {"type": "Polygon", "coordinates": [[[-70.53689263353105, -33.40873541790301], [-70.53712382638435, -33.40880009396614], [-70.53708536017386, -33.408901881719075], [-70.53685416707333, -33.408837205592135], [-70.53689263353105, -33.40873541790301]]]}}, {"type": "Feature", "properties": {"uso": "UV", "edif": "EAb_base"}, "geometry": {"type": "Polygon", "coordinates": [[[-70.53535753084358, -33.408764076819416], [-70.53537469622967, -33.40875904001414], [-70.53562905827849, -33.40883308077828], [-70.53563506304134, -33.408847479458416], [-70.53559642527864, -33.40893962022255], [-70.53531897769072, -33.40886104079453], [-70.53535753084358, -33.408764076819416]]]}}, {"type": "Feature", "properties": {"uso": "UV", "edif": "EAb_base"}, "geometry": {"type": "Polygon", "coordinates": [[[-70.52853207842404, -33.40884354671699], [-70.52894202666843, -33.40893498136764], [-70.52887615242449, -33.40911429406975], [-70.52849994365667, -33.40897902436602], [-70.52853207842404, -33.40884354671699]]]}}, {"type": "Feature", "properties": {"uso": "UV", "edif": "EAb_base"}, "geometry": {"type": "Polygon", "coordinates": [[[-70.53855466134668, -33.408729287450875], [-70.53866450819906, -33.40876169529613], [-70.53859239385149, -33.408912144226164], [-70.53848829691809, -33.40887966500556], [-70.53855466134668, -33.408729287450875]]]}}, {"type": "Feature", "properties": {"uso": "UV", "edif": "EAb_base"}, "geometry": {"type": "Polygon", "coordinates": [[[-70.53816949121008, -33.40873888856436], [-70.53834876410518, -33.408794557460176], [-70.53831012926459, -33.4088866989879], [-70.53825820840514, -33.40887769419173], [-70.5381251061158, -33.408831101341995], [-70.53816949121008, -33.40873888856436]]]}}, {"type": "Feature", "properties": {"uso": "UV", "edif": "EAb_base"}, "geometry": {"type": "Polygon", "coordinates": [[[-70.54017068744893, -33.40872370589676], [-70.54029787020484, -33.40876072137053], [-70.54023193452215, -33.4089352161607], [-70.54009316623011, -33.40889352013216], [-70.54017068744893, -33.40872370589676]]]}}, {"type": "Feature", "properties": {"uso": "UV", "edif": "EAb_base"}, "geometry": {"type": "Polygon", "coordinates": [[[-70.52729047612964, -33.40888296183897], [-70.5274162103505, -33.409166050113306], [-70.52710612512014, -33.40919398970102], [-70.52695950165675, -33.40903176691217], [-70.52729047612964, -33.40888296183897]]]}}, {"type": "Feature", "properties": {"uso": "UV", "edif": "EAm1p"}, "geometry": {"type": "Polygon", "coordinates": [[[-70.54810018817297, -33.408634645858584], [-70.54835936811202, -33.40865553259486], [-70.54832948980153, -33.40891641924346], [-70.54808189479112, -33.4089002122048], [-70.54810018817297, -33.408634645858584]]]}}, {"type": "Feature", "properties": {"uso": "UV", "edif": "EAb_base"}, "geometry": {"type": "Polygon", "coordinates": [[[-70.53956143505664, -33.408745742078416], [-70.53966553219111, -33.40877822039202], [-70.53960491975477, -33.40892852711751], [-70.53950090756356, -33.40890087203769], [-70.53956143505664, -33.408745742078416]]]}}, {"type": "Feature", "properties": {"uso": "UV", "edif": "EAb_base"}, "geometry": {"type": "Polygon", "coordinates": [[[-70.53501320441316, -33.408806932961205], [-70.53530781699325, -33.408880476290065], [-70.53526943347993, -33.408987086828915], [-70.53497473571048, -33.40890872012978], [-70.53501320441316, -33.408806932961205]]]}}, {"type": "Feature", "properties": {"uso": "UV", "edif": "EAb_base"}, "geometry": {"type": "Polygon", "coordinates": [[[-70.53366184766041, -33.40881882393898], [-70.53359615285537, -33.40900778545786], [-70.53346330696465, -33.40897565741894], [-70.53337054236715, -33.40893338509482], [-70.53343886545677, -33.40889394577093], [-70.53366184766041, -33.40881882393898]]]}}, {"type": "Feature", "properties": {"uso": "UV", "edif": "EAb_base"}, "geometry": {"type": "Polygon", "coordinates": [[[-70.53868767863008, -33.408771056556816], [-70.53879752558034, -33.408803464281114], [-70.53872549649546, -33.40895873656309], [-70.53862131440486, -33.408921434176044], [-70.53868767863008, -33.408771056556816]]]}}, {"type": "Feature", "properties": {"uso": "UV", "edif": "EAb_base"}, "geometry": {"type": "Polygon", "coordinates": [[[-70.5361923123534, -33.408811633563005], [-70.53646967555287, -33.40888538773344], [-70.53644219912185, -33.40895809314281], [-70.53616475078945, -33.4088795156307], [-70.5361923123534, -33.408811633563005]]]}}, {"type": "Feature", "properties": {"uso": "UV", "edif": "EAb_base"}, "geometry": {"type": "Polygon", "coordinates": [[[-70.53585305711154, -33.408815834519224], [-70.53613050498659, -33.40889441274328], [-70.53610852361463, -33.408952577017544], [-70.53583107557024, -33.408873998749755], [-70.53585305711154, -33.408815834519224]]]}}, {"type": "Feature", "properties": {"uso": "UV", "edif": "EAb_base"}, "geometry": {"type": "Polygon", "coordinates": [[[-70.52897610474942, -33.40891043959841], [-70.5294371284004, -33.408962648271384], [-70.52937675165776, -33.40912742040578], [-70.52893247040943, -33.409046059091665], [-70.52897610474942, -33.40891043959841]]]}}, {"type": "Feature", "properties": {"uso": "UV", "edif": "EAb_base"}, "geometry": {"type": "Polygon", "coordinates": [[[-70.5371527467576, -33.40880938426421], [-70.53733184924148, -33.40885540807489], [-70.53729346823721, -33.4089620191696], [-70.53710844551303, -33.40890641999354], [-70.5371527467576, -33.40880938426421]]]}}, {"type": "Feature", "properties": {"uso": "UV", "edif": "EAb_base"}, "geometry": {"type": "Polygon", "coordinates": [[[-70.5396944528036, -33.40878751008982], [-70.53979855003351, -33.40881998828872], [-70.53973227283123, -33.40897518972636], [-70.5396280903246, -33.40893788819809], [-70.5396944528036, -33.40878751008982]]]}}, {"type": "Feature", "properties": {"uso": "UC1", "edif": "EA_base"}, "geometry": {"type": "Polygon", "coordinates": [[[-70.548785556319, -33.40868880665135], [-70.54902740075451, -33.408705084104405], [-70.54901237698465, -33.4088307042234], [-70.54877053220149, -33.408814426751306], [-70.548785556319, -33.40868880665135]]]}}, {"type": "Feature", "properties": {"uso": "UV", "edif": "EAb_base"}, "geometry": {"type": "Polygon", "coordinates": [[[-70.53882069603587, -33.408812825516165], [-70.53891912798991, -33.40885019907469], [-70.53885842913836, -33.40899568219113], [-70.5387485819227, -33.408963274529334], [-70.53882069603587, -33.408812825516165]]]}}, {"type": "Feature", "properties": {"uso": "UV", "edif": "EAb_base"}, "geometry": {"type": "Polygon", "coordinates": [[[-70.53400246006817, -33.40889180164464], [-70.5340367062573, -33.408876905109395], [-70.53426214748644, -33.40894165766658], [-70.53422376265807, -33.40904826791802], [-70.53396948584917, -33.408979047549686], [-70.53400246006817, -33.40889180164464]]]}}, {"type": "Feature", "properties": {"uso": "UV", "edif": "EAm2"}, "geometry": {"type": "Polygon", "coordinates": [[[-70.54547953279749, -33.408744513909035], [-70.54568257919746, -33.40884329489289], [-70.5456098789633, -33.40895998469817], [-70.54540082600616, -33.40884680544189], [-70.54547953279749, -33.408744513909035]]]}}, {"type": "Feature", "properties": {"uso": "UV", "edif": "EAb_base"}, "geometry": {"type": "Polygon", "coordinates": [[[-70.54044830883677, -33.4088119209139], [-70.5406795894311, -33.408881413542915], [-70.54062472878864, -33.40903164929741], [-70.54038769774382, -33.40896222798323], [-70.54044830883677, -33.4088119209139]]]}}, {"type": "Feature", "properties": {"uso": "UV", "edif": "EAb_base"}, "geometry": {"type": "Polygon", "coordinates": [[[-70.53684875681579, -33.40885656997516], [-70.53707419987155, -33.40892131736235], [-70.53703573355483, -33.409023105101134], [-70.53681020530276, -33.408953534366276], [-70.53684875681579, -33.40885656997516]]]}}, {"type": "Feature", "properties": {"uso": "UV", "edif": "EAb_base"}, "geometry": {"type": "Polygon", "coordinates": [[[-70.53982747067293, -33.40882927795465], [-70.53992581791685, -33.4088618274226], [-70.53986520588198, -33.409012134262156], [-70.53976119351637, -33.408984479406236], [-70.53982747067293, -33.40882927795465]]]}}, {"type": "Feature", "properties": {"uso": "UV", "edif": "EAb_base"}, "geometry": {"type": "Polygon", "coordinates": [[[-70.53811403108499, -33.408855360354785], [-70.53829905427946, -33.40891095801573], [-70.53825475427978, -33.40900799411803], [-70.53806973090248, -33.408952396396906], [-70.53811403108499, -33.408855360354785]]]}}, {"type": "Feature", "properties": {"uso": "UV", "edif": "EAb_base"}, "geometry": {"type": "Polygon", "coordinates": [[[-70.53533098712158, -33.40888983818714], [-70.53558526463465, -33.408959055741335], [-70.53555237687985, -33.4090511253101], [-70.53551804601453, -33.409061198969745], [-70.53529260363321, -33.408996448732324], [-70.53533098712158, -33.40888983818714]]]}}, {"type": "Feature", "properties": {"uso": "UV", "edif": "EAb_base"}, "geometry": {"type": "Polygon", "coordinates": [[[-70.53834995467274, -33.40886208340952], [-70.5384540515381, -33.40889456274843], [-70.53838202176507, -33.409049834848354], [-70.53827792473642, -33.409017355454296], [-70.53834995467274, -33.40886208340952]]]}}, {"type": "Feature", "properties": {"uso": "UV", "edif": "EAb_base"}, "geometry": {"type": "Polygon", "coordinates": [[[-70.53581999988816, -33.408898257575906], [-70.5358487503627, -33.40889790160551], [-70.53609161298598, -33.40897208378544], [-70.53608096194463, -33.409020459068266], [-70.53606379655247, -33.40902549597139], [-70.53580368350464, -33.408951527320646], [-70.53581999988816, -33.408898257575906]]]}}, {"type": "Feature", "properties": {"uso": "UV", "edif": "EAb_base"}, "geometry": {"type": "Polygon", "coordinates": [[[-70.53744161085379, -33.40888299372699], [-70.53762663371981, -33.40893859240152], [-70.53759366314912, -33.409025839166475], [-70.53740297500806, -33.408975134999366], [-70.53744161085379, -33.40888299372699]]]}}, {"type": "Feature", "properties": {"uso": "UV", "edif": "EAb_base"}, "geometry": {"type": "Polygon", "coordinates": [[[-70.53615359028132, -33.408898951196974], [-70.53643678876573, -33.40897745751033], [-70.53641472264724, -33.40903079854659], [-70.53613735902186, -33.40895704426679], [-70.53615359028132, -33.408898951196974]]]}}, {"type": "Feature", "properties": {"uso": "UC1", "edif": "EA_base"}, "geometry": {"type": "Polygon", "coordinates": [[[-70.5494593394126, -33.4087382840254], [-70.54970118405757, -33.408754560156765], [-70.54969191131192, -33.40888010849255], [-70.54944423060934, -33.408859080921495], [-70.5494593394126, -33.4087382840254]]]}}, {"type": "Feature", "properties": {"uso": "UV", "edif": "EAb_base"}, "geometry": {"type": "Polygon", "coordinates": [[[-70.54782057506499, -33.408758743394614], [-70.54806241959193, -33.408775022729024], [-70.54805314448159, -33.40890057100989], [-70.54780554954505, -33.408884363416675], [-70.54782057506499, -33.408758743394614]]]}}, {"type": "Feature", "properties": {"uso": "UV", "edif": "EAb_base"}, "geometry": {"type": "Polygon", "coordinates": [[[-70.52848878140094, -33.408998459291176], [-70.52886499023786, -33.409133729026486], [-70.52878753090425, -33.409308360124655], [-70.5284278113735, -33.40912946788464], [-70.52848878140094, -33.408998459291176]]]}}, {"type": "Feature", "properties": {"uso": "UV", "edif": "EAb_base"}, "geometry": {"type": "Polygon", "coordinates": [[[-70.53342314098798, -33.40898097829592], [-70.53334095807817, -33.4092135625784], [-70.53304034146775, -33.409125615749026], [-70.53333621127115, -33.408943458156514], [-70.53342314098798, -33.40898097829592]]]}}, {"type": "Feature", "properties": {"uso": "UV", "edif": "EAb_base"}, "geometry": {"type": "Polygon", "coordinates": [[[-70.53994898850067, -33.40887118844284], [-70.54005883600163, -33.408903595032335], [-70.53999830930495, -33.40905872520838], [-70.53988837650033, -33.409021495292556], [-70.53994898850067, -33.40887118844284]]]}}, {"type": "Feature", "properties": {"uso": "UV", "edif": "EAb_base"}, "geometry": {"type": "Polygon", "coordinates": [[[-70.53906347562985, -33.40888217853087], [-70.53924274934111, -33.408937846108294], [-70.53919836530437, -33.40903005923764], [-70.53901317118019, -33.408964816382166], [-70.53904648061211, -33.40889686240215], [-70.53906347562985, -33.40888217853087]]]}}, {"type": "Feature", "properties": {"uso": "UV", "edif": "EAb_base"}, "geometry": {"type": "Polygon", "coordinates": [[[-70.53428540234331, -33.40895584305288], [-70.53430256783463, -33.40895080639333], [-70.53455692962848, -33.409024849364336], [-70.53458610432783, -33.40904861013774], [-70.53455888076003, -33.409135785045585], [-70.53425268283328, -33.4090575588985], [-70.53428540234331, -33.40895584305288]]]}}, {"type": "Feature", "properties": {"uso": "UV", "edif": "EAb_base"}, "geometry": {"type": "Polygon", "coordinates": [[[-70.538477221984, -33.40890392404787], [-70.53858131894296, -33.40893640327695], [-70.53850928936798, -33.40909167544431], [-70.53840519224572, -33.40905919616008], [-70.538477221984, -33.40890392404787]]]}}, {"type": "Feature", "properties": {"uso": "UV", "edif": "EAb_base"}, "geometry": {"type": "Polygon", "coordinates": [[[-70.54070267492456, -33.40888595114311], [-70.54087619950911, -33.40894168774859], [-70.54088220513597, -33.408956086149395], [-70.54081584461412, -33.40910646483433], [-70.54064240490058, -33.40905555143083], [-70.54070267492456, -33.40888595114311]]]}}, {"type": "Feature", "properties": {"uso": "UV", "edif": "EAb_base"}, "geometry": {"type": "Polygon", "coordinates": [[[-70.53710312028072, -33.408930607670804], [-70.53728230797488, -33.408981454830325], [-70.53724959198325, -33.409083171366646], [-70.53706456902427, -33.409027572132715], [-70.53710312028072, -33.408930607670804]]]}}, {"type": "Feature", "properties": {"uso": "UC1", "edif": "EAm2"}, "geometry": {"type": "Polygon", "coordinates": [[[-70.54502681546855, -33.40883699150507], [-70.54526495999893, -33.40896910631902], [-70.54515775860611, -33.40908622566017], [-70.54492519316793, -33.40894439249781], [-70.54502681546855, -33.40883699150507]]]}}, {"type": "Feature", "properties": {"uso": "UV", "edif": "EAb_base"}, "geometry": {"type": "Polygon", "coordinates": [[[-70.53344631095545, -33.40899034054999], [-70.5337295075542, -33.409068853105815], [-70.53369678735294, -33.40917056882269], [-70.53340775556416, -33.409087303990994], [-70.53344631095545, -33.40899034054999]]]}}, {"type": "Feature", "properties": {"uso": "UV", "edif": "EAb_base"}, "geometry": {"type": "Polygon", "coordinates": [[[-70.54008775669439, -33.40891288463584], [-70.54022086007289, -33.408959475344844], [-70.54017140811709, -33.409090346412285], [-70.54014874829694, -33.40910992510311], [-70.54002147994915, -33.409068086213075], [-70.54008775669439, -33.40891288463584]]]}}, {"type": "Feature", "properties": {"uso": "UV", "edif": "EAb_base"}, "geometry": {"type": "Polygon", "coordinates": [[[-70.54610816939375, -33.40884281529976], [-70.54625792746941, -33.4088554215793], [-70.54623276716494, -33.40905835705239], [-70.54608309421074, -33.40905057401714], [-70.54610816939375, -33.40884281529976]]]}}, {"type": "Feature", "properties": {"uso": "UV", "edif": "EAb_base"}, "geometry": {"type": "Polygon", "coordinates": [[[-70.53765555418838, -33.40894788257928], [-70.53784049230413, -33.4089986576431], [-70.5378075219294, -33.40908590445862], [-70.53761683354467, -33.40903520062814], [-70.53765555418838, -33.40894788257928]]]}}, {"type": "Feature", "properties": {"uso": "UV", "edif": "EAb_base"}, "geometry": {"type": "Polygon", "coordinates": [[[-70.53579252290616, -33.40897096285676], [-70.53605838610811, -33.40904486032473], [-70.53606439095697, -33.40905925898116], [-70.53604223967547, -33.40910777667047], [-70.53577062618784, -33.40903395036522], [-70.53579252290616, -33.40897096285676]]]}}, {"type": "Feature", "properties": {"uso": "UV", "edif": "EAb_base"}, "geometry": {"type": "Polygon", "coordinates": [[[-70.54850027962546, -33.40881780074863], [-70.54874212438915, -33.408834078748946], [-70.5487326790268, -33.408949980534764], [-70.54849091954327, -33.408938525784464], [-70.54850027962546, -33.40881780074863]]]}}, {"type": "Feature", "properties": {"uso": "UV", "edif": "EAb_base"}, "geometry": {"type": "Polygon", "coordinates": [[[-70.53395832483204, -33.408998482932425], [-70.53424152187094, -33.40907699430498], [-70.53420863264392, -33.40916906355746], [-70.53391977001311, -33.40909544651637], [-70.53395832483204, -33.408998482932425]]]}}, {"type": "Feature", "properties": {"uso": "UV", "edif": "EAb_base"}, "geometry": {"type": "Polygon", "coordinates": [[[-70.53860448941285, -33.408945764551866], [-70.53871433655785, -33.408978172343545], [-70.53864805729414, -33.40913337325658], [-70.53853245987261, -33.40910103673149], [-70.53860448941285, -33.408945764551866]]]}}, {"type": "Feature", "properties": {"uso": "UV", "edif": "EAb_base"}, "geometry": {"type": "Polygon", "coordinates": [[[-70.53612053331685, -33.408981374325485], [-70.53613194859759, -33.408976408622955], [-70.53640356217772, -33.40905023413386], [-70.53638166588745, -33.409113221737385], [-70.53609846700179, -33.40903471531099], [-70.53612053331685, -33.408981374325485]]]}}, {"type": "Feature", "properties": {"uso": "UV", "edif": "EAb_base"}, "geometry": {"type": "Polygon", "coordinates": [[[-70.52892130824367, -33.40906549405307], [-70.52936558958292, -33.4091468554044], [-70.52929929336673, -33.40930205179446], [-70.52886625800025, -33.40920607857561], [-70.52892130824367, -33.40906549405307]]]}}, {"type": "Feature", "properties": {"uso": "UC1", "edif": "EAm2"}, "geometry": {"type": "Polygon", "coordinates": [[[-70.54538391752679, -33.408866313417015], [-70.54559297051094, -33.408979492700745], [-70.54550859901106, -33.40908667921266], [-70.5453052105168, -33.40896860489363], [-70.54538391752679, -33.408866313417015]]]}}, {"type": "Feature", "properties": {"uso": "UV", "edif": "EAb_base"}, "geometry": {"type": "Polygon", "coordinates": [[[-70.5462810132037, -33.40885995813292], [-70.54641918570957, -33.4088678843081], [-70.54639977585687, -33.409070748118914], [-70.54625585295226, -33.409062893609054], [-70.5462810132037, -33.40885995813292]]]}}, {"type": "Feature", "properties": {"uso": "UV", "edif": "EAb_base"}, "geometry": {"type": "Polygon", "coordinates": [[[-70.53926591987734, -33.408947207257576], [-70.53937001715535, -33.40897968581451], [-70.53930348378876, -33.40912041720547], [-70.53919938636318, -33.40908793859751], [-70.53926591987734, -33.408947207257576]]]}}, {"type": "Feature", "properties": {"uso": "UV", "edif": "EAb_base"}, "geometry": {"type": "Polygon", "coordinates": [[[-70.53679912988731, -33.40897779327207], [-70.53703032332808, -33.4090424694907], [-70.53699177194541, -33.40913943393203], [-70.53676057827037, -33.40907475764904], [-70.53679912988731, -33.40897779327207]]]}}, {"type": "Feature", "properties": {"uso": "UV", "edif": "EAb_base"}, "geometry": {"type": "Polygon", "coordinates": [[[-70.54877087466741, -33.40883371978484], [-70.54901271950423, -33.40884999725466], [-70.54900327450143, -33.40896589905051], [-70.54895160955446, -33.40897136853815], [-70.54875585051225, -33.40895933988152], [-70.54877087466741, -33.40883371978484]]]}}, {"type": "Feature", "properties": {"uso": "UV", "edif": "EAb_base"}, "geometry": {"type": "Polygon", "coordinates": [[[-70.54644227145434, -33.408872420831365], [-70.54659769418109, -33.40888013174847], [-70.54657253466516, -33.4090830672672], [-70.5464228616549, -33.409075284644146], [-70.54644227145434, -33.408872420831365]]]}}, {"type": "Feature", "properties": {"uso": "UV", "edif": "EAb_base"}, "geometry": {"type": "Polygon", "coordinates": [[[-70.5467071164095, -33.40888841606211], [-70.54668779272792, -33.40909610316113], [-70.54659562047415, -33.409087603759886], [-70.54662077993706, -33.40888466823814], [-70.5467071164095, -33.40888841606211]]]}}, {"type": "Feature", "properties": {"uso": "UV", "edif": "EAb_base"}, "geometry": {"type": "Polygon", "coordinates": [[[-70.53739189975714, -33.40899939395339], [-70.53758258794606, -33.409050098136014], [-70.53754386718717, -33.409137416164086], [-70.53735892892861, -33.40908664066248], [-70.53739189975714, -33.40899939395339]]]}}, {"type": "Feature", "properties": {"uso": "UV", "edif": "EAb_base"}, "geometry": {"type": "Polygon", "coordinates": [[[-70.53873750705228, -33.40898753359283], [-70.53884735429513, -33.409019941263544], [-70.53879206505609, -33.40914605989294], [-70.53876948996695, -33.40917046162172], [-70.5387464895471, -33.409170746942046], [-70.53867122782387, -33.40914273451703], [-70.53873750705228, -33.40898753359283]]]}}, {"type": "Feature", "properties": {"uso": "UV", "edif": "EAb_base"}, "geometry": {"type": "Polygon", "coordinates": [[[-70.54917397798124, -33.4088624563902], [-70.54942157299779, -33.40887866124577], [-70.5493860334031, -33.40914444313133], [-70.54914418770778, -33.40912816641581], [-70.54917397798124, -33.4088624563902]]]}}, {"type": "Feature", "properties": {"uso": "UV", "edif": "EAb_base"}, "geometry": {"type": "Polygon", "coordinates": [[[-70.54682228871982, -33.40889662857541], [-70.54680279429495, -33.40909466915897], [-70.54671079304198, -33.40909581636922], [-70.54673595223758, -33.408892880832], [-70.54682228871982, -33.40889662857541]]]}}, {"type": "Feature", "properties": {"uso": "UV", "edif": "EAb_base"}, "geometry": {"type": "Polygon", "coordinates": [[[-70.53900209638412, -33.40898907546717], [-70.53919295556119, -33.4090494237078], [-70.53914857141912, -33.409141636820834], [-70.53896346216416, -33.40908121717837], [-70.53900209638412, -33.40898907546717]]]}}, {"type": "Feature", "properties": {"uso": "UV", "edif": "EAb_base"}, "geometry": {"type": "Polygon", "coordinates": [[[-70.53939893780684, -33.40898897557992], [-70.53949728508717, -33.40902152538633], [-70.53943650200212, -33.40916218547832], [-70.53932665438035, -33.40912977834155], [-70.53939893780684, -33.40898897557992]]]}}, {"type": "Feature", "properties": {"uso": "UV", "edif": "EAb_base"}, "geometry": {"type": "Polygon", "coordinates": [[[-70.54685112455543, -33.408901093318285], [-70.54693746104748, -33.408904840981116], [-70.54691238783477, -33.409112599807855], [-70.54682596562715, -33.40910402887096], [-70.54685112455543, -33.408901093318285]]]}}, {"type": "Feature", "properties": {"uso": "UV", "edif": "EAb_base"}, "geometry": {"type": "Polygon", "coordinates": [[[-70.54037662333532, -33.408986487180044], [-70.54061356927251, -33.40905108523671], [-70.54058068684867, -33.4091431559867], [-70.54034365552886, -33.40907373459723], [-70.54037662333532, -33.408986487180044]]]}}, {"type": "Feature", "properties": {"uso": "UV", "edif": "EAb_base"}, "geometry": {"type": "Polygon", "coordinates": [[[-70.52791029958276, -33.40913584341903], [-70.52807992552042, -33.409297781686206], [-70.52787587660973, -33.409469147276674], [-70.5276358057853, -33.40955411794505], [-70.5276067171875, -33.40953517879516], [-70.52763733341709, -33.40931288183795], [-70.52762921868772, -33.40917790008479], [-70.52791029958276, -33.40913584341903]]]}}, {"type": "Feature", "properties": {"uso": "UV", "edif": "EAb_base"}, "geometry": {"type": "Polygon", "coordinates": [[[-70.54696054682513, -33.408909377406815], [-70.54709871944024, -33.40891730282076], [-70.54708514676936, -33.40912491823747], [-70.54694113822967, -33.4091122412651], [-70.54696054682513, -33.408909377406815]]]}}, {"type": "Feature", "properties": {"uso": "UV", "edif": "EAb_base"}, "geometry": {"type": "Polygon", "coordinates": [[[-70.54944465887868, -33.408883197205526], [-70.54968650392497, -33.40889947335365], [-70.54967714548408, -33.409020198430404], [-70.54963123062475, -33.40902559636489], [-70.54942963569164, -33.40900881735516], [-70.54944465887868, -33.408883197205526]]]}}, {"type": "Feature", "properties": {"uso": "UV", "edif": "EAb_base"}, "geometry": {"type": "Polygon", "coordinates": [[[-70.54104980949731, -33.40900224738025], [-70.54107289503946, -33.40900678491], [-70.54109555461946, -33.40898720605671], [-70.54121690282962, -33.40901946872663], [-70.54116178745397, -33.4091552348652], [-70.54100576812021, -33.40911375420502], [-70.54104980949731, -33.40900224738025]]]}}, {"type": "Feature", "properties": {"uso": "UV", "edif": "EAb_base"}, "geometry": {"type": "Polygon", "coordinates": [[[-70.53575946557207, -33.40905338589864], [-70.53603107911243, -33.40912721222665], [-70.53600926744585, -33.40919502305901], [-70.53599785212955, -33.40919998875109], [-70.5357608239447, -33.40913055850278], [-70.53573748391428, -33.40911155011392], [-70.53575946557207, -33.40905338589864]]]}}, {"type": "Feature", "properties": {"uso": "UV", "edif": "EAb_base"}, "geometry": {"type": "Polygon", "coordinates": [[[-70.53803084062962, -33.409030067997904], [-70.53821586415124, -33.40908566577237], [-70.5381773140843, -33.40918263054445], [-70.53799229037672, -33.40912703271848], [-70.53803084062962, -33.409030067997904]]]}}, {"type": "Feature", "properties": {"uso": "UV", "edif": "EAb_base"}, "geometry": {"type": "Polygon", "coordinates": [[[-70.53609305656468, -33.409054079665594], [-70.53637050540064, -33.40913265732196], [-70.536348609068, -33.4091956449201], [-70.53607116004713, -33.4091170672207], [-70.53609305656468, -33.409054079665594]]]}}, {"type": "Feature", "properties": {"uso": "UV", "edif": "EAb_base"}, "geometry": {"type": "Polygon", "coordinates": [[[-70.52841664908354, -33.409148902803864], [-70.52877636867447, -33.40932779507409], [-70.52868723967927, -33.40949292124324], [-70.52834417856984, -33.40928005306071], [-70.52841664908354, -33.409148902803864]]]}}, {"type": "Feature", "properties": {"uso": "UV", "edif": "EAb_base"}, "geometry": {"type": "Polygon", "coordinates": [[[-70.54712755529424, -33.40892176749873], [-70.54727731360286, -33.40893437253894], [-70.54725790574297, -33.40913723642497], [-70.54710814708669, -33.409124631371675], [-70.54712755529424, -33.40892176749873]]]}}, {"type": "Feature", "properties": {"uso": "UV", "edif": "EAb_base"}, "geometry": {"type": "Polygon", "coordinates": [[[-70.53705340870229, -33.40904700777434], [-70.53724418180117, -33.40910253576412], [-70.53719988052401, -33.40919957152304], [-70.53701494231159, -33.40914879550698], [-70.53705340870229, -33.40904700777434]]]}}, {"type": "Feature", "properties": {"uso": "UV", "edif": "EAb_base"}, "geometry": {"type": "Polygon", "coordinates": [[[-70.53426460713037, -33.409081533111625], [-70.53454205457356, -33.40916011490298], [-70.53450916563922, -33.409252184225814], [-70.53449775022459, -33.40925714978242], [-70.53423188755464, -33.40918324895182], [-70.53426460713037, -33.409081533111625]]]}}, {"type": "Feature", "properties": {"uso": "UV", "edif": "EAb_base"}, "geometry": {"type": "Polygon", "coordinates": [[[-70.54807648704279, -33.40891957700596], [-70.54832983217129, -33.408935712280694], [-70.54831472177518, -33.409056509081516], [-70.54806721194589, -33.409045125284926], [-70.54807648704279, -33.40891957700596]]]}}, {"type": "Feature", "properties": {"uso": "UC1", "edif": "EAm2"}, "geometry": {"type": "Polygon", "coordinates": [[[-70.54490819915806, -33.40895907714432], [-70.54513501452695, -33.409100981963505], [-70.54503330665774, -33.409203559778916], [-70.5448118996608, -33.409042290099606], [-70.54490819915806, -33.40895907714432]]]}}, {"type": "Feature", "properties": {"uso": "UV", "edif": "EAb_base"}, "geometry": {"type": "Polygon", "coordinates": [[[-70.5473003138679, -33.40893408563896], [-70.54738673593954, -33.40894265624901], [-70.54737179531178, -33.40907309949519], [-70.54728537311141, -33.40906452887858], [-70.5473003138679, -33.40893408563896]]]}}, {"type": "Feature", "properties": {"uso": "UV", "edif": "EAb_base"}, "geometry": {"type": "Polygon", "coordinates": [[[-70.53952045567138, -33.409030886486505], [-70.53962446802483, -33.40905854154475], [-70.53956377023289, -33.40920402497218], [-70.53945967261825, -33.40917154658876], [-70.53952045567138, -33.409030886486505]]]}}, {"type": "Feature", "properties": {"uso": "UV", "edif": "EAb_base"}, "geometry": {"type": "Polygon", "coordinates": [[[-70.53760567334687, -33.40905463631595], [-70.53779636176876, -33.40910534016241], [-70.53776347632277, -33.4091974102503], [-70.53756703760789, -33.40914677763419], [-70.53760567334687, -33.40905463631595]]]}}, {"type": "Feature", "properties": {"uso": "UV", "edif": "EAb_base"}, "geometry": {"type": "Polygon", "coordinates": [[[-70.53339676394239, -33.409116385913016], [-70.53341392952122, -33.40911134937421], [-70.53368562625127, -33.40919000418274], [-70.53365282117618, -33.4092868965965], [-70.5333639585677, -33.40921327825982], [-70.53339676394239, -33.409116385913016]]]}}, {"type": "Feature", "properties": {"uso": "UV", "edif": "EAb_base"}, "geometry": {"type": "Polygon", "coordinates": [[[-70.54740973620555, -33.40894236932869], [-70.5475364943088, -33.408955260974054], [-70.54755417225812, -33.40897916206856], [-70.54753880413105, -33.40908548902224], [-70.54739479561232, -33.409072812576646], [-70.54740973620555, -33.40894236932869]]]}}, {"type": "Feature", "properties": {"uso": "UV", "edif": "EAb_base"}, "geometry": {"type": "Polygon", "coordinates": [[[-70.54124007358472, -33.40902882950023], [-70.54140184295555, -33.40907023841506], [-70.54133556846891, -33.4092254406272], [-70.5411794637364, -33.409179136916684], [-70.54124007358472, -33.40902882950023]]]}}, {"type": "Feature", "properties": {"uso": "UV", "edif": "EAb_base"}, "geometry": {"type": "Polygon", "coordinates": [[[-70.53390869376693, -33.409119705186946], [-70.53419764128287, -33.40919814554276], [-70.53410945571886, -33.40941633151913], [-70.53382625767249, -33.409337819877166], [-70.53390869376693, -33.409119705186946]]]}}, {"type": "Feature", "properties": {"uso": "UC1", "edif": "EAm2"}, "geometry": {"type": "Polygon", "coordinates": [[[-70.54528246649356, -33.408983361222674], [-70.54549160507592, -33.40910136393674], [-70.54539556229561, -33.40919904712915], [-70.5452148323218, -33.40906139305019], [-70.54528246649356, -33.408983361222674]]]}}, {"type": "Feature", "properties": {"uso": "UV", "edif": "EAb_base"}, "geometry": {"type": "Polygon", "coordinates": [[[-70.53675516797931, -33.40909412202828], [-70.53698069655962, -33.40916369285258], [-70.53694214507304, -33.40926065727976], [-70.53671670121827, -33.4091959096782], [-70.53675516797931, -33.40909412202828]]]}}, {"type": "Feature", "properties": {"uso": "UV", "edif": "EAb_base"}, "geometry": {"type": "Polygon", "coordinates": [[[-70.53486372162331, -33.409136837784445], [-70.53490363301135, -33.409117046572455], [-70.53517533097019, -33.409195698078236], [-70.53514278215849, -33.4093070607058], [-70.53483074819238, -33.40922408389322], [-70.53486372162331, -33.409136837784445]]]}}, {"type": "Feature", "properties": {"uso": "UV", "edif": "EAb_base"}, "geometry": {"type": "Polygon", "coordinates": [[[-70.53295510662514, -33.40918456122298], [-70.53302918022277, -33.40914505105414], [-70.53332979689083, -33.409232997908724], [-70.53330823737221, -33.40931527820495], [-70.5332911565096, -33.40932513802344], [-70.53294436906913, -33.409228112991165], [-70.53295510662514, -33.40918456122298]]]}}, {"type": "Feature", "properties": {"uso": "UV", "edif": "EAb_base"}, "geometry": {"type": "Polygon", "coordinates": [[[-70.54848551188444, -33.408957890600796], [-70.54872160697106, -33.408974240410046], [-70.54872254872912, -33.40902729625195], [-70.54848070343033, -33.409011018229286], [-70.54848551188444, -33.408957890600796]]]}}, {"type": "Feature", "properties": {"uso": "UV", "edif": "EAb_base"}, "geometry": {"type": "Polygon", "coordinates": [[[-70.53965338872749, -33.409067831249196], [-70.53975757140154, -33.409105132750696], [-70.53969678868866, -33.40924579295807], [-70.53958694087301, -33.40921338605808], [-70.53965338872749, -33.409067831249196]]]}}, {"type": "Feature", "properties": {"uso": "UV", "edif": "EAb_base"}, "geometry": {"type": "Polygon", "coordinates": [[[-70.53824478472636, -33.40909495580931], [-70.53834896687908, -33.409132258510354], [-70.53827685169945, -33.40928270727257], [-70.53817275442492, -33.40925022779825], [-70.53824478472636, -33.40909495580931]]]}}, {"type": "Feature", "properties": {"uso": "UV", "edif": "EAb_base"}, "geometry": {"type": "Polygon", "coordinates": [[[-70.53734785365239, -33.4091108996129], [-70.53753279195718, -33.40916167512953], [-70.53749982121636, -33.40924892187161], [-70.53731488274173, -33.409198146311226], [-70.53734785365239, -33.4091108996129]]]}}, {"type": "Feature", "properties": {"uso": "UV", "edif": "EAb_base"}, "geometry": {"type": "Polygon", "coordinates": [[[-70.54575465617337, -33.409016072615756], [-70.54590501272551, -33.409062442168], [-70.54583934454554, -33.409251409409826], [-70.54570048787207, -33.40920489648442], [-70.54565955368689, -33.40916681191958], [-70.54575465617337, -33.409016072615756]]]}}, {"type": "Feature", "properties": {"uso": "UV", "edif": "EAb_base"}, "geometry": {"type": "Polygon", "coordinates": [[[-70.54063133055307, -33.40907981064835], [-70.54080468513236, -33.409125900789654], [-70.54075514880292, -33.40925194878781], [-70.54058179399377, -33.4092058585846], [-70.54063133055307, -33.40907981064835]]]}}, {"type": "Feature", "properties": {"uso": "UV", "edif": "EAb_base"}, "geometry": {"type": "Polygon", "coordinates": [[[-70.53895230226588, -33.40910065297881], [-70.53913741155559, -33.40916107263679], [-70.53909877741148, -33.409253214385764], [-70.53890800291462, -33.409197689293556], [-70.53895230226588, -33.40910065297881]]]}}, {"type": "Feature", "properties": {"uso": "UV", "edif": "EAb_base"}, "geometry": {"type": "Polygon", "coordinates": [[[-70.53605999948954, -33.4091365027793], [-70.53634319867832, -33.40921500928384], [-70.53631563711848, -33.4092828913811], [-70.53630422180949, -33.40928785710115], [-70.53603252264277, -33.40920920810709], [-70.53605999948954, -33.4091365027793]]]}}, {"type": "Feature", "properties": {"uso": "UV", "edif": "EAb_base"}, "geometry": {"type": "Polygon", "coordinates": [[[-70.52885509580047, -33.409225513531574], [-70.5292881312536, -33.40932148678672], [-70.52921591555125, -33.40946710742292], [-70.52879429521387, -33.40936616889595], [-70.52885509580047, -33.409225513531574]]]}}, {"type": "Feature", "properties": {"uso": "UV", "edif": "EAb_base"}, "geometry": {"type": "Polygon", "coordinates": [[[-70.54033249594404, -33.40909317051305], [-70.54057527740883, -33.40916252050823], [-70.54054222458076, -33.40924494469525], [-70.54053080953311, -33.40924991079736], [-70.540305448458, -33.40918999307255], [-70.54029952805699, -33.40918041791947], [-70.54033249594404, -33.40909317051305]]]}}, {"type": "Feature", "properties": {"uso": "UV", "edif": "EAb_base"}, "geometry": {"type": "Polygon", "coordinates": [[[-70.53918831160534, -33.409112197697645], [-70.5392924090565, -33.409144676314064], [-70.53922029551705, -33.40929512557835], [-70.5391219480185, -33.409262575559524], [-70.53918831160534, -33.409112197697645]]]}}, {"type": "Feature", "properties": {"uso": "UV", "edif": "EAb_base"}, "geometry": {"type": "Polygon", "coordinates": [[[-70.54149993536481, -33.409088316784384], [-70.54163861935555, -33.40912518793493], [-70.54157792492133, -33.40927067225171], [-70.54143932593229, -33.40923862431478], [-70.54149993536481, -33.409088316784384]]]}}, {"type": "Feature", "properties": {"uso": "UV", "edif": "EAb_base"}, "geometry": {"type": "Polygon", "coordinates": [[[-70.53978065691372, -33.40910967052206], [-70.53989058978891, -33.40914690053101], [-70.53982980726681, -33.40928756079736], [-70.5397778860361, -33.40927855664935], [-70.53971995935332, -33.409255154018325], [-70.53978065691372, -33.40910967052206]]]}}, {"type": "Feature", "properties": {"uso": "UC1", "edif": "EAm2"}, "geometry": {"type": "Polygon", "coordinates": [[[-70.54478924092889, -33.40906186960823], [-70.54501631261796, -33.40921824444055], [-70.54489160408122, -33.4093211086253], [-70.54468719111769, -33.4091451540813], [-70.54478924092889, -33.40906186960823]]]}}, {"type": "Feature", "properties": {"uso": "UV", "edif": "EAb_base"}, "geometry": {"type": "Polygon", "coordinates": [[[-70.53837213737867, -33.40914161982761], [-70.53847614954071, -33.40916927585516], [-70.53840986971667, -33.40932447665256], [-70.53830002223246, -33.40929206860218], [-70.53837213737867, -33.40914161982761]]]}}, {"type": "Feature", "properties": {"uso": "UV", "edif": "EAb_base"}, "geometry": {"type": "Polygon", "coordinates": [[[-70.53798113025303, -33.40914646843774], [-70.53816623902755, -33.40920688956143], [-70.53812185371176, -33.409299102338096], [-70.53793682978609, -33.409243504436446], [-70.53798113025303, -33.40914646843774]]]}}, {"type": "Feature", "properties": {"uso": "UV", "edif": "EAb_base"}, "geometry": {"type": "Polygon", "coordinates": [[[-70.53700378196397, -33.40916823114451], [-70.53719455530262, -33.409223759202916], [-70.53715600403265, -33.40932072368963], [-70.53696531546701, -33.409270018863026], [-70.53700378196397, -33.40916823114451]]]}}, {"type": "Feature", "properties": {"uso": "UV", "edif": "EAb_base"}, "geometry": {"type": "Polygon", "coordinates": [[[-70.53422072657266, -33.40920268435663], [-70.5344923394175, -33.409276514077064], [-70.5344597048732, -33.40938305325924], [-70.53418225677945, -33.409304471304495], [-70.53422072657266, -33.40920268435663]]]}}, {"type": "Feature", "properties": {"uso": "UV", "edif": "EAb_base"}, "geometry": {"type": "Polygon", "coordinates": [[[-70.54848104583473, -33.409030311264836], [-70.54872289118721, -33.409046589285275], [-70.54871808287537, -33.4090997169182], [-70.54847048730284, -33.40908351067293], [-70.54848104583473, -33.409030311264836]]]}}, {"type": "Feature", "properties": {"uso": "UV", "edif": "EAb_base"}, "geometry": {"type": "Polygon", "coordinates": [[[-70.5460488501476, -33.40906547382158], [-70.54605528396375, -33.40910398826867], [-70.54602952487251, -33.409273160858525], [-70.54586818045821, -33.409255874379085], [-70.54593376311759, -33.40906208385915], [-70.5460488501476, -33.40906547382158]]]}}, {"type": "Feature", "properties": {"uso": "UV", "edif": "EAb_base"}, "geometry": {"type": "Polygon", "coordinates": [[[-70.53756162749346, -33.409166142043404], [-70.53775240114771, -33.40922166923363], [-70.53771943060869, -33.40930891602763], [-70.53752874177685, -33.40925821207595], [-70.53756162749346, -33.409166142043404]]]}}, {"type": "Feature", "properties": {"uso": "UV", "edif": "EAb_base"}, "geometry": {"type": "Polygon", "coordinates": [[[-70.53932124466058, -33.40914914281638], [-70.5394254273025, -33.40918644459773], [-70.53935331396404, -33.40933689393281], [-70.53924346614751, -33.409304486728644], [-70.53932124466058, -33.40914914281638]]]}}, {"type": "Feature", "properties": {"uso": "UV", "edif": "EAb_base"}, "geometry": {"type": "Polygon", "coordinates": [[[-70.54778545842068, -33.409048641267745], [-70.54803880389552, -33.40906477712747], [-70.54802369307987, -33.40918557390265], [-70.54777609733524, -33.4091693662745], [-70.54778545842068, -33.409048641267745]]]}}, {"type": "Feature", "properties": {"uso": "UV", "edif": "EAb_base"}, "geometry": {"type": "Polygon", "coordinates": [[[-70.54608343608564, -33.409069867074464], [-70.54622744447119, -33.40908254504853], [-70.54620228405165, -33.40928548051218], [-70.54605261070812, -33.40927769745155], [-70.54608343608564, -33.409069867074464]]]}}, {"type": "Feature", "properties": {"uso": "UC1", "edif": "EAm2"}, "geometry": {"type": "Polygon", "coordinates": [[[-70.54519217367854, -33.40908097262994], [-70.54537865374996, -33.40921855510448], [-70.54527111052211, -33.409316381479904], [-70.54511321000885, -33.40916879419411], [-70.54519217367854, -33.40908097262994]]]}}, {"type": "Feature", "properties": {"uso": "UV", "edif": "EAb_base"}, "geometry": {"type": "Polygon", "coordinates": [[[-70.54099460868062, -33.40913319017624], [-70.54115062804478, -33.409174670849495], [-70.5410954272827, -33.40930561368562], [-70.54093932252013, -33.40925930967385], [-70.54099460868062, -33.40913319017624]]]}}, {"type": "Feature", "properties": {"uso": "UV", "edif": "EAb_base"}, "geometry": {"type": "Polygon", "coordinates": [[[-70.53520425128725, -33.40920498883233], [-70.53530826262921, -33.40923264754316], [-70.53526996385096, -33.40934408136941], [-70.53516595238553, -33.409316422630354], [-70.53520425128725, -33.40920498883233]]]}}, {"type": "Feature", "properties": {"uso": "UV", "edif": "EAb_base"}, "geometry": {"type": "Polygon", "coordinates": [[[-70.53335854750922, -33.40923264251224], [-70.53364174483264, -33.40931115524533], [-70.53360318953371, -33.40940811874012], [-70.53332582681773, -33.40933435814273], [-70.53335854750922, -33.40923264251224]]]}}, {"type": "Feature", "properties": {"uso": "UV", "edif": "EAb_base"}, "geometry": {"type": "Polygon", "coordinates": [[[-70.54874589146607, -33.40904630211647], [-70.54899348696135, -33.40906250781352], [-70.54898292874067, -33.4091157072561], [-70.54874108316828, -33.40909942974989], [-70.54874589146607, -33.40904630211647]]]}}, {"type": "Feature", "properties": {"uso": "UV", "edif": "EAb_base"}, "geometry": {"type": "Polygon", "coordinates": [[[-70.54166179018125, -33.409134548627485], [-70.54178888888197, -33.40916673926029], [-70.54173394478154, -33.4093121521752], [-70.54160109578025, -33.40928003295448], [-70.54166179018125, -33.409134548627485]]]}}, {"type": "Feature", "properties": {"uso": "UV", "edif": "EAb_base"}, "geometry": {"type": "Polygon", "coordinates": [[[-70.53991951054707, -33.40915619017161], [-70.54011620591547, -33.40922128885485], [-70.54008332290445, -33.4093133594874], [-70.53987504200772, -33.40924358024439], [-70.53991951054707, -33.40915619017161]]]}}, {"type": "Feature", "properties": {"uso": "UV", "edif": "EAb_base"}, "geometry": {"type": "Polygon", "coordinates": [[[-70.52832726610146, -33.409299558820095], [-70.52867607740482, -33.40951235618439], [-70.52855236254551, -33.409673084137], [-70.52823729143314, -33.40941645164575], [-70.52832726610146, -33.409299558820095]]]}}, {"type": "Feature", "properties": {"uso": "UV", "edif": "EAb_base"}, "geometry": {"type": "Polygon", "coordinates": [[[-70.54625619486549, -33.40908218666477], [-70.54639445320912, -33.409094936120844], [-70.54637504326982, -33.40929779992374], [-70.5462253698982, -33.409290017072685], [-70.54625619486549, -33.40908218666477]]]}}, {"type": "Feature", "properties": {"uso": "UV", "edif": "EAb_base"}, "geometry": {"type": "Polygon", "coordinates": [[[-70.5385050701692, -33.4091785658297], [-70.5386091674695, -33.409211045024335], [-70.5385428878563, -33.40936624588595], [-70.53843304027423, -33.40933383795651], [-70.5385050701692, -33.4091785658297]]]}}, {"type": "Feature", "properties": {"uso": "UV", "edif": "EAb_base"}, "geometry": {"type": "Polygon", "coordinates": [[[-70.53291604215445, -33.40925258476203], [-70.53293895791596, -33.40924747722792], [-70.53323373996894, -33.409330672073544], [-70.53321260413139, -33.40943706882142], [-70.53288323619553, -33.409349476996304], [-70.53291604215445, -33.40925258476203]]]}}, {"type": "Feature", "properties": {"uso": "UV", "edif": "EAb_base"}, "geometry": {"type": "Polygon", "coordinates": [[[-70.54642320360523, -33.409094577698276], [-70.54656721206499, -33.40910725527514], [-70.54654205243396, -33.40931019078444], [-70.54639812912734, -33.40930233645172], [-70.54642320360523, -33.409094577698276]]]}}, {"type": "Feature", "properties": {"uso": "UV", "edif": "EAb_base"}, "geometry": {"type": "Polygon", "coordinates": [[[-70.53669996058531, -33.40922506309681], [-70.53672287608971, -33.409219954869975], [-70.53693098469564, -33.40928009291128], [-70.53689809826851, -33.4093721627952], [-70.53688093285973, -33.40937719981179], [-70.53666132380995, -33.40931720415994], [-70.53669996058531, -33.40922506309681]]]}}, {"type": "Feature", "properties": {"uso": "UV", "edif": "EAb_base"}, "geometry": {"type": "Polygon", "coordinates": [[[-70.53481958734115, -33.409243519348145], [-70.53513745635773, -33.409331248313435], [-70.53510465286418, -33.40942814106459], [-70.53478678352013, -33.409340412025685], [-70.53481958734115, -33.409243519348145]]]}}, {"type": "Feature", "properties": {"uso": "UV", "edif": "EAb_base"}, "geometry": {"type": "Polygon", "coordinates": [[[-70.53730372245616, -33.40921758197389], [-70.5374944960762, -33.409273109561894], [-70.53745586013096, -33.409365250848495], [-70.53726508632921, -33.40930972320692], [-70.53730372245616, -33.40921758197389]]]}}, {"type": "Feature", "properties": {"uso": "UV", "edif": "EAb_base"}, "geometry": {"type": "Polygon", "coordinates": [[[-70.53533143285267, -33.40924200943699], [-70.53542969415477, -33.40926973921475], [-70.5354530341642, -33.40928874766177], [-70.53541448091052, -33.40938571166225], [-70.53529304922736, -33.40934861998087], [-70.53533143285267, -33.40924200943699]]]}}, {"type": "Feature", "properties": {"uso": "UV", "edif": "EAb_base"}, "geometry": {"type": "Polygon", "coordinates": [[[-70.54659596246282, -33.40910689681242], [-70.54673997095988, -33.40911957418733], [-70.54671489723434, -33.40932733298251], [-70.54657088839548, -33.40931465558866], [-70.54659596246282, -33.40910689681242]]]}}, {"type": "Feature", "properties": {"uso": "UV", "edif": "EAb_base"}, "geometry": {"type": "Polygon", "coordinates": [[[-70.53944859792408, -33.40919580571006], [-70.53955269556431, -33.40922828410196], [-70.53948633253341, -33.40937866214066], [-70.53937648461904, -33.409346255057464], [-70.53944859792408, -33.40919580571006]]]}}, {"type": "Feature", "properties": {"uso": "UV_base", "edif": "EA_base"}, "geometry": {"type": "Polygon", "coordinates": [[[-70.5418178098309, -33.409176028452165], [-70.5420258362501, -33.40923133457269], [-70.54196505716067, -33.40937199578674], [-70.541762865774, -33.40932144137845], [-70.5418178098309, -33.409176028452165]]]}}, {"type": "Feature", "properties": {"uso": "UV", "edif": "EAb_base"}, "geometry": {"type": "Polygon", "coordinates": [[[-70.54676872135941, -33.40911921568447], [-70.54691272989379, -33.40913189285741], [-70.54688765657883, -33.40933965167539], [-70.54673789760905, -33.409327046183826], [-70.54676872135941, -33.40911921568447]]]}}, {"type": "Feature", "properties": {"uso": "UV", "edif": "EAb_base"}, "geometry": {"type": "Polygon", "coordinates": [[[-70.54847082970593, -33.40910280370836], [-70.54871267525886, -33.409119081742794], [-70.54869765098728, -33.40924470183068], [-70.54845571948631, -33.40922360051843], [-70.54847082970593, -33.40910280370836]]]}}, {"type": "Feature", "properties": {"uso": "UV", "edif": "EAb_base"}, "geometry": {"type": "Polygon", "coordinates": [[[-70.54028853874736, -33.409209500386496], [-70.54053115018313, -33.4092692039046], [-70.54049260264647, -33.40936616932224], [-70.54025574107148, -33.409306394336966], [-70.54028853874736, -33.409209500386496]]]}}, {"type": "Feature", "properties": {"uso": "UV", "edif": "EAb_base"}, "geometry": {"type": "Polygon", "coordinates": [[[-70.54116838952591, -33.40920339617785], [-70.54132440909072, -33.409244876626055], [-70.54127478825627, -33.40936610153486], [-70.54111868329812, -33.40931979775513], [-70.54116838952591, -33.40920339617785]]]}}, {"type": "Feature", "properties": {"uso": "UC1", "edif": "EAm2"}, "geometry": {"type": "Polygon", "coordinates": [[[-70.54465878224248, -33.40916480517209], [-70.5448746099947, -33.40933579326861], [-70.54474380943262, -33.40941943585838], [-70.54455072593771, -33.40923369133929], [-70.54465878224248, -33.40916480517209]]]}}, {"type": "Feature", "properties": {"uso": "UV", "edif": "EAb_base"}, "geometry": {"type": "Polygon", "coordinates": [[[-70.5487414256314, -33.40911872278281], [-70.54898327125747, -33.40913500028674], [-70.5489739118292, -33.409255725334795], [-70.54892224670895, -33.40926119481497], [-70.54872640140141, -33.409244342872995], [-70.5487414256314, -33.40911872278281]]]}}, {"type": "Feature", "properties": {"uso": "UV", "edif": "EAb_base"}, "geometry": {"type": "Polygon", "coordinates": [[[-70.53957578110023, -33.40923282191074], [-70.53968571405271, -33.40927005209866], [-70.53961935122521, -33.409420430201905], [-70.53950950321297, -33.40938802323968], [-70.53957578110023, -33.40923282191074]]]}}, {"type": "Feature", "properties": {"uso": "UV", "edif": "EAb_base"}, "geometry": {"type": "Polygon", "coordinates": [[[-70.54710282463392, -33.40914881939825], [-70.5472524977977, -33.409156601195164], [-70.54723317538487, -33.40936428833485], [-70.54708341633977, -33.40935168326326], [-70.54710282463392, -33.40914881939825]]]}}, {"type": "Feature", "properties": {"uso": "UV", "edif": "EAb_base"}, "geometry": {"type": "Polygon", "coordinates": [[[-70.54057646971577, -33.40923004638283], [-70.540749824571, -33.40927613659202], [-70.54068346359703, -33.40942651521215], [-70.54051585858501, -33.40938035350701], [-70.54057646971577, -33.40923004638283]]]}}, {"type": "Feature", "properties": {"uso": "UV", "edif": "EAb_base"}, "geometry": {"type": "Polygon", "coordinates": [[[-70.537925669636, -33.40926294015116], [-70.5381107786259, -33.40932336135056], [-70.53806647822323, -33.40942039739137], [-70.53788711917247, -33.40935990484181], [-70.537925669636, -33.40926294015116]]]}}, {"type": "Feature", "properties": {"uso": "UC1", "edif": "EAm2"}, "geometry": {"type": "Polygon", "coordinates": [[[-70.54509046590086, -33.40918355048992], [-70.54525411650249, -33.40933106617337], [-70.54516348163466, -33.40940938450136], [-70.54500000184811, -33.4092715152332], [-70.54509046590086, -33.40918355048992]]]}}, {"type": "Feature", "properties": {"uso": "UV", "edif": "EAb_base"}, "geometry": {"type": "Polygon", "coordinates": [[[-70.5375175815326, -33.409277647756525], [-70.53770835540831, -33.409333175007355], [-70.53766971966768, -33.40942531635403], [-70.53747894561023, -33.409369789049606], [-70.5375175815326, -33.409277647756525]]]}}, {"type": "Feature", "properties": {"uso": "UV", "edif": "EAb_base"}, "geometry": {"type": "Polygon", "coordinates": [[[-70.52877163268667, -33.40938574558185], [-70.52919333763309, -33.40949150748592], [-70.52912112164097, -33.409637128071566], [-70.52870508170709, -33.40952647177377], [-70.52877163268667, -33.40938574558185]]]}}, {"type": "Feature", "properties": {"uso": "UV", "edif": "EAb_base"}, "geometry": {"type": "Polygon", "coordinates": [[[-70.53816167935906, -33.40927448681485], [-70.5382656916217, -33.40930214301573], [-70.53819366120189, -33.40945741501564], [-70.5380953988963, -33.409429687459934], [-70.53816167935906, -33.40927448681485]]]}}, {"type": "Feature", "properties": {"uso": "UV", "edif": "EAb_base"}, "geometry": {"type": "Polygon", "coordinates": [[[-70.53695990521142, -33.40928938324966], [-70.53714484369655, -33.40934015933909], [-70.5371063772983, -33.409441947096084], [-70.5369213536516, -33.40938634767073], [-70.53695990521142, -33.40928938324966]]]}}, {"type": "Feature", "properties": {"uso": "UV", "edif": "EAb_base"}, "geometry": {"type": "Polygon", "coordinates": [[[-70.53417118058302, -33.409328729996396], [-70.53444854391905, -33.409402488683234], [-70.534415654804, -33.409494557983216], [-70.5341383760066, -33.409425622522626], [-70.53417118058302, -33.409328729996396]]]}}, {"type": "Feature", "properties": {"uso": "UV", "edif": "EAb_base"}, "geometry": {"type": "Polygon", "coordinates": [[[-70.5332568252512, -33.4093352110672], [-70.5335920283826, -33.40942755409249], [-70.5335592231239, -33.40952444648342], [-70.53324152433903, -33.40944636003654], [-70.5332568252512, -33.4093352110672]]]}}, {"type": "Feature", "properties": {"uso": "UV", "edif": "EAb_base"}, "geometry": {"type": "Polygon", "coordinates": [[[-70.5491446158986, -33.40915228270224], [-70.54938637600938, -33.40916373615821], [-70.54937135270632, -33.40928935629911], [-70.5491295066097, -33.40927307956683], [-70.5491446158986, -33.40915228270224]]]}}, {"type": "Feature", "properties": {"uso": "UV", "edif": "EAb_base"}, "geometry": {"type": "Polygon", "coordinates": [[[-70.53986396742226, -33.40926783939948], [-70.54007791334429, -33.40933272399019], [-70.54003936527285, -33.409429689281225], [-70.5398195838976, -33.40936005273242], [-70.53986396742226, -33.40926783939948]]]}}, {"type": "Feature", "properties": {"uso": "UV", "edif": "EAb_base"}, "geometry": {"type": "Polygon", "coordinates": [[[-70.54142816657604, -33.40925806032233], [-70.54156676559266, -33.409290108270866], [-70.54151165061407, -33.40942587454851], [-70.54137880151, -33.409393755092836], [-70.54142816657604, -33.40925806032233]]]}}, {"type": "Feature", "properties": {"uso": "UV", "edif": "EAb_base"}, "geometry": {"type": "Polygon", "coordinates": [[[-70.53970888472281, -33.40927941316079], [-70.5398129825521, -33.40931189132814], [-70.53974661991789, -33.40946226949313], [-70.5396425219293, -33.409429791275294], [-70.53970888472281, -33.40927941316079]]]}}, {"type": "Feature", "properties": {"uso": "UV", "edif": "EAb_base"}, "geometry": {"type": "Polygon", "coordinates": [[[-70.53516054172482, -33.40933578694985], [-70.53540907030174, -33.409405075990925], [-70.53537060183054, -33.40950686326716], [-70.5351278231201, -33.409437502995296], [-70.53516054172482, -33.40933578694985]]]}}, {"type": "Feature", "properties": {"uso": "UV", "edif": "EAb_base"}, "geometry": {"type": "Polygon", "coordinates": [[[-70.53562672628817, -33.40935413825819], [-70.53566088746643, -33.40933441799039], [-70.53588633097762, -33.40939916752213], [-70.53589225091858, -33.40940874289902], [-70.53584803288064, -33.409510601505005], [-70.535605253818, -33.409441242179014], [-70.53559924901516, -33.40942684349979], [-70.53562672628817, -33.40935413825819]]]}}, {"type": "Feature", "properties": {"uso": "UV", "edif": "EAb_base"}, "geometry": {"type": "Polygon", "coordinates": [[[-70.53381509658026, -33.40935725524816], [-70.53409829468143, -33.40943576691386], [-70.53405973984631, -33.40953273053579], [-70.53378237638516, -33.40945897098329], [-70.53381509658026, -33.40935725524816]]]}}, {"type": "Feature", "properties": {"uso": "UV", "edif": "EAb_base"}, "geometry": {"type": "Polygon", "coordinates": [[[-70.53287207488835, -33.40936891228843], [-70.53320719302718, -33.409456433067895], [-70.53317438732732, -33.40955332536909], [-70.53283935357967, -33.409470627806044], [-70.53287207488835, -33.40936891228843]]]}}, {"type": "Feature", "properties": {"uso": "UV", "edif": "EAb_base"}, "geometry": {"type": "Polygon", "coordinates": [[[-70.54940946196479, -33.409168272122194], [-70.54965697220956, -33.40917965322446], [-70.54964203496196, -33.4093100966427], [-70.54939443869458, -33.409293892264856], [-70.54940946196479, -33.409168272122194]]]}}, {"type": "Feature", "properties": {"uso": "UV", "edif": "EAb_base"}, "geometry": {"type": "Polygon", "coordinates": [[[-70.54777068950423, -33.409188731063935], [-70.54802403538552, -33.40920486694184], [-70.54799441267491, -33.40948022330061], [-70.54774098043313, -33.40945926412551], [-70.54777068950423, -33.409188731063935]]]}}, {"type": "Feature", "properties": {"uso": "UV", "edif": "EAb_base"}, "geometry": {"type": "Polygon", "coordinates": [[[-70.53828886215888, -33.40931150434726], [-70.5383987096641, -33.40934391240687], [-70.53832676449419, -33.40950400775887], [-70.53822258189973, -33.40946670505376], [-70.53828886215888, -33.40931150434726]]]}}, {"type": "Feature", "properties": {"uso": "UV", "edif": "EAb_base"}, "geometry": {"type": "Polygon", "coordinates": [[[-70.54092824823269, -33.40928356891548], [-70.54109010314306, -33.40932980150162], [-70.54104039674436, -33.40944620305027], [-70.54087854163922, -33.40939997040554], [-70.54092824823269, -33.40928356891548]]]}}, {"type": "Feature", "properties": {"uso": "UV", "edif": "EAb_base"}, "geometry": {"type": "Polygon", "coordinates": [[[-70.53725967613859, -33.40932908760467], [-70.53744469985747, -33.40938468652306], [-70.53741172895238, -33.40947193324361], [-70.53722103991994, -33.40942122882512], [-70.53725967613859, -33.40932908760467]]]}}, {"type": "Feature", "properties": {"uso": "UV", "edif": "EAb_base"}, "geometry": {"type": "Polygon", "coordinates": [[[-70.53477570748987, -33.40936467076679], [-70.53506457166294, -33.409438285764956], [-70.53502601791317, -33.40953524965663], [-70.5347372382875, -33.409466457867794], [-70.53477570748987, -33.40936467076679]]]}}, {"type": "Feature", "properties": {"uso": "UV", "edif": "EAb_base"}, "geometry": {"type": "Polygon", "coordinates": [[[-70.52822046339774, -33.40944078069605], [-70.52852961538466, -33.40968783747795], [-70.52838281481043, -33.40984402539516], [-70.52811865021717, -33.40953852190723], [-70.52822046339774, -33.40944078069605]]]}}, {"type": "Feature", "properties": {"uso": "UC1", "edif": "EAm2"}, "geometry": {"type": "Polygon", "coordinates": [[[-70.5445222316194, -33.40924851913251], [-70.54472097980111, -33.40942936882239], [-70.54459584367218, -33.40950811638865], [-70.54440267490224, -33.409317548370375], [-70.5445222316194, -33.40924851913251]]]}}, {"type": "Feature", "properties": {"uso": "UV", "edif": "EAb_base"}, "geometry": {"type": "Polygon", "coordinates": [[[-70.54727103106202, -33.409228734945565], [-70.54751862692306, -33.409244943579836], [-70.54750926545753, -33.40936566857399], [-70.5474865217229, -33.40938042529862], [-70.54725617576368, -33.40936400143981], [-70.54727103106202, -33.409228734945565]]]}}, {"type": "Feature", "properties": {"uso": "UV", "edif": "EAb_base"}, "geometry": {"type": "Polygon", "coordinates": [[[-70.54159568656151, -33.409299397513855], [-70.54172862081975, -33.40933634001352], [-70.54167925618667, -33.40947203488983], [-70.54154057162316, -33.409435163803046], [-70.54159568656151, -33.409299397513855]]]}}, {"type": "Feature", "properties": {"uso": "UV", "edif": "EAb_base"}, "geometry": {"type": "Polygon", "coordinates": [[[-70.5402445814391, -33.40932583024559], [-70.54047577810601, -33.40939049993777], [-70.54044856038419, -33.40947767596848], [-70.54021744864737, -33.409417829509884], [-70.54021144309404, -33.40940343107568], [-70.5402445814391, -33.40932583024559]]]}}, {"type": "Feature", "properties": {"uso": "UV", "edif": "EAb_base"}, "geometry": {"type": "Polygon", "coordinates": [[[-70.53842188022578, -33.40935327371276], [-70.53852597770911, -33.409385752971275], [-70.53845978287492, -33.40954577707353], [-70.53835568522058, -33.40951329776502], [-70.53842188022578, -33.40935327371276]]]}}, {"type": "Feature", "properties": {"uso": "UC1", "edif": "EAm2"}, "geometry": {"type": "Polygon", "coordinates": [[[-70.54497725769403, -33.40928627150934], [-70.54514648757885, -33.40942406918089], [-70.54503877301345, -33.40951224883391], [-70.54488078710986, -33.40935983798884], [-70.54497725769403, -33.40928627150934]]]}}, {"type": "Feature", "properties": {"uso": "UV", "edif": "EAb_base"}, "geometry": {"type": "Polygon", "coordinates": [[[-70.54111335916427, -33.40934398557192], [-70.54126946416366, -33.40939028935701], [-70.5412140930567, -33.40951158569033], [-70.54105807305645, -33.40947010511725], [-70.54111335916427, -33.40934398557192]]]}}, {"type": "Feature", "properties": {"uso": "UV", "edif": "EAb_base"}, "geometry": {"type": "Polygon", "coordinates": [[[-70.53591533633991, -33.409413281393164], [-70.5362215368527, -33.40949150335234], [-70.53619981018004, -33.40956413749913], [-70.53588777438684, -33.40948116340455], [-70.53591533633991, -33.409413281393164]]]}}, {"type": "Feature", "properties": {"uso": "UV", "edif": "EAb_base"}, "geometry": {"type": "Polygon", "coordinates": [[[-70.54175170648118, -33.409340877413086], [-70.5419596480185, -33.409391360359564], [-70.54190461884029, -33.40953195006746], [-70.54170234188211, -33.40947657229756], [-70.54175170648118, -33.409340877413086]]]}}, {"type": "Feature", "properties": {"uso": "UV", "edif": "EAb_base"}, "geometry": {"type": "Polygon", "coordinates": [[[-70.53746787033506, -33.40939404800975], [-70.53766430956148, -33.409444680766725], [-70.53762558872633, -33.40953199881763], [-70.53743481445814, -33.409476471452116], [-70.53746787033506, -33.40939404800975]]]}}, {"type": "Feature", "properties": {"uso": "UV", "edif": "EAb_base"}, "geometry": {"type": "Polygon", "coordinates": [[[-70.53691019325454, -33.40940578330061], [-70.53709521693655, -33.40946138274147], [-70.53704550507376, -33.409577782841176], [-70.53686623130375, -33.40952211209037], [-70.53691019325454, -33.40940578330061]]]}}, {"type": "Feature", "properties": {"uso": "UV", "edif": "EAb_base"}, "geometry": {"type": "Polygon", "coordinates": [[[-70.5341215496479, -33.4094499523268], [-70.53440457865133, -33.40951881669409], [-70.53437177427374, -33.40961570927382], [-70.53408291002624, -33.409542092664], [-70.5341215496479, -33.4094499523268]]]}}, {"type": "Feature", "properties": {"uso": "UV", "edif": "EAb_base"}, "geometry": {"type": "Polygon", "coordinates": [[[-70.54872107939428, -33.40926853095585], [-70.54896867551948, -33.40928473668386], [-70.5489535659706, -33.409405533532215], [-70.54871171959556, -33.40938925599249], [-70.54872107939428, -33.40926853095585]]]}}, {"type": "Feature", "properties": {"uso": "UV", "edif": "EAb_base"}, "geometry": {"type": "Polygon", "coordinates": [[[-70.53980842416007, -33.40937948860461], [-70.54002829071216, -33.40945394844964], [-70.53999532239587, -33.40954119578291], [-70.53976979064596, -33.409471630541965], [-70.53980842416007, -33.40937948860461]]]}}, {"type": "Feature", "properties": {"uso": "UV", "edif": "EAb_base"}, "geometry": {"type": "Polygon", "coordinates": [[[-70.53855489841511, -33.409395042931656], [-70.5386589959939, -33.409427522075454], [-70.53858688113296, -33.40957797100274], [-70.53855813047136, -33.40957832761399], [-70.53848870362826, -33.4095550670478], [-70.53855489841511, -33.409395042931656]]]}}, {"type": "Feature", "properties": {"uso": "UC1", "edif": "EAm2"}, "geometry": {"type": "Polygon", "coordinates": [[[-70.5443798452555, -33.409327481272086], [-70.5444794753372, -33.40943237607818], [-70.54439999836484, -33.40949125760661], [-70.54427711177932, -33.40937217927948], [-70.54436285107877, -33.40934216584777], [-70.5443798452555, -33.409327481272086]]]}}, {"type": "Feature", "properties": {"uso": "UV", "edif": "EAb_base"}, "geometry": {"type": "Polygon", "coordinates": [[[-70.53323036310147, -33.40946579535868], [-70.53354239658253, -33.409548776213796], [-70.53350967600375, -33.40965049188507], [-70.53319764218269, -33.40956751095843], [-70.53323036310147, -33.40946579535868]]]}}, {"type": "Feature", "properties": {"uso": "UV", "edif": "EAb_base"}, "geometry": {"type": "Polygon", "coordinates": [[[-70.5350877419176, -33.409447647703196], [-70.53536519120553, -33.40952622759405], [-70.53533762878722, -33.40959410949519], [-70.53506017930322, -33.40951552954897], [-70.5350877419176, -33.409447647703196]]]}}, {"type": "Feature", "properties": {"uso": "UV", "edif": "EAb_base"}, "geometry": {"type": "Polygon", "coordinates": [[[-70.53558825809375, -33.409455925594855], [-70.53587154285636, -33.409539256442464], [-70.53583298997377, -33.40963622055915], [-70.53554987470206, -33.40956253620842], [-70.53558825809375, -33.409455925594855]]]}}, {"type": "Feature", "properties": {"uso": "UV", "edif": "EAb_base"}, "geometry": {"type": "Polygon", "coordinates": [[[-70.53282244210612, -33.40949013415029], [-70.53316322606183, -33.409572760685684], [-70.5331246701211, -33.40966972404622], [-70.5327779661964, -33.40957752188148], [-70.53282244210612, -33.40949013415029]]]}}, {"type": "Feature", "properties": {"uso": "UV", "edif": "EAb_base"}, "geometry": {"type": "Polygon", "coordinates": [[[-70.52859236019218, -33.40965811821368], [-70.52868808476697, -33.40954115427729], [-70.52910429381686, -33.409661457235195], [-70.5289974919788, -33.40980267974923], [-70.52859236019218, -33.40965811821368]]]}}, {"type": "Feature", "properties": {"uso": "UV", "edif": "EAb_base"}, "geometry": {"type": "Polygon", "coordinates": [[[-70.54912984916093, -33.40929237259565], [-70.54936603087694, -33.40931354440441], [-70.54935658631973, -33.409429446206715], [-70.54911473983518, -33.4094131694571], [-70.54912984916093, -33.40929237259565]]]}}, {"type": "Feature", "properties": {"uso": "UV", "edif": "EAb_base"}, "geometry": {"type": "Polygon", "coordinates": [[[-70.53923392301755, -33.40941556486637], [-70.53933227072909, -33.409448114789484], [-70.5392658220679, -33.409593669441335], [-70.53916747421269, -33.409561119470254], [-70.5392004433727, -33.409473872333415], [-70.53923392301755, -33.40941556486637]]]}}, {"type": "Feature", "properties": {"uso": "UV", "edif": "EAb_base"}, "geometry": {"type": "Polygon", "coordinates": [[[-70.53899241796728, -33.40941856144061], [-70.53917177784179, -33.4094790523656], [-70.53912215386059, -33.409600276498146], [-70.5389371287114, -33.409544680128086], [-70.53899241796728, -33.40941856144061]]]}}, {"type": "Feature", "properties": {"uso": "UV", "edif": "EAb_base"}, "geometry": {"type": "Polygon", "coordinates": [[[-70.53721562971354, -33.4094405932211], [-70.53733122715194, -33.40947293097308], [-70.53726536997326, -33.40965224763568], [-70.53718444310701, -33.409629128854405], [-70.53714951738615, -33.40960543997671], [-70.53721562971354, -33.4094405932211]]]}}, {"type": "Feature", "properties": {"uso": "UV", "edif": "EAb_base"}, "geometry": {"type": "Polygon", "coordinates": [[[-70.5337713000582, -33.40948322964264], [-70.53404857878378, -33.409552165926435], [-70.5339488922057, -33.40977049402283], [-70.53368894809559, -33.40970616754077], [-70.5337713000582, -33.40948322964264]]]}}, {"type": "Feature", "properties": {"uso": "UV", "edif": "EAb_base"}, "geometry": {"type": "Polygon", "coordinates": [[[-70.54050478416428, -33.40940461271419], [-70.54067230404726, -33.40944595115661], [-70.54062276736146, -33.409571999106305], [-70.54045524725471, -33.409530660604034], [-70.54050478416428, -33.40940461271419]]]}}, {"type": "Feature", "properties": {"uso": "UV", "edif": "EAb_base"}, "geometry": {"type": "Polygon", "coordinates": [[[-70.53784264847172, -33.40944729424429], [-70.53785981383318, -33.40944225709582], [-70.53803333788423, -33.40949799769476], [-70.53798895229039, -33.40959021042795], [-70.53780959293488, -33.40952971777631], [-70.53784264847172, -33.40944729424429]]]}}, {"type": "Feature", "properties": {"uso": "UV", "edif": "EAb_base"}, "geometry": {"type": "Polygon", "coordinates": [[[-70.53472616222871, -33.40949071660486], [-70.53500919178704, -33.40955957957439], [-70.53497647293088, -33.40966129558379], [-70.5346991083645, -33.40958753811696], [-70.5346931036984, -33.4095731393902], [-70.53472616222871, -33.40949071660486]]]}}, {"type": "Feature", "properties": {"uso": "UV", "edif": "EAb_base"}, "geometry": {"type": "Polygon", "coordinates": [[[-70.54939478130467, -33.409313185291204], [-70.549642377627, -33.409329389666716], [-70.54962735467514, -33.409455009825585], [-70.54938542243818, -33.409433910351105], [-70.54939478130467, -33.409313185291204]]]}}, {"type": "Feature", "properties": {"uso": "UV", "edif": "EAb_base"}, "geometry": {"type": "Polygon", "coordinates": [[[-70.54571472241672, -33.40935909766012], [-70.54584748741757, -33.409386389161995], [-70.54582241150818, -33.40959414783143], [-70.54564965174792, -33.40958182766521], [-70.54571472241672, -33.40935909766012]]]}}, {"type": "Feature", "properties": {"uso": "UC1", "edif": "EAm2"}, "geometry": {"type": "Polygon", "coordinates": [[[-70.54485804291232, -33.40937459424415], [-70.54501602880512, -33.409527005118235], [-70.54491389328618, -33.409605466514726], [-70.54474440720412, -33.409453198727995], [-70.54485804291232, -33.40937459424415]]]}}, {"type": "Feature", "properties": {"uso": "UC1", "edif": "EAm2"}, "geometry": {"type": "Polygon", "coordinates": [[[-70.54425428210331, -33.40938211215882], [-70.54430697212673, -33.40943452383038], [-70.54417076219661, -33.40953753049504], [-70.54409464494228, -33.40946128873739], [-70.54409430350198, -33.40944199566317], [-70.54425428210331, -33.40938211215882]]]}}, {"type": "Feature", "properties": {"uso": "UV", "edif": "EAb_base"}, "geometry": {"type": "Polygon", "coordinates": [[[-70.54086746731839, -33.40942422964222], [-70.54102923727311, -33.40946563902461], [-70.5409686267844, -33.4096159463469], [-70.54081844200503, -33.40957921731738], [-70.54081776057029, -33.40954063110999], [-70.54086746731839, -33.40942422964222]]]}}, {"type": "Feature", "properties": {"uso": "UV", "edif": "EAb_base"}, "geometry": {"type": "Polygon", "coordinates": [[[-70.54020053887446, -33.40943733681296], [-70.54043740077515, -33.40949711189334], [-70.54039893819896, -33.40959890056111], [-70.54016199089938, -33.40953430213793], [-70.54020053887446, -33.40943733681296]]]}}, {"type": "Feature", "properties": {"uso": "UV", "edif": "EAb_base"}, "geometry": {"type": "Polygon", "coordinates": [[[-70.53935535631386, -33.40945265263781], [-70.53946528946109, -33.40948988301462], [-70.53939884099579, -33.409635437731346], [-70.53929465782024, -33.40959813594531], [-70.53935535631386, -33.40945265263781]]]}}, {"type": "Feature", "properties": {"uso": "UV", "edif": "EAb_base"}, "geometry": {"type": "Polygon", "coordinates": [[[-70.53735431265439, -33.409477469196695], [-70.53747574531361, -33.40951455882873], [-70.5374042232552, -33.409698770111326], [-70.5372885405052, -33.40966160915402], [-70.53735431265439, -33.409477469196695]]]}}, {"type": "Feature", "properties": {"uso": "UV", "edif": "EAb_base"}, "geometry": {"type": "Polygon", "coordinates": [[[-70.53587669865048, -33.40950542223521], [-70.53618873452199, -33.40958839635517], [-70.53616675303319, -33.40964656063738], [-70.53589505284772, -33.40956791137491], [-70.53589428868304, -33.40952450179099], [-70.53587111832718, -33.40951514000663], [-70.53587669865048, -33.40950542223521]]]}}, {"type": "Feature", "properties": {"uso": "UV", "edif": "EAb_base"}, "geometry": {"type": "Polygon", "coordinates": [[[-70.54803252393468, -33.40935913949298], [-70.54828587033873, -33.4093752748199], [-70.54827642433955, -33.40949117658036], [-70.54801732749902, -33.409475113003985], [-70.54803252393468, -33.40935913949298]]]}}, {"type": "Feature", "properties": {"uso": "UV", "edif": "EAb_base"}, "geometry": {"type": "Polygon", "coordinates": [[[-70.54604333267498, -33.40940324565705], [-70.5461815060327, -33.40941117207225], [-70.54616218103138, -33.40961885911181], [-70.54601817176356, -33.40960618108821], [-70.54604333267498, -33.40940324565705]]]}}, {"type": "Feature", "properties": {"uso": "UV", "edif": "EAb_base"}, "geometry": {"type": "Polygon", "coordinates": [[[-70.53504910332973, -33.409539788312294], [-70.53532646800679, -33.40961354499276], [-70.53530465568113, -33.409681355715165], [-70.53502162551786, -33.409612493439234], [-70.53504910332973, -33.409539788312294]]]}}, {"type": "Feature", "properties": {"uso": "UV", "edif": "EAb_base"}, "geometry": {"type": "Polygon", "coordinates": [[[-70.54539940671856, -33.409416094085664], [-70.545609486398, -33.40958715247541], [-70.54549585112602, -33.409665757633746], [-70.54530310721876, -33.40949930741752], [-70.54539940671856, -33.409416094085664]]]}}, {"type": "Feature", "properties": {"uso": "UV", "edif": "EAb_base"}, "geometry": {"type": "Polygon", "coordinates": [[[-70.5380565084511, -33.409507359068655], [-70.53816060599706, -33.40953983863172], [-70.53809424032072, -33.40969021599361], [-70.53799014261546, -33.40965773638004], [-70.5380565084511, -33.409507359068655]]]}}, {"type": "Feature", "properties": {"uso": "UV", "edif": "EAb_base"}, "geometry": {"type": "Polygon", "coordinates": [[[-70.53407183377433, -33.409566351347785], [-70.5343606980947, -33.409639967981114], [-70.53432222829446, -33.409741754966305], [-70.53403902900783, -33.40966324384984], [-70.53407183377433, -33.409566351347785]]]}}, {"type": "Feature", "properties": {"uso": "UV", "edif": "EAb_base"}, "geometry": {"type": "Polygon", "coordinates": [[[-70.54621034201278, -33.40941563695981], [-70.5463600155998, -33.409423419822694], [-70.54633494090838, -33.40963117855978], [-70.54618518148892, -33.4096185724134], [-70.54621034201278, -33.40941563695981]]]}}, {"type": "Feature", "properties": {"uso": "UV", "edif": "EAb_base"}, "geometry": {"type": "Polygon", "coordinates": [[[-70.53948846016857, -33.409499244116624], [-70.53952304602365, -33.40950363920343], [-70.5395983083155, -33.40953165109314], [-70.5395318600461, -33.40967720587478], [-70.53942776187034, -33.40964472748279], [-70.53948846016857, -33.409499244116624]]]}}, {"type": "Feature", "properties": {"uso": "UV", "edif": "EAb_base"}, "geometry": {"type": "Polygon", "coordinates": [[[-70.53749891582936, -33.40952392030835], [-70.5376202636072, -33.409556186511736], [-70.53754865682758, -33.409735574585554], [-70.53743305896478, -33.40970323704985], [-70.53749891582936, -33.40952392030835]]]}}, {"type": "Feature", "properties": {"uso": "UC1", "edif": "EAm2"}, "geometry": {"type": "Polygon", "coordinates": [[[-70.54449698180406, -33.40944663109273], [-70.5446142040639, -33.4095706040586], [-70.54439285236866, -33.409737387445894], [-70.54426430068261, -33.4096232039802], [-70.54449698180406, -33.40944663109273]]]}}, {"type": "Feature", "properties": {"uso": "UC1", "edif": "EAm2"}, "geometry": {"type": "Polygon", "coordinates": [[[-70.54432447856684, -33.409448778870065], [-70.54437725404898, -33.40950601377676], [-70.54424679421581, -33.40960894893312], [-70.5441883540022, -33.40955660882204], [-70.54432447856684, -33.409448778870065]]]}}, {"type": "Feature", "properties": {"uso": "UV", "edif": "EAb_base"}, "geometry": {"type": "Polygon", "coordinates": [[[-70.54104691358633, -33.40948954109305], [-70.54120868373909, -33.40953095023501], [-70.54116455712924, -33.40963763383378], [-70.54113589168001, -33.40964281431804], [-70.54112464701039, -33.40965742702534], [-70.54099179767582, -33.40962530716225], [-70.54104691358633, -33.40948954109305]]]}}, {"type": "Feature", "properties": {"uso": "UV", "edif": "EAb_base"}, "geometry": {"type": "Polygon", "coordinates": [[[-70.53318081553066, -33.409591840642705], [-70.53350434973017, -33.40967467943478], [-70.53346579413248, -33.40977164289029], [-70.53314792500055, -33.40968390964396], [-70.53318081553066, -33.409591840642705]]]}}, {"type": "Feature", "properties": {"uso": "UV", "edif": "EAb_base"}, "geometry": {"type": "Polygon", "coordinates": [[[-70.54638310149016, -33.409427956352445], [-70.54653277510526, -33.40943573900576], [-70.5465019507093, -33.409643569455625], [-70.54635794136729, -33.409630891829245], [-70.54638310149016, -33.409427956352445]]]}}, {"type": "Feature", "properties": {"uso": "UV", "edif": "EAb_base"}, "geometry": {"type": "Polygon", "coordinates": [[[-70.53276680483826, -33.409596957164936], [-70.53311359358445, -33.409693982652], [-70.53306945688226, -33.409800663652696], [-70.5327281637096, -33.40968909712056], [-70.53276680483826, -33.409596957164936]]]}}, {"type": "Feature", "properties": {"uso": "UV", "edif": "EAb_base"}, "geometry": {"type": "Polygon", "coordinates": [[[-70.5487063119623, -33.40940862081648], [-70.54895390848468, -33.409424826562216], [-70.54893879889894, -33.40954562340743], [-70.54869695213598, -33.40952934585038], [-70.5487063119623, -33.40940862081648]]]}}, {"type": "Feature", "properties": {"uso": "UV", "edif": "EAb_base"}, "geometry": {"type": "Polygon", "coordinates": [[[-70.5465558610066, -33.40944027550298], [-70.54671128475144, -33.40944798624764], [-70.54668965240185, -33.40952544524418], [-70.54668046077948, -33.40965581672938], [-70.5465250366647, -33.409648105956904], [-70.5465558610066, -33.40944027550298]]]}}, {"type": "Feature", "properties": {"uso": "UC1", "edif": "EAm2"}, "geometry": {"type": "Polygon", "coordinates": [[[-70.54471582745592, -33.40946320329921], [-70.54488539891415, -33.409620294392255], [-70.54478343396539, -33.40970840222015], [-70.54460768544948, -33.40952726625492], [-70.54471582745592, -33.40946320329921]]]}}, {"type": "Feature", "properties": {"uso": "UV", "edif": "EAb_base"}, "geometry": {"type": "Polygon", "coordinates": [[[-70.53779843272194, -33.40954915348056], [-70.53798354224689, -33.40960957485234], [-70.53793915654772, -33.40970178756923], [-70.5377541318628, -33.409646189419576], [-70.53779843272194, -33.40954915348056]]]}}, {"type": "Feature", "properties": {"uso": "UV", "edif": "EAb_base"}, "geometry": {"type": "Polygon", "coordinates": [[[-70.54147284847149, -33.409508370415885], [-70.54162311859471, -33.40954992192298], [-70.54156791833599, -33.409680864948264], [-70.54141189787954, -33.40963938483492], [-70.54144477958273, -33.40954731389144], [-70.54147284847149, -33.409508370415885]]]}}, {"type": "Feature", "properties": {"uso": "UV", "edif": "EAb_base"}, "geometry": {"type": "Polygon", "coordinates": [[[-70.53818952671939, -33.40954912867674], [-70.53829362436083, -33.4095816081251], [-70.53822725888786, -33.40973198555157], [-70.53811741094557, -33.40969957735421], [-70.53818952671939, -33.40954912867674]]]}}, {"type": "Feature", "properties": {"uso": "UV", "edif": "EAb_base"}, "geometry": {"type": "Polygon", "coordinates": [[[-70.5355387988611, -33.40958679501158], [-70.53581607915564, -33.40965572729294], [-70.53578902646719, -33.40975254900723], [-70.53550599573312, -33.40968368785506], [-70.5355387988611, -33.40958679501158]]]}}, {"type": "Feature", "properties": {"uso": "UV", "edif": "EAb_base"}, "geometry": {"type": "Polygon", "coordinates": [[[-70.54673437066394, -33.40945252271126], [-70.54687254413122, -33.409460448352384], [-70.54684747065777, -33.40966820715708], [-70.54670354674607, -33.409660353197054], [-70.54673437066394, -33.40945252271126]]]}}, {"type": "Feature", "properties": {"uso": "UV", "edif": "EAb_base"}, "geometry": {"type": "Polygon", "coordinates": [[[-70.53962147904751, -33.409541012169505], [-70.53971974191583, -33.40956873849803], [-70.53965904396435, -33.40971422196616], [-70.53955503081079, -33.409686566962435], [-70.53962147904751, -33.409541012169505]]]}}, {"type": "Feature", "properties": {"uso": "UV", "edif": "EAb_base"}, "geometry": {"type": "Polygon", "coordinates": [[[-70.53587247682232, -33.40959231260097], [-70.53588964233683, -33.40958727572125], [-70.53614984228965, -33.40966606741457], [-70.53615584720038, -33.409680466063534], [-70.53613936105423, -33.4097240892715], [-70.53586208031405, -33.40965515772722], [-70.53585607545315, -33.409640759062555], [-70.53587247682232, -33.40959231260097]]]}}, {"type": "Feature", "properties": {"uso": "UC1", "edif": "EAb_base"}, "geometry": {"type": "Polygon", "coordinates": [[[-70.53656824368085, -33.40958369579664], [-70.53660849464707, -33.409583197184496], [-70.53671259179494, -33.409615677975516], [-70.53661299685366, -33.40983883130808], [-70.53647422867175, -33.4097971312274], [-70.53654549795817, -33.40959845056879], [-70.53656824368085, -33.40958369579664]]]}}, {"type": "Feature", "properties": {"uso": "UV", "edif": "EAb_base"}, "geometry": {"type": "Polygon", "coordinates": [[[-70.53468219729552, -33.409607044703236], [-70.53496531206068, -33.409680731051175], [-70.53492675810308, -33.40977769491455], [-70.53464939320011, -33.409703937347224], [-70.53468219729552, -33.409607044703236]]]}}, {"type": "Feature", "properties": {"uso": "UV", "edif": "EAb_base"}, "geometry": {"type": "Polygon", "coordinates": [[[-70.54911508238499, -33.409432462485626], [-70.54935701457413, -33.40945356248953], [-70.54934774129897, -33.40957911080236], [-70.54910014429653, -33.40956290585806], [-70.54911508238499, -33.409432462485626]]]}}, {"type": "Feature", "properties": {"uso": "UV", "edif": "EAb_base"}, "geometry": {"type": "Polygon", "coordinates": [[[-70.54689563005421, -33.40946498478565], [-70.54704538927665, -33.409477590078986], [-70.54701448057438, -33.409680597358474], [-70.54687055663507, -33.40967274359332], [-70.54689563005421, -33.40946498478565]]]}}, {"type": "Feature", "properties": {"uso": "UV", "edif": "EAb_base"}, "geometry": {"type": "Polygon", "coordinates": [[[-70.53892596875205, -33.40956411592663], [-70.53911107902174, -33.40962453559193], [-70.53906686469017, -33.40972639523782], [-70.5388817542294, -33.40966597551278], [-70.53892596875205, -33.40956411592663]]]}}, {"type": "Feature", "properties": {"uso": "UV", "edif": "EAb_base"}, "geometry": {"type": "Polygon", "coordinates": [[[-70.54015091636116, -33.409558561316324], [-70.54038777856425, -33.4096183364819], [-70.54035489571021, -33.409710407176846], [-70.54011794813356, -33.409645808678384], [-70.54015091636116, -33.409558561316324]]]}}, {"type": "Feature", "properties": {"uso": "UV", "edif": "EAb_base"}, "geometry": {"type": "Polygon", "coordinates": [[[-70.54044417279952, -33.40955491980628], [-70.54061169294869, -33.40959625832215], [-70.54054541667738, -33.40975146015107], [-70.54038364639102, -33.409710050148], [-70.54044417279952, -33.40955491980628]]]}}, {"type": "Feature", "properties": {"uso": "UV", "edif": "EAb_base"}, "geometry": {"type": "Polygon", "coordinates": [[[-70.54938001495334, -33.40945327520011], [-70.54962769733882, -33.40947430284929], [-70.54961267434935, -33.409599923004876], [-70.54937082736349, -33.40958364677013], [-70.54938001495334, -33.40945327520011]]]}}, {"type": "Feature", "properties": {"uso": "UV", "edif": "EAb_base"}, "geometry": {"type": "Polygon", "coordinates": [[[-70.53915631430357, -33.40958055528806], [-70.53926041230994, -33.40961303391332], [-70.53919404850309, -33.40976341180941], [-70.53909578556308, -33.40973568506668], [-70.53915631430357, -33.40958055528806]]]}}, {"type": "Feature", "properties": {"uso": "UV", "edif": "EAb_base"}, "geometry": {"type": "Polygon", "coordinates": [[[-70.53831679497624, -33.40959096944879], [-70.53842089271129, -33.40962344878731], [-70.5383545274316, -33.40977382627555], [-70.53825042953724, -33.4097413468865], [-70.53831679497624, -33.40959096944879]]]}}, {"type": "Feature", "properties": {"uso": "UV", "edif": "EAb_base"}, "geometry": {"type": "Polygon", "coordinates": [[[-70.53501046466367, -33.409631928910365], [-70.53529924503209, -33.40970072003938], [-70.53527168251226, -33.40976860192707], [-70.53498298679334, -33.409704634029445], [-70.53501046466367, -33.409631928910365]]]}}, {"type": "Feature", "properties": {"uso": "UV", "edif": "EAb_base"}, "geometry": {"type": "Polygon", "coordinates": [[[-70.54773557257893, -33.409478628913284], [-70.54798900487633, -33.4094995880978], [-70.54797389394079, -33.4096203848629], [-70.54772037573265, -33.409594602397725], [-70.54773557257893, -33.409478628913284]]]}}, {"type": "Feature", "properties": {"uso": "UV", "edif": "EAb_base"}, "geometry": {"type": "Polygon", "coordinates": [[[-70.54165195443086, -33.40955438787579], [-70.54186006690547, -33.409614517521945], [-70.54181070233923, -33.40975021244337], [-70.5415967542134, -33.40968533091265], [-70.54165195443086, -33.40955438787579]]]}}, {"type": "Feature", "properties": {"uso": "UV", "edif": "EAb_base"}, "geometry": {"type": "Polygon", "coordinates": [[[-70.53974291266998, -33.40957809955099], [-70.53995685928088, -33.40964298432821], [-70.53991822582006, -33.40973512630688], [-70.5397042790064, -33.40967024146959], [-70.53974291266998, -33.40957809955099]]]}}, {"type": "Feature", "properties": {"uso": "UV", "edif": "EAb_base"}, "geometry": {"type": "Polygon", "coordinates": [[[-70.54724123489363, -33.40949444466941], [-70.54747741684764, -33.40951562007192], [-70.54749509490097, -33.409539521169954], [-70.54746899633084, -33.40968940092807], [-70.54723247176919, -33.40964893247861], [-70.54724123489363, -33.40949444466941]]]}}, {"type": "Feature", "properties": {"uso": "UV", "edif": "EAb_base"}, "geometry": {"type": "Polygon", "coordinates": [[[-70.54801766980702, -33.409494406042334], [-70.54827676670503, -33.4095104696163], [-70.5482559916493, -33.40963616143501], [-70.54800255891195, -33.40961520280986], [-70.54801766980702, -33.409494406042334]]]}}, {"type": "Feature", "properties": {"uso": "UV", "edif": "EAb_base"}, "geometry": {"type": "Polygon", "coordinates": [[[-70.53402220257773, -33.40968757364175], [-70.53430531711061, -33.40976126150399], [-70.53427251254143, -33.409858154059535], [-70.5339778125968, -33.40977978506038], [-70.53402220257773, -33.40968757364175]]]}}, {"type": "Feature", "properties": {"uso": "UV", "edif": "EAb_base"}, "geometry": {"type": "Polygon", "coordinates": [[[-70.53928358303024, -33.40962239505313], [-70.53938768113025, -33.40965487356854], [-70.53932131751665, -33.40980525152641], [-70.53921721925737, -33.40977277296046], [-70.53928358303024, -33.40962239505313]]]}}, {"type": "Feature", "properties": {"uso": "UV", "edif": "EAb_base"}, "geometry": {"type": "Polygon", "coordinates": [[[-70.53844981348695, -33.40963273876993], [-70.5385249054679, -33.40965110475501], [-70.53854816117934, -33.40966528931515], [-70.53854300641906, -33.409699123603254], [-70.53848754624114, -33.409815595546526], [-70.53837769810497, -33.40978318758594], [-70.53844981348695, -33.40963273876993]]]}}, {"type": "Feature", "properties": {"uso": "UV", "edif": "EAb_base"}, "geometry": {"type": "Polygon", "coordinates": [[[-70.53584508459424, -33.409669841177724], [-70.53612820043992, -33.40974352483619], [-70.5361118841091, -33.40979679461361], [-70.53582310285549, -33.40972800540543], [-70.53584508459424, -33.409669841177724]]]}}, {"type": "Feature", "properties": {"uso": "UV", "edif": "EAb_base"}, "geometry": {"type": "Polygon", "coordinates": [[[-70.53313109831323, -33.40970823932208], [-70.53345471768014, -33.40979590152383], [-70.53341616197854, -33.40989286496519], [-70.5331041273605, -33.40980988382856], [-70.53313109831323, -33.40970823932208]]]}}, {"type": "Feature", "properties": {"uso": "UV", "edif": "EAb_base"}, "geometry": {"type": "Polygon", "coordinates": [[[-70.54842678293642, -33.40953754300948], [-70.54866854408014, -33.409548997836154], [-70.5486535196961, -33.40967461791426], [-70.54841733711618, -33.40965344477286], [-70.54842678293642, -33.40953754300948]]]}}, {"type": "Feature", "properties": {"uso": "UV", "edif": "EAb_base"}, "geometry": {"type": "Polygon", "coordinates": [[[-70.53549483498017, -33.40970312336676], [-70.53577795067162, -33.40977680782982], [-70.53575047340718, -33.40984951310036], [-70.53546727261362, -33.40977100529358], [-70.53549483498017, -33.40970312336676]]]}}, {"type": "Feature", "properties": {"uso": "UV", "edif": "EAb_base"}, "geometry": {"type": "Polygon", "coordinates": [[[-70.53497757607111, -33.40972399834161], [-70.53526060656907, -33.40979286070757], [-70.53523879415255, -33.40986067141924], [-70.53494992843565, -33.40978705687587], [-70.53497757607111, -33.40972399834161]]]}}]}