{"type": "FeatureCollection", "features": [{"type": "Feature", "properties": {"codigo": "UvO", "capa_cad": "UVO", "lamina": "uso_suelo"}, "geometry": {"type": "Polygon", "coordinates": [[[-70.58313016117306, -33.41910699493634], [-70.58194157963639, -33.42199219084632], [-70.5814539743881, -33.422061487219466], [-70.58119537543995, -33.4223170948277], [-70.58089574892685, -33.42238399220803], [-70.58063657584614, -33.422608067214526], [-70.58068560323917, -33.42323821800416], [-70.58016553558812, -33.42359177224105], [-70.5799884067651, -33.424193265918284], [-70.5796887728157, -33.424260160578804], [-70.57909578460668, -33.424740794424835], [-70.5790604713366, -33.424867399211855], [-70.57872380778703, -33.424966301862646], [-70.57850164822291, -33.425158362550015], [-70.57832336356532, -33.425696791093465], [-70.57802372305036, -33.42576368190332], [-70.57735666033857, -33.426308327787666], [-70.57717722574338, -33.42678369180038], [-70.57628683947637, -33.42745732731244], [-70.57581002643401, -33.4281257018242], [-70.57528193377634, -33.428037795024466], [-70.57501988147062, -33.428104201224194], [-70.57479770575924, -33.428296255653805], [-70.57432028846767, -33.431014653535705], [-70.57405765715444, -33.4310495263973], [-70.57382124085463, -33.43045329023398], [-70.57411691561649, -33.430165688137045], [-70.57414597519949, -33.4296922374005], [-70.57432998699183, -33.4294691298314], [-70.57432201550716, -33.42902768794834], [-70.5740536972799, -33.42874724496012], [-70.57378936507031, -33.4286875223511], [-70.57378424243561, -33.4284037381776], [-70.5740799106517, -33.42811613627709], [-70.57417733588665, -33.42726335197153], [-70.57466497703736, -33.427194083251266], [-70.5748871503428, -33.42700202910029], [-70.57491962268946, -33.426717767508485], [-70.57547618922949, -33.42630069350255], [-70.5755097989837, -33.42607949491217], [-70.57580944275642, -33.42601261009325], [-70.57603161055194, -33.42582055401803], [-70.57606407887428, -33.425536292196455], [-70.57590741939548, -33.4251913562738], [-70.57673114424517, -33.42499165313805], [-70.57776504480827, -33.423937723340444], [-70.57779579543988, -33.423558866550806], [-70.57801852328258, -33.42339833869133], [-70.5784309458568, -33.42333001260376], [-70.57872715261797, -33.4230739318763], [-70.57875618635717, -33.42260048034078], [-70.57897491351876, -33.422219230162575], [-70.57896977526958, -33.42193544640189], [-70.57963965094167, -33.42154845035566], [-70.58004635043466, -33.42116480398597], [-70.5813301835798, -33.419382268569976], [-70.58147427400449, -33.41903350452969], [-70.58169984275696, -33.41903062800469], [-70.5822301739292, -33.419244634979194], [-70.58245517103133, -33.41921022557335], [-70.58275249651149, -33.41901719880111], [-70.58313016117306, -33.41910699493634]]]}}, {"type": "Feature", "properties": {"codigo": "UvO", "capa_cad": "UVO", "lamina": "uso_suelo"}, "geometry": {"type": "Polygon", "coordinates": [[[-70.5844621684363, -33.41584148999993], [-70.58446675058987, -33.41609374181053], [-70.58442972987552, -33.416125753537386], [-70.58443087539747, -33.416188816489154], [-70.5843938546306, -33.41622082820641], [-70.58439729114173, -33.41641001706006], [-70.5844354575209, -33.41644106828944], [-70.58443660306067, -33.41650413123781], [-70.58470376867773, -33.416721489477546], [-70.58481712280606, -33.416751579884824], [-70.58482170614401, -33.41700383161499], [-70.5847476642129, -33.417067855276315], [-70.58474881000556, -33.41713091820878], [-70.5847117889739, -33.417162930024624], [-70.58471293474477, -33.41722599295721], [-70.58463946541067, -33.41732154802613], [-70.58464061113615, -33.41738461095932], [-70.58460358995961, -33.417416622745954], [-70.58460416281102, -33.41744815421268], [-70.58453012035112, -33.417512177755505], [-70.58453126600583, -33.41757524069009], [-70.58449424470979, -33.41760725244669], [-70.5844959631605, -33.4177018468485], [-70.58445894179924, -33.4177338585959], [-70.58446008741214, -33.417796921530396], [-70.58438604455742, -33.41786094499555], [-70.58438719012314, -33.417924007931], [-70.58435016862968, -33.417956019648756], [-70.5843507414012, -33.417987551116624], [-70.58412517563504, -33.41799043238275], [-70.5839354862749, -33.417898238701746], [-70.58374694240835, -33.41786910767297], [-70.58355725369321, -33.41777691339204], [-70.58344447104312, -33.41777835334699], [-70.58332997119159, -33.41768519874551], [-70.58329237701118, -33.417685678671845], [-70.58325421046099, -33.417654627100674], [-70.58310383378114, -33.417656546644324], [-70.58306566730886, -33.417625495012615], [-70.58302864543587, -33.41765750634784], [-70.58287826873463, -33.41765942561821], [-70.58284124677662, -33.41769143689974], [-70.58280365258462, -33.41769191667805], [-70.58250747582723, -33.41794800646899], [-70.58231950427516, -33.41795040475714], [-70.58228133793908, -33.41791935288097], [-70.58224374363868, -33.41791983249248], [-70.58216741107337, -33.417857728678165], [-70.58216397920923, -33.417668539664554], [-70.58223745159394, -33.41757298597915], [-70.58223630759738, -33.41750992297452], [-70.58227332971076, -33.41747791186844], [-70.58230806371306, -33.41731977474387], [-70.58245557951395, -33.41716019867935], [-70.58245443537761, -33.41709713567717], [-70.58249145723927, -33.41706512451142], [-70.5824897410034, -33.41697053000809], [-70.58256378456913, -33.41690650764775], [-70.58256321246692, -33.41687497614711], [-70.58260023419638, -33.416842964951734], [-70.58263496739725, -33.41668482774489], [-70.5827090106189, -33.41662080530526], [-70.58270786632279, -33.41655774230533], [-70.582781337213, -33.41646218832624], [-70.58278019287151, -33.416399125326905], [-70.58281721432387, -33.41636711407266], [-70.58281606996056, -33.41630405107344], [-70.5828895405274, -33.416208497036266], [-70.58288839611869, -33.416145434037645], [-70.58292541742617, -33.41611342275417], [-70.58292484521047, -33.41608189125501], [-70.58299888771862, -33.416017868657605], [-70.58303361992584, -33.41585973134979], [-70.5832591803025, -33.41585685222967], [-70.58329734604072, -33.41588790383111], [-70.5834858854742, -33.41591703568308], [-70.58359981062804, -33.41597865874021], [-70.5837501843798, -33.41597673868006], [-70.58378835034078, -33.41600779012308], [-70.58382594378918, -33.41600731006762], [-70.58386296468426, -33.4159752985154], [-70.58401333841108, -33.41597337813645], [-70.58405035922114, -33.41594136653056], [-70.58408795263614, -33.41594088639654], [-70.58423603554701, -33.41581283982558], [-70.58438640896665, -33.41581091900264], [-70.58442457507094, -33.41584197024608], [-70.5844621684363, -33.41584148999993]]]}}, {"type": "Feature", "properties": {"codigo": "UvO", "capa_cad": "UVO", "lamina": "uso_suelo"}, "geometry": {"type": "Polygon", "coordinates": [[[-70.56317209279065, -33.409141536114895], [-70.56321024859568, -33.40917259422567], [-70.56324783947152, -33.40917212049109], [-70.56332415118837, -33.40923423665074], [-70.5633617420887, -33.40923376288088], [-70.56343805393954, -33.40929587896591], [-70.56347564486438, -33.40929540516077], [-70.56355195684917, -33.40935752117117], [-70.56358954779851, -33.40935704733075], [-70.56359011288228, -33.40938857915734], [-70.56381904965096, -33.40957492680813], [-70.56382131034165, -33.409701054095244], [-70.56367320645053, -33.409829076980024], [-70.56363561529935, -33.40982955085166], [-70.5633023798263, -33.410117601635235], [-70.56326478854417, -33.410118075398124], [-70.56319073588934, -33.41018208654706], [-70.56300277932104, -33.41018445508253], [-70.56300221443243, -33.410152923251125], [-70.56292590210585, -33.410090806918944], [-70.56292533724704, -33.41005927508592], [-70.56284902505793, -33.409997158701565], [-70.56284846022889, -33.4099656268669], [-70.56265768030342, -33.40981033568043], [-70.56265655079251, -33.40974727200326], [-70.56261839491776, -33.40971621372647], [-70.56261500649286, -33.409527022686525], [-70.56291121606255, -33.409270979205296], [-70.5629106512266, -33.409239447367874], [-70.5629847033222, -33.40917543639411], [-70.56298413846176, -33.40914390455731], [-70.56317209279065, -33.409141536114895]]]}}, {"type": "Feature", "properties": {"codigo": "UvO", "capa_cad": "UVO", "lamina": "uso_suelo"}, "geometry": {"type": "Polygon", "coordinates": [[[-70.5680655125341, -33.40526356217208], [-70.5681395574653, -33.40519954828925], [-70.56828991376392, -33.40519764750746], [-70.56863161628621, -33.405382560710386], [-70.56900807466154, -33.405409338665976], [-70.57176855116809, -33.40628902124897], [-70.57233864325988, -33.406628724484804], [-70.57275951741325, -33.40703339481969], [-70.57302378275607, -33.40709312176558], [-70.57369926170759, -33.40702147638155], [-70.5748742188008, -33.407542725971815], [-70.57529226254486, -33.4077897288842], [-70.57585953029098, -33.40797175691436], [-70.57680783077575, -33.40843278919117], [-70.57764565021064, -33.4090213746988], [-70.57783987545447, -33.40936583178381], [-70.57818446563066, -33.4097083755026], [-70.57868626910395, -33.410427383674], [-70.5788770779357, -33.41058264931089], [-70.57880703102451, -33.410867390578254], [-70.57839295593405, -33.410841121526474], [-70.57654072390397, -33.41029697776339], [-70.57638865023415, -33.41020429391423], [-70.57567157216805, -33.41005571061654], [-70.57551949980873, -33.40996302565861], [-70.57536913582258, -33.4099649354403], [-70.57313818892362, -33.40926785490506], [-70.57298782596293, -33.40926976176594], [-70.57189087713547, -33.40890520063032], [-70.57079564014781, -33.408635224667854], [-70.57034114894998, -33.408451745719496], [-70.56996410979848, -33.40839344048349], [-70.56950962150411, -33.408209958392824], [-70.5688301603367, -33.40806085903721], [-70.56856362713323, -33.40787499613028], [-70.56829992881111, -33.40784679143044], [-70.56773720860741, -33.407916982508425], [-70.56747067808764, -33.40773111716753], [-70.56716939028765, -33.40770338503574], [-70.56738020461388, -33.4068807090936], [-70.56774363914474, -33.40618225976581], [-70.56773797402845, -33.405866941955935], [-70.56799543362642, -33.40554829847433], [-70.5680655125341, -33.40526356217208]]]}}, {"type": "Feature", "properties": {"codigo": "UvO", "capa_cad": "UVO", "lamina": "uso_suelo"}, "geometry": {"type": "Polygon", "coordinates": [[[-70.58718792923699, -33.404452669101985], [-70.58715492877107, -33.40470540197553], [-70.5869715736238, -33.40496005842564], [-70.5869750142551, -33.40514924738669], [-70.58721259069132, -33.40580852315699], [-70.58755662827116, -33.40611950887073], [-70.5881035354974, -33.407247905675376], [-70.58822950503107, -33.407971685496584], [-70.58820339414874, -33.40860279595122], [-70.58806221603649, -33.40910922435692], [-70.58737496140887, -33.41060034496254], [-70.58707996895123, -33.41091950777264], [-70.58632036745038, -33.4125692423247], [-70.58594387496343, -33.41254251802004], [-70.58594043560305, -33.4123533291901], [-70.58666417191915, -33.41079867202065], [-70.58662084642913, -33.41048383816601], [-70.58635369596739, -33.41026648342368], [-70.58612757713325, -33.410237836266084], [-70.58555855588344, -33.40996126186592], [-70.58136755444525, -33.40692395606566], [-70.58136469718646, -33.40676629821557], [-70.58169785864823, -33.406478200870175], [-70.58180491079028, -33.40616144727082], [-70.58176046262784, -33.405783547769005], [-70.58194840802382, -33.40578115109485], [-70.58668430436018, -33.407770688592386], [-70.58706192338246, -33.40786047422612], [-70.5872492991693, -33.40782653791527], [-70.58754600210379, -33.40760196929242], [-70.58757842846893, -33.407317704956874], [-70.58738187579915, -33.4068471381031], [-70.58687887710171, -33.40606510324541], [-70.58660199361611, -33.40531171308987], [-70.58658938101196, -33.404618020095555], [-70.58677445667884, -33.40445795868482], [-70.58718792923699, -33.404452669101985]]]}}, {"type": "Feature", "properties": {"codigo": "UvO", "capa_cad": "UVO", "lamina": "uso_suelo"}, "geometry": {"type": "Polygon", "coordinates": [[[-70.54709190928405, -33.39499285269589], [-70.54709414456305, -33.39511898128291], [-70.54705711825805, -33.395150982096936], [-70.54701953313027, -33.39515145075325], [-70.54698250678373, -33.39518345154601], [-70.54690733649669, -33.39518438880283], [-70.54687031009416, -33.39521638956354], [-70.5468327249349, -33.39521685816406], [-70.54672164552125, -33.39531286035111], [-70.54664647511353, -33.39531379745311], [-70.5466094485592, -33.39534579813963], [-70.54657186333961, -33.39534626666275], [-70.54649781012068, -33.39541026798287], [-70.54646022487137, -33.39541073647297], [-70.5464231982068, -33.39544273710654], [-70.54638561294217, -33.395443205574445], [-70.54631155950277, -33.39550720678869], [-70.54623638891317, -33.39550814364709], [-70.54619936212391, -33.39554014421693], [-70.54616177681338, -33.39554061261824], [-70.54612474998257, -33.39557261316683], [-70.54608716465673, -33.39557308154594], [-70.54601311088487, -33.39563708259017], [-70.5459755255293, -33.39563755093627], [-70.54593849858826, -33.39566955143193], [-70.54586332784564, -33.39567048806835], [-70.54582630084859, -33.395702488531924], [-70.54578871546154, -33.39570295682225], [-70.54575168842294, -33.39573495726459], [-70.5457141030206, -33.39573542553271], [-70.54564004883315, -33.395799426364434], [-70.54560246340107, -33.39579989459955], [-70.54552840907625, -33.39586389536791], [-70.5454156526882, -33.39586529994005], [-70.54537862544181, -33.395897300276125], [-70.54534103996296, -33.39589776843326], [-70.54526698535993, -33.39596176905246], [-70.54522939985135, -33.39596223717658], [-70.54511831770004, -33.3960582379947], [-70.54489280437052, -33.39606104630571], [-70.54489224632448, -33.39602951413118], [-70.54481595919958, -33.39596738579095], [-70.54481540118329, -33.39593585361481], [-70.5447009707427, -33.39584266100732], [-70.54469873885932, -33.39571653229236], [-70.54473576628934, -33.395684532153396], [-70.54473520830797, -33.39565299997462], [-70.54477223569815, -33.39562099982561], [-70.54477111971264, -33.39555793546833], [-70.54480814705032, -33.395525935309664], [-70.5448070310429, -33.395462870952485], [-70.54488108558608, -33.395398870605405], [-70.54487996953135, -33.39533580624912], [-70.54495402391527, -33.39527180586186], [-70.54495346586381, -33.395240273684244], [-70.54499049300239, -33.39520827347536], [-70.5449893768767, -33.39514520912038], [-70.54502696203787, -33.395144741079015], [-70.5450639891095, -33.39511274084967], [-70.54510157425534, -33.395112272786115], [-70.54513860128542, -33.395080272535495], [-70.54517618641596, -33.395079804449736], [-70.54521321340447, -33.395047804177864], [-70.54525079851973, -33.395047336069915], [-70.54528782546669, -33.39501533577681], [-70.54532541056663, -33.39501486764666], [-70.54536243747204, -33.39498286733229], [-70.54540002255669, -33.394982399179945], [-70.54543704942053, -33.394950398844315], [-70.54547463448988, -33.39494993066977], [-70.54551166131216, -33.39491793031291], [-70.54554924636622, -33.39491746211616], [-70.54558627314694, -33.39488546173805], [-70.54562385818569, -33.39488499351911], [-70.54566088492487, -33.39485299311973], [-70.54569846994832, -33.394852524878594], [-70.54580954995978, -33.39475652358544], [-70.54592230489504, -33.39475511869639], [-70.54595933146798, -33.39472311821201], [-70.54599691643023, -33.39472264988209], [-70.54603394296161, -33.39469064937648], [-70.54622186768765, -33.39468830750211], [-70.54626001114161, -33.394719371254055], [-70.54629759609692, -33.39471890283311], [-70.54633573959069, -33.39474996656049], [-70.54641090952406, -33.3947490296606], [-70.54644905307036, -33.39478009335145], [-70.54648663804842, -33.3947796248725], [-70.54652478163455, -33.39481068853874], [-70.54656236662444, -33.394810220036476], [-70.54660051025037, -33.394841283678126], [-70.54667568025293, -33.39484034661561], [-70.54671382393138, -33.39487141022073], [-70.54675140894406, -33.394870941660464], [-70.54678955266232, -33.39490200524097], [-70.54686472271045, -33.39490106806245], [-70.54690286648122, -33.39493213160644], [-70.54694045151668, -33.39493166298817], [-70.54697859532726, -33.394962726507565], [-70.54701618037453, -33.39496225786599], [-70.54705432422494, -33.39499332136078], [-70.54709190928405, -33.39499285269589]]]}}, {"type": "Feature", "properties": {"codigo": "UvO", "capa_cad": "UVO", "lamina": "uso_suelo"}, "geometry": {"type": "Polygon", "coordinates": [[[-70.483339788452, -33.386530359361885], [-70.4833499654519, -33.38712948863566], [-70.48331291829362, -33.3871614710207], [-70.48158410867626, -33.38718212500826], [-70.48157340878183, -33.386551462113815], [-70.483339788452, -33.386530359361885]]]}}, {"type": "Feature", "properties": {"codigo": "UvO", "capa_cad": "UVO", "lamina": "uso_suelo"}, "geometry": {"type": "Polygon", "coordinates": [[[-70.50764899529577, -33.38368269436913], [-70.50765226135549, -33.38387189107807], [-70.50750411466147, -33.38399984849965], [-70.50750465895689, -33.38403138128537], [-70.50743058542179, -33.38409535993418], [-70.50743112969263, -33.3841268927205], [-70.50735705602366, -33.38419087132825], [-70.50735760026994, -33.38422240411514], [-70.5072835264671, -33.38428638268181], [-70.50728407068881, -33.3843179154693], [-70.50721054094925, -33.384413426782984], [-70.50717295974307, -33.38441388324204], [-70.5070988856437, -33.38447786170491], [-70.50706130440788, -33.38447831813093], [-70.50687557453188, -33.38460673125925], [-70.50676337468434, -33.38463963309839], [-70.50668930009014, -33.38470361132825], [-70.50657710004268, -33.3847365130039], [-70.50650302522818, -33.38480049112772], [-70.50646544384324, -33.384800947377194], [-70.50639136889149, -33.38486492543753], [-70.5063537874769, -33.384865381653974], [-70.50627971238788, -33.38492935965083], [-70.50624213094365, -33.384929815834234], [-70.50613101806357, -33.38502578271862], [-70.50601881737639, -33.385058683905214], [-70.50594474187558, -33.38512266171163], [-70.50590716034239, -33.38512311779593], [-70.50583308470432, -33.385187095538846], [-70.50579550314147, -33.385187551590114], [-70.50572142736613, -33.38525152926955], [-70.50568384577362, -33.38525198528779], [-70.50557273186405, -33.38534795169604], [-70.50546053053719, -33.38538085239356], [-70.50538645435006, -33.38544482988254], [-70.5053488726686, -33.38544528580166], [-70.50527479634421, -33.38550926322715], [-70.50523721463308, -33.38550971911324], [-70.50505147983174, -33.38563812962681], [-70.50486357097117, -33.38564040861315], [-70.50417677955022, -33.385049486893074], [-70.50417460709485, -33.38492335557659], [-70.50428735152396, -33.38492198887055], [-70.50439900956016, -33.384857556409436], [-70.50458691677682, -33.38485527817338], [-70.50462395494489, -33.38482328966868], [-70.50477428064539, -33.384821466831795], [-70.50481131872874, -33.38478947827332], [-70.50499922576331, -33.38478719941713], [-70.50503626374754, -33.38475521079405], [-70.50518658930237, -33.38475338746105], [-70.50522362720187, -33.384721398784194], [-70.50526120857405, -33.38472094291168], [-70.50544639759283, -33.384560999316356], [-70.50548397889216, -33.38456054337832], [-70.50574324227885, -33.38433662182992], [-70.50574269861298, -33.384305089020145], [-70.50581677359689, -33.384241111341545], [-70.50581622990643, -33.38420957853237], [-70.50585381104817, -33.38420912248656], [-70.5059278858694, -33.38414514474522], [-70.50604062920313, -33.38414377647459], [-70.50607766652986, -33.384111787555746], [-70.50619040981277, -33.38411041915027], [-70.5062274470692, -33.384078430188474], [-70.5062650281474, -33.38407797401973], [-70.50633910255009, -33.384013996043144], [-70.5064518456932, -33.38401262740371], [-70.50648888281067, -33.383980638367234], [-70.50652646384228, -33.38398018212051], [-70.50660053796706, -33.383916203994545], [-70.50663811896902, -33.383915747714795], [-70.50671219295656, -33.383851769525336], [-70.50674977392886, -33.383851313212546], [-70.50686142872179, -33.38378687861379], [-70.50693659060455, -33.38378596588803], [-70.50715989957106, -33.38365709626888], [-70.50749812746781, -33.383652987845394], [-70.50753625264065, -33.38368406408409], [-70.50764899529577, -33.38368269436913]]]}}, {"type": "Feature", "properties": {"codigo": "Uv3", "capa_cad": "Uv3", "lamina": "uso_suelo"}, "geometry": {"type": "Polygon", "coordinates": [[[-70.58949803553448, -33.419814015559325], [-70.58983466598349, -33.41971508452019], [-70.59005678636156, -33.41952300450872], [-70.59016037248435, -33.419017056519216], [-70.5904935490014, -33.418728935565696], [-70.59059655679054, -33.41819145588066], [-70.59082212236807, -33.41818856283268], [-70.59104883830864, -33.418248732103024], [-70.59108585737854, -33.418216718455604], [-70.59146180000927, -33.418211894995245], [-70.59153756389925, -33.41824246152309], [-70.59153986540653, -33.41836858694767], [-70.59143226050564, -33.41865381639316], [-70.59143628794921, -33.418874535881045], [-70.59136397549467, -33.41903315744328], [-70.59130892239628, -33.42013771955373], [-70.5913482435331, -33.420231831215524], [-70.59157726690886, -33.420418124717386], [-70.59184158440327, -33.420477809858035], [-70.59214061927682, -33.42037935511091], [-70.59240378551655, -33.42037597637867], [-70.59259406459263, -33.42049968797337], [-70.59327193057877, -33.42055405881286], [-70.5933118300841, -33.42067970109464], [-70.59357903025386, -33.42089703903669], [-70.59459814089081, -33.42110471083024], [-70.59497409532445, -33.421099876359165], [-70.59527831955205, -33.42128519566669], [-70.59554610326006, -33.421534060428165], [-70.59581042653024, -33.421593736916634], [-70.59614878722138, -33.421589382581324], [-70.59615167280704, -33.42174703892225], [-70.59607705850551, -33.421779537906616], [-70.59562533297216, -33.42175381197446], [-70.5954009124007, -33.42181977658606], [-70.59521293368287, -33.42182219465647], [-70.59494745670085, -33.42169945433201], [-70.59449573174327, -33.42167372426169], [-70.59445755954269, -33.4216426763281], [-70.59412035113257, -33.42171008865518], [-70.59381958536373, -33.42171395431523], [-70.59362872570145, -33.42155871344723], [-70.59336440383586, -33.42149903225982], [-70.5930653666814, -33.421597490014236], [-70.59287738822863, -33.42159990453136], [-70.59272527781953, -33.42150724197592], [-70.59246153242802, -33.42147909016491], [-70.5921949087764, -33.42129328113547], [-70.59144242172748, -33.42127140079998], [-70.59042331555092, -33.42106370290794], [-70.59001033980924, -33.42110053695287], [-70.5897460214985, -33.4210408479328], [-70.58974372235168, -33.4209147224526], [-70.58985133531743, -33.42062949432685], [-70.58984673680531, -33.420377243359916], [-70.58980741719706, -33.42028313117808], [-70.58946446318086, -33.42003521703992], [-70.58949803553448, -33.419814015559325]]]}}, {"type": "Feature", "properties": {"codigo": "Uv3", "capa_cad": "Uv3", "lamina": "uso_suelo"}, "geometry": {"type": "Polygon", "coordinates": [[[-70.58311356324981, -33.41819258192437], [-70.58330153525146, -33.41819018241779], [-70.58352881906387, -33.41828189707139], [-70.58364160236033, -33.41828045702069], [-70.58375553077606, -33.41834207981798], [-70.58394407567425, -33.418371210801375], [-70.58436334260016, -33.41868124336687], [-70.58481676944581, -33.41880160528137], [-70.58500760774565, -33.41895686042179], [-70.58527248998625, -33.419048091293114], [-70.585462756426, -33.41917181424166], [-70.58561313554594, -33.419169891762046], [-70.58565130359165, -33.419200942555506], [-70.58568832510056, -33.419168930453914], [-70.58583870419909, -33.41916700770101], [-70.586061405747, -33.41900646604988], [-70.58628697392857, -33.41900358118615], [-70.58632514213026, -33.41903463176804], [-70.58673983116971, -33.4190924045066], [-70.58674097849043, -33.41915546735755], [-70.58704575288434, -33.4193723390598], [-70.58719613223451, -33.419370414651134], [-70.58723430091429, -33.419401464937096], [-70.58727132190423, -33.419369452378476], [-70.58742170123297, -33.419367527696515], [-70.58757035865277, -33.41927100859702], [-70.58783352213351, -33.41926763965838], [-70.58787341320873, -33.41939328396433], [-70.58810242715154, -33.419579584193414], [-70.58825395521741, -33.41964072129305], [-70.58825682632197, -33.41979837828938], [-70.58807172209407, -33.41995844241249], [-70.58803584946288, -33.42005351800805], [-70.5880803345905, -33.42043141340632], [-70.58800858892691, -33.42062156458997], [-70.58778301675002, -33.42062445270694], [-70.58774484732824, -33.420593402617364], [-70.5876320612658, -33.42059484648623], [-70.58744293658543, -33.42053418989183], [-70.58729255524709, -33.42053611465857], [-70.58725438603364, -33.42050506441127], [-70.58710400473174, -33.42050698894796], [-70.58706583559619, -33.42047593864013], [-70.58709826655767, -33.420191674810724], [-70.58717230926044, -33.42012764974942], [-70.58720818287088, -33.4200325743761], [-70.58720473979172, -33.41984338589087], [-70.58716542326505, -33.41974927277209], [-70.58682247861809, -33.41950135102175], [-70.58667209901495, -33.4195032749841], [-70.5865963355917, -33.41947270547112], [-70.58655931430322, -33.41950471783629], [-70.58640893467508, -33.4195066414798], [-70.58633431837784, -33.419539134662884], [-70.58611218947962, -33.419731208248336], [-70.58604330712264, -33.42007901558185], [-70.58574254579685, -33.420082861493704], [-70.5857043773206, -33.42005181074493], [-70.58562976028495, -33.420084303522756], [-70.58517861815704, -33.420090070614094], [-70.58514044987109, -33.42005901968594], [-70.58483911548932, -33.42003133195699], [-70.58468758895268, -33.419970190637095], [-70.58397099042458, -33.41985318980029], [-70.58378129708257, -33.419760996024614], [-70.58366851187965, -33.41976243625837], [-70.58332786646308, -33.41964063044611], [-70.58321336420282, -33.419547475832196], [-70.58306183957816, -33.419486332462526], [-70.58305955023073, -33.41936020654187], [-70.58324180076808, -33.419042492258505], [-70.58323722164417, -33.418790240418346], [-70.58319790986985, -33.41869612588596], [-70.58304524213234, -33.418571919476335], [-70.58304180827159, -33.418382730564865], [-70.58311356324981, -33.41819258192437]]]}}, {"type": "Feature", "properties": {"codigo": "Uv3", "capa_cad": "Uv3", "lamina": "uso_suelo"}, "geometry": {"type": "Polygon", "coordinates": [[[-70.59924095290864, -33.41180408853071], [-70.5992473111626, -33.4121509324991], [-70.59913453664525, -33.41215238650305], [-70.59902291801481, -33.41221690294897], [-70.59887255185971, -33.41221884132953], [-70.59883553819967, -33.41225085717107], [-70.59872276353049, -33.41225231080453], [-70.59868574979988, -33.412284326603235], [-70.59853538350382, -33.4122862645786], [-70.59849836968819, -33.412318280323674], [-70.59838559491327, -33.41231973365324], [-70.59834858102708, -33.41235174935551], [-70.59801083410954, -33.41238763991907], [-70.59797382005327, -33.41241965551407], [-70.59631978686534, -33.41244095380973], [-70.59628161821924, -33.41240990629257], [-70.59624460349728, -33.41244192139042], [-70.59605664506145, -33.41244434014292], [-70.59601963023998, -33.412476355176324], [-70.59586926341728, -33.41247828993018], [-70.59583109490882, -33.41244724227024], [-70.59507926083334, -33.41245691306816], [-70.59504109260554, -33.41242586515633], [-70.59458999214007, -33.41243166530584], [-70.59455182409154, -33.41240061723781], [-70.59443904899301, -33.41240206698316], [-70.59440088100966, -33.41237101886653], [-70.59428810594109, -33.412372468473556], [-70.59424993802291, -33.41234142030835], [-70.59413716298428, -33.41234286977705], [-70.59409899513128, -33.41231182156327], [-70.59398622012263, -33.412313270893634], [-70.5939480523348, -33.41228222263125], [-70.59372192633518, -33.41225358955951], [-70.59371962220752, -33.41212746414445], [-70.59375663775955, -33.41209544977524], [-70.59375548567576, -33.412032387067505], [-70.59398103498432, -33.4120294887452], [-70.59401920266907, -33.412060537001565], [-70.59447030134149, -33.41205473898399], [-70.59450846920551, -33.41208578708415], [-70.59462124389145, -33.412084337287745], [-70.59465941182063, -33.41211538533931], [-70.59477218653655, -33.41211393540458], [-70.5948103545309, -33.41214498340757], [-70.59492312927676, -33.4121435333345], [-70.59496129733628, -33.41217458128891], [-70.59511166370224, -33.41217264765094], [-70.59514983183962, -33.41220369554481], [-70.59563852259458, -33.412197409808016], [-70.59567553744668, -33.412165394886344], [-70.59620181942593, -33.41215862332847], [-70.5962399879309, -33.41218967087551], [-70.59717977705867, -33.412177572959266], [-70.59721794590764, -33.4122086201946], [-70.59736831216668, -33.412206683819896], [-70.59740648109351, -33.41223773099468], [-70.59789517150084, -33.412231436363506], [-70.59793218551, -33.41219942079256], [-70.59812014324618, -33.41219699921426], [-70.59815715715584, -33.412164983578876], [-70.59830752327069, -33.4121630460681], [-70.59834453709531, -33.41213103037909], [-70.59845731162861, -33.412129577094056], [-70.59860652206942, -33.41206457666316], [-70.59868054938393, -33.412000545104284], [-70.59879274586986, -33.41196756024203], [-70.59886677296362, -33.411903528577525], [-70.59897896924872, -33.4118705435521], [-70.59905299612173, -33.41180651178197], [-70.59924095290864, -33.41180408853071]]]}}, {"type": "Feature", "properties": {"codigo": "Uv3", "capa_cad": "Uv3", "lamina": "uso_suelo"}, "geometry": {"type": "Polygon", "coordinates": [[[-70.56693828221009, -33.40111466342394], [-70.56694111280255, -33.40127232251229], [-70.56672068273463, -33.40155895724984], [-70.56672181483086, -33.40162202088775], [-70.56657429456276, -33.40178157869387], [-70.56653953686838, -33.40193971244571], [-70.5663196697733, -33.40225787834912], [-70.56613173055005, -33.40226025113007], [-70.56598024756683, -33.40219908549624], [-70.56582989626682, -33.40220098332956], [-70.56564026011173, -33.40210875986802], [-70.56556508452906, -33.402109708599205], [-70.56529857669778, -33.40192383777055], [-70.56514822582282, -33.40192573476416], [-70.56465562822825, -33.40171117579351], [-70.56442953716781, -33.401682488178196], [-70.56416755400186, -33.401748869647456], [-70.56394541831612, -33.401940904158224], [-70.56347033480095, -33.402703828140446], [-70.5633199824511, -33.40270572295773], [-70.56199254724368, -33.40206012523389], [-70.56184163160097, -33.40203048633829], [-70.56100793134338, -33.401662511697154], [-70.56100567540655, -33.40153638407698], [-70.56115376976871, -33.40140836450826], [-70.56137816694235, -33.401342462446905], [-70.5615262604222, -33.40121444245498], [-70.56189874939152, -33.40102051932526], [-70.56223590702758, -33.40095319601455], [-70.56256911238646, -33.400665148601895], [-70.56264428683286, -33.40066420172176], [-70.56286811624376, -33.40056676516217], [-70.56409662605472, -33.39988896369678], [-70.56417179977788, -33.39988801591061], [-70.56446966864995, -33.39972656500082], [-70.56469405879832, -33.39966065712155], [-70.56495433921442, -33.39949967914484], [-70.56514170716815, -33.399465776465824], [-70.56532794396897, -33.39936880980559], [-70.56555346365136, -33.399365964111674], [-70.5655545948103, -33.39942902780712], [-70.56566961721221, -33.39955373218527], [-70.56571003210325, -33.39971091704662], [-70.56578633695615, -33.39977303197244], [-70.56578916532428, -33.39993069118189], [-70.5656410804106, -33.40005871604399], [-70.5656051903409, -33.40015378592003], [-70.56560914966164, -33.40037450881766], [-70.56564843361114, -33.40046862998939], [-70.56591550332053, -33.400686032051865], [-70.56663475344159, -33.400960802006615], [-70.56693828221009, -33.40111466342394]]]}}, {"type": "Feature", "properties": {"codigo": "Uv3", "capa_cad": "Uv3", "lamina": "uso_suelo"}, "geometry": {"type": "Polygon", "coordinates": [[[-70.48341103377446, -33.390724263004124], [-70.48342014138296, -33.3912603256614], [-70.48165366611288, -33.39128143218357], [-70.48164403424337, -33.39071383597486], [-70.48171813270777, -33.390649872109535], [-70.48171759758637, -33.39061833898598], [-70.48325855373278, -33.390599927840356], [-70.48341103377446, -33.390724263004124]]]}}, {"type": "Feature", "properties": {"codigo": "Uv2", "capa_cad": "UV2_255", "lamina": "uso_suelo"}, "geometry": {"type": "Polygon", "coordinates": [[[-70.57991207006883, -33.42413116089012], [-70.58013422389669, -33.42393909781283], [-70.5801701066622, -33.42384402426036], [-70.58016153594502, -33.42337105171528], [-70.58098694785099, -33.42326591552701], [-70.58128943618605, -33.423356675286335], [-70.58204308539972, -33.42344167973239], [-70.58264863817068, -33.423654724699205], [-70.58317556526528, -33.42367953782811], [-70.58351679910122, -33.42383287497503], [-70.5839702519991, -33.42395323913464], [-70.58449718104264, -33.4239780465812], [-70.58529187433155, -33.42425173920137], [-70.58581880532365, -33.42427654096544], [-70.58600908422547, -33.42440026261597], [-70.58668869932329, -33.424549262848394], [-70.58698947591172, -33.4245454141908], [-70.58782177877545, -33.424818609050334], [-70.58831111629542, -33.42484388147512], [-70.58921919505707, -33.425147635001466], [-70.58974613189189, -33.42517241987731], [-70.5903517141095, -33.42538542625222], [-70.59095442256674, -33.425440772932696], [-70.59110596284668, -33.42550190613082], [-70.59110826436331, -33.425628031434094], [-70.59092315362129, -33.42578809988065], [-70.59073574119097, -33.42582204274748], [-70.5904025393783, -33.42611016481229], [-70.59040368965275, -33.42617322747964], [-70.58995884185651, -33.42652585759218], [-70.58980845037132, -33.42652778571243], [-70.5893168041865, -33.42637639410108], [-70.58886505573433, -33.426350644200994], [-70.58837283763874, -33.426167717401825], [-70.58822244665527, -33.42616964358101], [-70.58807033277623, -33.4260769754695], [-70.58716569160865, -33.42596240204759], [-70.58648434354873, -33.425718810624765], [-70.58595740375038, -33.42569401195746], [-70.5854270241995, -33.42548002256537], [-70.58474912287383, -33.42542560986078], [-70.58391682290033, -33.425152394286215], [-70.58342748419226, -33.425127104531846], [-70.58270855505161, -33.42488397187354], [-70.58210585401552, -33.42482858483367], [-70.58112260689522, -33.42452573708435], [-70.58067086922792, -33.42449995696519], [-70.5803678059857, -33.4243776643145], [-70.57991492658371, -33.42428881840903], [-70.57991207006883, -33.42413116089012]]]}}, {"type": "Feature", "properties": {"codigo": "Uv2", "capa_cad": "UV2_255", "lamina": "uso_suelo"}, "geometry": {"type": "Polygon", "coordinates": [[[-70.58216601185134, -33.421926250286], [-70.5825282394668, -33.42116469793128], [-70.58259198684459, -33.42053310884303], [-70.58298836659277, -33.4195818866289], [-70.58313874659981, -33.41957996712805], [-70.58332958378152, -33.4197352248703], [-70.58385935038356, -33.41991769314127], [-70.58532957205225, -33.420119679874574], [-70.58530000116541, -33.42056160061675], [-70.58497826146572, -33.42148033708718], [-70.58441547032649, -33.42155060589557], [-70.5841933321178, -33.42174267625878], [-70.58416089128788, -33.422026939555934], [-70.58450498475291, -33.42233793138825], [-70.58522103124793, -33.422423397038955], [-70.5858265839576, -33.42263642649721], [-70.58646572039028, -33.422628252081694], [-70.58676247418735, -33.42240368430408], [-70.5867145511109, -33.42183659994047], [-70.58734277669251, -33.42122932444696], [-70.5875961879171, -33.42068992196709], [-70.58793512058142, -33.420717121539205], [-70.58798075403742, -33.421158079730226], [-70.58820977299523, -33.421344379566385], [-70.58911666532363, -33.42158507233408], [-70.58945387769553, -33.42151767351461], [-70.58971302421688, -33.421293580802796], [-70.58974717107728, -33.42110391067187], [-70.59012370132176, -33.42113062226604], [-70.59061014287103, -33.42099822943054], [-70.59106646590804, -33.42127622458953], [-70.59182067963457, -33.421392701217414], [-70.59230884693343, -33.4213548957495], [-70.59283921661684, -33.42156885608111], [-70.59355295820143, -33.42152814832001], [-70.59415852324797, -33.42174113669494], [-70.59490928433361, -33.421668406542736], [-70.5951001464414, -33.42182364536206], [-70.59536447033275, -33.42188332278161], [-70.59585090720867, -33.42175090951111], [-70.59585379227362, -33.42190856587084], [-70.59385243453387, -33.42351123835574], [-70.59347935046766, -33.423673726230966], [-70.59266489553136, -33.42437804013278], [-70.5917602674593, -33.42426349986386], [-70.59107892109975, -33.42401993361447], [-70.5905519911043, -33.42399515420419], [-70.58964392028264, -33.42369141016814], [-70.58911699242853, -33.42366662458689], [-70.58843565757913, -33.423423043432436], [-70.58779536766356, -33.423368165393555], [-70.58541474472707, -33.422736308353905], [-70.58488782310606, -33.42271150458893], [-70.58397921110551, -33.42237618657932], [-70.5834904605626, -33.42238242806081], [-70.58277155421648, -33.42213929500334], [-70.58216887220128, -33.42208390768927], [-70.58216601185134, -33.421926250286]]]}}, {"type": "Feature", "properties": {"codigo": "Uv2", "capa_cad": "UV2_255", "lamina": "uso_suelo"}, "geometry": {"type": "Polygon", "coordinates": [[[-70.59134881888355, -33.4202633625647], [-70.59134076405883, -33.419821923660805], [-70.59141365251143, -33.419694833462], [-70.59137203019597, -33.41947459639837], [-70.5913998440832, -33.41893808098945], [-70.59154677001439, -33.41874696320514], [-70.59157745973077, -33.41836810451336], [-70.59191062901546, -33.4180799799348], [-70.59194649665288, -33.417984903338], [-70.59194246805437, -33.41776418387323], [-70.59205179692707, -33.4175735480842], [-70.59204776812497, -33.417352828616075], [-70.59212065361703, -33.417225738044536], [-70.59218663192127, -33.41672027119489], [-70.59233700632441, -33.416718340689016], [-70.59275283898651, -33.416839156239774], [-70.59309118174123, -33.4168348107876], [-70.59358335543537, -33.41701772038607], [-70.59411024349825, -33.41704248816329], [-70.59464001412567, -33.417224910264814], [-70.59512930977722, -33.41725015701289], [-70.59547053761364, -33.41740346153623], [-70.5958476297666, -33.41746168748071], [-70.59618597442515, -33.417457333516914], [-70.5967915166688, -33.41767030981439], [-70.5973941743541, -33.41772562671625], [-70.59818884682979, -33.417999237426464], [-70.59845258298255, -33.41802737732701], [-70.59871747521508, -33.418118579155156], [-70.59872036506303, -33.41827623538663], [-70.59853875128344, -33.418625501987556], [-70.59836060324812, -33.419163955831216], [-70.59832994294223, -33.41954281528875], [-70.59799621246856, -33.41979942533849], [-70.59780881601851, -33.41983337846516], [-70.59717894283648, -33.42034611088609], [-70.59699039006567, -33.420317000295015], [-70.59622348378811, -33.41950686694834], [-70.5957660007574, -33.41916582833274], [-70.59550168494432, -33.419106151507876], [-70.59523967639754, -33.41917259928915], [-70.5950545867081, -33.41933267343371], [-70.59464046869986, -33.419306460007235], [-70.59437845882451, -33.41937290600384], [-70.59411933020615, -33.41959700800979], [-70.59408404070274, -33.41972361647074], [-70.59389894769183, -33.419883688974025], [-70.59386365776724, -33.420010297379534], [-70.593604525955, -33.42023439838272], [-70.5934969258382, -33.42051962940566], [-70.59349980651409, -33.42067728597761], [-70.5933118300841, -33.42067970109464], [-70.59308337840943, -33.42052494225572], [-70.59244368369025, -33.42050161898277], [-70.592177063152, -33.420315809797145], [-70.59198851179679, -33.42028669154781], [-70.59153794543539, -33.420324013140736], [-70.59134881888355, -33.4202633625647]]]}}, {"type": "Feature", "properties": {"codigo": "Uv2", "capa_cad": "UV2_255", "lamina": "uso_suelo"}, "geometry": {"type": "Polygon", "coordinates": [[[-70.5856628628642, -33.41569999027512], [-70.58581323598538, -33.41569806772843], [-70.58630538911032, -33.41588100688845], [-70.58653152269899, -33.41590965326327], [-70.58679352895501, -33.415843223943504], [-70.58701564675613, -33.41565114935798], [-70.5871660196945, -33.41564922517406], [-70.58750665420388, -33.41577102081882], [-70.58810929471959, -33.415826383428254], [-70.58852569205136, -33.415978744887276], [-70.5892416890289, -33.416064188827484], [-70.58947012216247, -33.41621895539916], [-70.5896586639845, -33.41624807778156], [-70.58969568276378, -33.416216064549246], [-70.58995883675792, -33.41621269137297], [-70.5901479535277, -33.41627334439574], [-70.59019474458418, -33.41677736458393], [-70.59042375620115, -33.41696366065755], [-70.59065046867708, -33.41702383077006], [-70.5906556439639, -33.4173076131498], [-70.59061862510255, -33.41733962666659], [-70.5906255254456, -33.41771800315643], [-70.59051676823293, -33.41794016915492], [-70.59056068758922, -33.418286532129954], [-70.59045077958561, -33.41844563533393], [-70.59045710449308, -33.41879248041695], [-70.59038306537747, -33.41885650734835], [-70.59038421532156, -33.41891957009014], [-70.59012507738402, -33.41914366402787], [-70.59009495609219, -33.41955405388124], [-70.58998677026273, -33.41980775083106], [-70.58972360542785, -33.41981112438542], [-70.58953448114933, -33.419750470966775], [-70.58949343818611, -33.41956176451589], [-70.58926442142743, -33.419375466942], [-70.58888675005787, -33.41928568971605], [-70.5886241610023, -33.41932059228629], [-70.58836444298173, -33.419513151301764], [-70.58813887370994, -33.419516039981644], [-70.58753391176795, -33.41933455265329], [-70.58727189576229, -33.4194009837945], [-70.58682075752739, -33.41940675675409], [-70.5865154099658, -33.419158353058315], [-70.58625109967875, -33.41909865632527], [-70.5859520618902, -33.41919709695402], [-70.58580168274806, -33.419199019845856], [-70.58561256229247, -33.41913836031949], [-70.58542172254366, -33.418983106158024], [-70.5849306993432, -33.418863226949334], [-70.58473986138726, -33.41870797167821], [-70.58439921877864, -33.4185861687122], [-70.58439635477737, -33.41842851139011], [-70.5846133285546, -33.41795265765753], [-70.58472439264969, -33.417856622245885], [-70.58483201886312, -33.41757139796828], [-70.58490606114226, -33.41750737425082], [-70.58493907143851, -33.41725464214293], [-70.5853018298792, -33.41652461388021], [-70.5853354118621, -33.41630341313457], [-70.58548292033053, -33.41614383365707], [-70.5856628628642, -33.41569999027512]]]}}, {"type": "Feature", "properties": {"codigo": "Uv2", "capa_cad": "UV2_255", "lamina": "uso_suelo"}, "geometry": {"type": "Polygon", "coordinates": [[[-70.56688069462851, -33.412564026719735], [-70.56592343700025, -33.415793084687955], [-70.56623494386136, -33.416388390554715], [-70.57459042681671, -33.418900320341095], [-70.5744890268689, -33.41953238442129], [-70.57494700135325, -33.41990503551547], [-70.57606859162854, -33.4195438603697], [-70.57815064973528, -33.422387415833235], [-70.57879892054419, -33.4228837854816], [-70.57768756888909, -33.4238125538088], [-70.57696296316165, -33.42325407150142], [-70.5746900968789, -33.42025522481987], [-70.56674971867872, -33.41783267806176], [-70.5654681080284, -33.41765962786571], [-70.56517301042291, -33.41797874124978], [-70.56518489326531, -33.41864090814995], [-70.5654531513055, -33.41892137251013], [-70.56628477200017, -33.41916318398765], [-70.56672550735806, -33.42067148350324], [-70.56552300837296, -33.42071820741202], [-70.56519030513266, -33.42103779555294], [-70.56520113793971, -33.42583156765353], [-70.56484100277991, -33.4267192006935], [-70.5658169821782, -33.43080693114801], [-70.56427367778905, -33.43073179278347], [-70.5635420213221, -33.42768175127879], [-70.56334498093587, -33.427179613623586], [-70.56284998147471, -33.42683892535647], [-70.56252320064395, -33.425392254876506], [-70.5629664623388, -33.42494512480637], [-70.56350894298973, -33.42373980919637], [-70.56351149754822, -33.41758969209347], [-70.5630182485985, -33.41734359780503], [-70.5559690487069, -33.418473018430284], [-70.55568507431015, -33.417309639332686], [-70.56213211784399, -33.41615628274943], [-70.56363530806755, -33.416105802281564], [-70.56389337701488, -33.41581869829804], [-70.56368562467715, -33.41471745542435], [-70.56462036569827, -33.414421817254606], [-70.56525856861987, -33.41226911831761], [-70.56688069462851, -33.412564026719735]], [[-70.56397877151757, -33.42477466795519], [-70.56394173947297, -33.4248066738485], [-70.5637913490662, -33.42480857033882], [-70.56375431693658, -33.42484057617841], [-70.56371671931824, -33.42484105026169], [-70.56345749354908, -33.42506509077095], [-70.56345862429528, -33.42512815426807], [-70.56342159190847, -33.42516016001418], [-70.56342498409197, -33.425349350503836], [-70.56346314731526, -33.42538040824977], [-70.56346427807905, -33.42544347174351], [-70.56350244135844, -33.42547452947529], [-70.56350300675612, -33.42550606122117], [-70.56373198708968, -33.42569240734101], [-70.56376958507475, -33.4256919332425], [-70.56380774857148, -33.42572299087277], [-70.56395814055381, -33.42572109431699], [-70.5639963041285, -33.42575215188676], [-70.5640333365397, -33.42572014597076], [-70.56418372850091, -33.42571824914161], [-70.5642207608271, -33.425686243171874], [-70.56425835880073, -33.42568576892529], [-70.56448055210059, -33.42549373282287], [-70.5644794205998, -33.425430669360296], [-70.56451645269597, -33.425398663307504], [-70.5645113608717, -33.42511487772107], [-70.56447319740846, -33.425083820304], [-70.56447206593057, -33.42502075683701], [-70.56424308589507, -33.424834412059305], [-70.56420548828817, -33.424834886290654], [-70.5641673250567, -33.42480382877133], [-70.56401693467107, -33.424805725535], [-70.56397877151757, -33.42477466795519]]]}}, {"type": "Feature", "properties": {"codigo": "Uv2", "capa_cad": "UV2_255", "lamina": "uso_suelo"}, "geometry": {"type": "Polygon", "coordinates": [[[-70.56727438292661, -33.411455190804325], [-70.56746177532055, -33.41142128396074], [-70.56775740975769, -33.41113369744999], [-70.5684659819353, -33.41080935045668], [-70.56876217794903, -33.410553293424215], [-70.56875367337878, -33.410080317267635], [-70.56905440269068, -33.41007651354537], [-70.57393039075028, -33.41149706611391], [-70.57465260041056, -33.41192944401004], [-70.57533210061557, -33.41207851020002], [-70.5757450420323, -33.41204172606459], [-70.57597344141749, -33.41219651861025], [-70.57786387356059, -33.41277172299229], [-70.57839073424985, -33.41279655846851], [-70.58012968216268, -33.41331057770684], [-70.58126545417961, -33.41373764689716], [-70.58149386750542, -33.41389242881549], [-70.58206061537507, -33.414042895233564], [-70.58236536020901, -33.41425977948119], [-70.58289394688539, -33.41437919004907], [-70.58289623556112, -33.41450531608124], [-70.58257048544908, -33.4152033267061], [-70.58230733355661, -33.41520668412118], [-70.5810599015244, -33.414844126025166], [-70.57976917616146, -33.41416671831203], [-70.57818229437662, -33.41374537608387], [-70.57783996887903, -33.41352895940182], [-70.57557245847806, -33.412895467736355], [-70.57538165008573, -33.4127401970461], [-70.57232019866213, -33.41186441535776], [-70.57190214290806, -33.411617402907574], [-70.57114633224823, -33.41140620657891], [-70.57031931473324, -33.41141667937217], [-70.56961301429457, -33.41186716376101], [-70.56931284609783, -33.41190250074383], [-70.56885380420904, -33.411466762973646], [-70.56855193623467, -33.4114075028664], [-70.56791684332741, -33.41163630485265], [-70.5676212077968, -33.41192389175538], [-70.56713534405957, -33.412087725887595], [-70.56727438292661, -33.411455190804325]]]}}, {"type": "Feature", "properties": {"codigo": "Uv2", "capa_cad": "UV2_255", "lamina": "uso_suelo"}, "geometry": {"type": "Polygon", "coordinates": [[[-70.60123326785823, -33.409728368350756], [-70.60190356810911, -33.41142280411204], [-70.60190646297976, -33.41158046026816], [-70.60168554689335, -33.41183562283285], [-70.60169133596, -33.4121509351535], [-70.60184633354328, -33.41240124318596], [-70.60192788572296, -33.41274711569182], [-70.60200422722066, -33.412809207105745], [-70.60208693862546, -33.41321814189556], [-70.60047222106398, -33.413333604143645], [-70.59893441631603, -33.413542670100696], [-70.59716989540156, -33.413691559275705], [-70.59649554381677, -33.413826395997916], [-70.59596925185396, -33.41383316909874], [-70.59574254450578, -33.41377300854423], [-70.59540421406118, -33.41377736087704], [-70.59517693061468, -33.41368566794938], [-70.59476283947583, -33.413659454114395], [-70.5943470196609, -33.41353864487798], [-70.59400868989485, -33.41354299337832], [-70.593592295568, -33.413390650213714], [-70.59306542966735, -33.41336587956346], [-70.59280055748354, -33.41327466499007], [-70.59264673505275, -33.41308740769187], [-70.5926756920276, -33.41261395449331], [-70.59278328619497, -33.412328724042474], [-70.59342522460412, -33.41247817279492], [-70.59383930990535, -33.41250439127987], [-70.59417994049454, -33.41262616873951], [-70.59500926595568, -33.412741661884795], [-70.59782865118328, -33.412705374231976], [-70.59917733019641, -33.41243568327029], [-70.59947401639376, -33.412211086714436], [-70.59953705873596, -33.411547960601986], [-70.5999875752615, -33.41151061133974], [-70.60028425624415, -33.41128601296878], [-70.60031664181693, -33.41100174665722], [-70.60012406031488, -33.410751921392155], [-70.60000377017509, -33.41034346968991], [-70.60034092977992, -33.41027604268514], [-70.60071162987786, -33.40998741088167], [-70.60074401374997, -33.40970314445705], [-70.6006665189583, -33.40957798960976], [-70.60062198700251, -33.40920009954566], [-70.60081051655986, -33.40922920534349], [-70.60123326785823, -33.409728368350756]]]}}, {"type": "Feature", "properties": {"codigo": "Uv2", "capa_cad": "UV2_255", "lamina": "uso_suelo"}, "geometry": {"type": "Polygon", "coordinates": [[[-70.54766992403165, -33.391547879650396], [-70.54832462002096, -33.39030968553068], [-70.54888948397661, -33.39036571374715], [-70.55403893321409, -33.3924459832921], [-70.55717638600031, -33.39341589665836], [-70.55744285052101, -33.393601786441984], [-70.56024042722807, -33.39448126966643], [-70.56205802839924, -33.39521533570217], [-70.56667110735644, -33.39670258048568], [-70.5664950633203, -33.397367122210284], [-70.56676325720628, -33.39764758644682], [-70.56729002518253, -33.39767247190201], [-70.5679614726672, -33.39738013688753], [-70.5681567654498, -33.397787675270465], [-70.56718859037714, -33.39830453292072], [-70.56565773929057, -33.39889156339903], [-70.56534686920935, -33.39832778438593], [-70.56447503998398, -33.39792877460267], [-70.56487096195094, -33.39694607231905], [-70.56482828900484, -33.39666275954641], [-70.5645612346356, -33.39644535456934], [-70.56301232932496, -33.396023331537016], [-70.56111896983562, -33.39525869423305], [-70.5596458335778, -33.39486721408207], [-70.55922789537036, -33.39462015484315], [-70.55654363867616, -33.393770766144634], [-70.55613302090855, -33.3939336122427], [-70.55537852296784, -33.393785377735874], [-70.55492863345566, -33.39385409497232], [-70.55467059622684, -33.39414118025306], [-70.55486975126554, -33.394769466007084], [-70.55419490843107, -33.39487253871108], [-70.55407990843402, -33.3947478229466], [-70.55418255827233, -33.39417883375629], [-70.55387683034942, -33.39389881140162], [-70.55370629017844, -33.392765540122824], [-70.55343815273899, -33.392485045789435], [-70.55241834185554, -33.39221395807694], [-70.5509408112179, -33.391570114940144], [-70.54889899337492, -33.390901760167615], [-70.5484485533449, -33.39093892150451], [-70.54815235993453, -33.391194930602], [-70.54775347597149, -33.392019924325666], [-70.54752909117862, -33.392085801437545], [-70.54766992403165, -33.391547879650396]]]}}, {"type": "Feature", "properties": {"codigo": "Uv2", "capa_cad": "UV2_255", "lamina": "uso_suelo"}, "geometry": {"type": "Polygon", "coordinates": [[[-70.48338531947529, -33.389210674062596], [-70.48339496211224, -33.389778269961056], [-70.48245536377065, -33.38978949933463], [-70.48241831518355, -33.38982148147946], [-70.4817042198221, -33.389830010842104], [-70.4816661007612, -33.38979892651369], [-70.4816285167992, -33.38979937530184], [-70.48161888563456, -33.38923177895095], [-70.48165646935247, -33.38923133017242], [-70.48169351798563, -33.38919934825138], [-70.48255794293641, -33.38918902295608], [-70.48259606202927, -33.38922010701199], [-70.48338531947529, -33.389210674062596]]]}}, {"type": "Feature", "properties": {"codigo": "UC3", "capa_cad": "UC1", "lamina": "uso_suelo", "espaciado_trama_pt": 10.92}, "geometry": {"type": "Polygon", "coordinates": [[[-70.55365340392176, -33.42357981939306], [-70.55365565111326, -33.423705947006], [-70.55369381023618, -33.42373700788853], [-70.55369830477682, -33.42398926310046], [-70.55373646404256, -33.42402032396446], [-70.55373983507151, -33.42420951536194], [-70.55377799445117, -33.424240576208895], [-70.55378136559835, -33.42442976759592], [-70.55381952509191, -33.424460828425815], [-70.55382402011946, -33.42471308359321], [-70.55386217975584, -33.424744144404585], [-70.55386611305208, -33.424964867662084], [-70.55390427281682, -33.42499592845567], [-70.55390989203039, -33.4253112473733], [-70.55368430403155, -33.42531407383403], [-70.55364614419848, -33.425283012976024], [-70.55334536025273, -33.42528678085687], [-70.55330720054849, -33.42525571989058], [-70.55315680860546, -33.42525760350983], [-70.55311864897922, -33.42522654248306], [-70.5528178651529, -33.425230309079225], [-70.5527797056555, -33.42519924794416], [-70.55277689809269, -33.425041588400006], [-70.5528139344699, -33.42500958572132], [-70.55281337294726, -33.42497805381238], [-70.55285040928459, -33.42494605112364], [-70.5528498477501, -33.42491451921492], [-70.55288688404757, -33.42488251651615], [-70.55288632250125, -33.42485098460764], [-70.55292335875883, -33.42481898189883], [-70.55292279720068, -33.42478744999055], [-70.5529598334184, -33.42475544727168], [-70.55295927184842, -33.42472391536363], [-70.55299630802625, -33.42469191263471], [-70.55299574644444, -33.42466038072688], [-70.5530327825824, -33.424628377987915], [-70.55303165939598, -33.424565314172526], [-70.55306869548137, -33.4245333114239], [-70.55306813387675, -33.42450177951635], [-70.55310516992226, -33.42446977675768], [-70.55310460830583, -33.42443824485034], [-70.55314164431147, -33.42440624208164], [-70.5531405210558, -33.424343178267236], [-70.55317755700885, -33.42431117548888], [-70.55317699536961, -33.42427964358183], [-70.5532140312828, -33.4242476407934], [-70.55321290798153, -33.424184576979584], [-70.55324994384216, -33.42415257418151], [-70.55324938218013, -33.42412104227473], [-70.55328641800087, -33.42408903946662], [-70.553285856327, -33.42405750756006], [-70.55332289210787, -33.42402550474189], [-70.55332176873736, -33.42396244092905], [-70.55335880446565, -33.42393043810125], [-70.55335768107321, -33.42386737428851], [-70.55339471674893, -33.42383537145105], [-70.55339415504132, -33.423803839544824], [-70.55343119067714, -33.42377183669731], [-70.5534306289577, -33.42374030479131], [-70.55346766455368, -33.42370830193374], [-70.55346710282241, -33.42367677002797], [-70.55350413837849, -33.423644767160354], [-70.55350301489317, -33.42358170334907], [-70.55365340392176, -33.42357981939306]]]}}, {"type": "Feature", "properties": {"codigo": "UC1", "capa_cad": "UC1", "lamina": "uso_suelo", "espaciado_trama_pt": 5.31}, "geometry": {"type": "Polygon", "coordinates": [[[-70.55323971863177, -33.415132558922394], [-70.55340525450089, -33.415982038306296], [-70.55321784603994, -33.41601592432524], [-70.55299565039661, -33.41620794054586], [-70.55296423162518, -33.41655526271763], [-70.55304278866743, -33.416743512950994], [-70.5533474739904, -33.416960470246806], [-70.55353600763277, -33.416989647857825], [-70.55379804511732, -33.41692328744631], [-70.55406120578398, -33.41691999035493], [-70.55417511260029, -33.41698164100398], [-70.55447642974491, -33.417009403858856], [-70.5545157100591, -33.41710352844492], [-70.55482040019278, -33.417320481966996], [-70.55500893501929, -33.41734965730004], [-70.55545950719373, -33.417312468426715], [-70.55554650562316, -33.41797369545663], [-70.55566491409618, -33.41828759986926], [-70.55567053824447, -33.418602918864444], [-70.55473347152198, -33.41877236390378], [-70.55447030535176, -33.41877566258184], [-70.55372121037053, -33.4189427439346], [-70.55330822407875, -33.41897945590202], [-70.55315896599639, -33.41904440308024], [-70.55293676277567, -33.41923641933149], [-70.55290197454504, -33.419394549749356], [-70.55263880626897, -33.419397844596034], [-70.55226116790489, -33.4193079547142], [-70.55203559525476, -33.41931077773103], [-70.55188353027606, -33.41921806365848], [-70.55169499223463, -33.419188883668035], [-70.55139591168616, -33.4192872420933], [-70.55120793444738, -33.4192895933234], [-70.5509038065624, -33.41910416289749], [-70.55093243052036, -33.418599181276186], [-70.55089315328753, -33.41850505548468], [-70.55066421892933, -33.41831868410708], [-70.54998526661595, -33.418201015054414], [-70.54930743620672, -33.41814640622181], [-70.54930351546069, -33.41792568224414], [-70.54945165441376, -33.41779767567679], [-70.54951900163307, -33.41735528837763], [-70.55166694358913, -33.417612285695476], [-70.5519289845098, -33.41754592914523], [-70.5521511858688, -33.41735391470981], [-70.55237563104448, -33.417288027718925], [-70.55270893024101, -33.41700000478379], [-70.55274484069633, -33.4169049382813], [-70.55273754353733, -33.41649502290215], [-70.55261802565899, -33.41611805131807], [-70.55244969118797, -33.41511091086586], [-70.55323971863177, -33.415132558922394]], [[-70.55346868108886, -33.417432036767615], [-70.55343108647929, -33.41743250764161], [-70.55339293029803, -33.417401446565385], [-70.55331774110171, -33.41740238825532], [-70.553279584973, -33.417371327142526], [-70.55312920662068, -33.41737321033796], [-70.55309105056993, -33.4173421491647], [-70.55305345599238, -33.417342619923154], [-70.55301642284725, -33.417374622614986], [-70.55286604447048, -33.417376505491596], [-70.55282901124039, -33.41740850812969], [-70.55275382201785, -33.41740944947802], [-70.55271678873173, -33.41744145208403], [-70.5526791941047, -33.41744192273028], [-70.55245699373091, -33.417633938082204], [-70.55245755496844, -33.41766547003387], [-70.55242052146505, -33.417697472556384], [-70.55242108269076, -33.41772900450827], [-70.55238404914752, -33.417761007020744], [-70.5523851715761, -33.41782407092479], [-70.5523481379803, -33.41785607342761], [-70.55235318883788, -33.41813986099095], [-70.55239134499584, -33.41817092238492], [-70.55239246744715, -33.41823398628457], [-70.55262140513857, -33.41842035437349], [-70.55265900018826, -33.41841988373264], [-70.55269715657792, -33.41845094502447], [-70.55273475163945, -33.41845047436028], [-70.55277290806896, -33.418481535627485], [-70.55292328835715, -33.418479652809076], [-70.55296144486465, -33.41851071401582], [-70.55307423010973, -33.418509301746596], [-70.55311126369773, -33.418477299029846], [-70.55326164395446, -33.41847541580149], [-70.55329867745749, -33.418443413030985], [-70.55344905764242, -33.41844152957712], [-70.55348609106049, -33.4184095267529], [-70.5535236860901, -33.41840905585014], [-70.55378291915504, -33.41818503571248], [-70.5537817957007, -33.41812197185397], [-70.55381882886167, -33.4180899689362], [-70.55381545844341, -33.41790077735895], [-70.55377730191832, -33.417869716413136], [-70.55377561676436, -33.41777512062005], [-70.55373746030978, -33.417744059659384], [-70.55373633690708, -33.41768099579502], [-70.55369818050858, -33.41764993482021], [-70.55369761882298, -33.41761840288705], [-70.55346868108886, -33.417432036767615]]]}}, {"type": "Feature", "properties": {"codigo": "UC3", "capa_cad": "UC1", "lamina": "uso_suelo", "espaciado_trama_pt": 6.0}, "geometry": {"type": "Polygon", "coordinates": [[[-70.54106044105272, -33.41108978528484], [-70.54117711650544, -33.41130910917779], [-70.54049293152084, -33.4130207181741], [-70.53936093523401, -33.414927116340294], [-70.53774314804419, -33.419141879827535], [-70.53765593394559, -33.4205937575872], [-70.53796059636943, -33.42081075327533], [-70.53897736654993, -33.42089275755272], [-70.53896814875436, -33.42250136282216], [-70.5398384485225, -33.422805950358544], [-70.53981811170193, -33.423783912621886], [-70.5383860650015, -33.42361245081117], [-70.53786581635957, -33.42396583259729], [-70.53836872463812, -33.4268927243765], [-70.52983263304323, -33.42693524368442], [-70.52980386494657, -33.425295566950986], [-70.5292714038471, -33.42495520425491], [-70.52656487747318, -33.42502008900448], [-70.52623201139173, -33.425339576938796], [-70.526260712383, -33.42697925639625], [-70.52355411833528, -33.4270440772457], [-70.52435925155362, -33.4257726190636], [-70.52609879695335, -33.424174269716104], [-70.52662406478632, -33.42410472665201], [-70.52766796878646, -33.42358724645589], [-70.52978559215114, -33.422110345161606], [-70.52967498200712, -33.41580388864067], [-70.53272178203396, -33.415860892454994], [-70.53348198303638, -33.41632458233992], [-70.53400775122076, -33.41628654166045], [-70.53430462435554, -33.41606209594616], [-70.5343289071993, -33.41530485733483], [-70.53565993588799, -33.411882162595944], [-70.53663789687862, -33.41190159017545], [-70.53689715609718, -33.41167760442392], [-70.53740177916974, -33.41044132612471], [-70.53735918664671, -33.410158002119395], [-70.53652550386177, -33.40978986262208], [-70.53655976353011, -33.40960020359203], [-70.539280815894, -33.410386483455454], [-70.54022951795761, -33.410879332270056], [-70.54106044105272, -33.41108978528484]], [[-70.53576192103986, -33.415539434773045], [-70.53572432693151, -33.415539900257976], [-70.53568617769099, -33.41550883351943], [-70.53553580129983, -33.41551069529752], [-70.5354976521373, -33.415479628498574], [-70.53530968169247, -33.41548195540529], [-70.53527264258204, -33.415513952970805], [-70.53512226615287, -33.41551581424789], [-70.5350852269575, -33.415547811759645], [-70.53504763283361, -33.41554827703962], [-70.5348253970046, -33.415740261825725], [-70.53482650665568, -33.41580332627284], [-70.53478946723035, -33.415835323701394], [-70.53479279612803, -33.41602451704099], [-70.53483094529449, -33.41605558405453], [-70.53483205496285, -33.41611864849826], [-70.5350609507052, -33.41630505030494], [-70.53509854515494, -33.41630458501167], [-70.5351366945531, -33.41633565192319], [-70.53528707239428, -33.41633379058849], [-70.53532522187045, -33.41636485743959], [-70.53551319421605, -33.41636253045531], [-70.53555023358311, -33.416330532814385], [-70.53570061138626, -33.41632867097867], [-70.5357376506684, -33.41629667328396], [-70.53577524510258, -33.416296207785734], [-70.53599748013846, -33.41610422133313], [-70.53599636962832, -33.41604115692375], [-70.53603340868051, -33.41600915914586], [-70.5360300770946, -33.41581996591596], [-70.53599192762239, -33.415788899279455], [-70.53599081712954, -33.415725834866684], [-70.53576192103986, -33.415539434773045]]]}}, {"type": "Feature", "properties": {"codigo": "UC1", "capa_cad": "UC1", "lamina": "uso_suelo", "espaciado_trama_pt": 4.8}, "geometry": {"type": "Polygon", "coordinates": [[[-70.56043791580483, -33.40763055216938], [-70.56015298040123, -33.40851722754476], [-70.55973891953681, -33.40849089570624], [-70.55928952227043, -33.40859116259758], [-70.55883561711198, -33.40843917267106], [-70.55778701966473, -33.40867311867769], [-70.55725849783978, -33.40855359897373], [-70.55665929651907, -33.40868727594288], [-70.55616949146905, -33.40863034369268], [-70.55231334566699, -33.40956175290251], [-70.55227070546424, -33.40927843536241], [-70.55189030742147, -33.4090308829245], [-70.54639306775145, -33.408594911640726], [-70.5457927300687, -33.40866547240299], [-70.54509078608417, -33.40936807713782], [-70.54457009016222, -33.40968995251115], [-70.54438213299154, -33.40969229280757], [-70.5441532359593, -33.40950590808844], [-70.54415100371084, -33.409379779618966], [-70.54471040711609, -33.409120502103846], [-70.54508017664699, -33.40876896713562], [-70.54540509197034, -33.4080079821003], [-70.54508649881826, -33.40700270067455], [-70.54436112198962, -33.406380952068126], [-70.54446775282055, -33.406032694645724], [-70.54469385014205, -33.40606141849714], [-70.54522792554644, -33.406496313899105], [-70.54561443806581, -33.40709074092693], [-70.5459190709549, -33.40730771830312], [-70.5478771258202, -33.40747253505851], [-70.54813913980483, -33.40740618720686], [-70.54858350895515, -33.4070221719448], [-70.54907162184395, -33.40698453840604], [-70.54979703631318, -33.40760625828995], [-70.55130289570577, -33.407713591436305], [-70.55160922658507, -33.408025150388006], [-70.5518734823357, -33.40808492272845], [-70.55228473511792, -33.40795362093936], [-70.55292433548736, -33.407977154426476], [-70.55322113068172, -33.40775266535048], [-70.55325535324158, -33.40756300271671], [-70.5536284495864, -33.40740063528948], [-70.55392917183559, -33.40739686849402], [-70.55411993131892, -33.4075521737698], [-70.55442177748569, -33.407611469715114], [-70.55498226119877, -33.407415210939135], [-70.55652008648511, -33.40720668992794], [-70.55767862591388, -33.40681367932434], [-70.55790078782199, -33.40662165542345], [-70.55793274790744, -33.40630586406457], [-70.55746647541993, -33.405460166096276], [-70.55742269557558, -33.40511378669206], [-70.55768469446024, -33.4050474190635], [-70.55977464392834, -33.406282717777614], [-70.55952109643323, -33.40682206840144], [-70.55953124064027, -33.407389642588754], [-70.559835907813, -33.40760658473664], [-70.56043791580483, -33.40763055216938]]]}}, {"type": "Feature", "properties": {"codigo": "UC3", "capa_cad": "UC1", "lamina": "uso_suelo", "espaciado_trama_pt": 7.76}, "geometry": {"type": "Polygon", "coordinates": [[[-70.48346996962603, -33.39419290286779], [-70.48347961463556, -33.39476049828819], [-70.48344256439725, -33.394792480762064], [-70.48344310022631, -33.394824013839745], [-70.48171413901656, -33.394844673805345], [-70.48170289988437, -33.394182478622064], [-70.48343184799127, -33.39416181917312], [-70.48346996962603, -33.39419290286779]]]}}, {"type": "Feature", "properties": {"codigo": "UC2", "capa_cad": "UC2", "lamina": "uso_suelo"}, "geometry": {"type": "Polygon", "coordinates": [[[-70.57543802662285, -33.428351199956985], [-70.57558842229814, -33.42834928916844], [-70.57581743526235, -33.42853561191128], [-70.57585503425516, -33.42853513411391], [-70.5760077101588, -33.428659348974016], [-70.57612107731254, -33.428689446908784], [-70.57627375386116, -33.42881366141924], [-70.57631135296556, -33.42881318348006], [-70.57646402999968, -33.42893739773952], [-70.57650162915398, -33.4289369197411], [-70.57676824482606, -33.42912276259597], [-70.57676881509862, -33.429154294122526], [-70.57707474248335, -33.429434252745565], [-70.5771522228719, -33.42955942243021], [-70.57738181285391, -33.42977727357216], [-70.57745929400092, -33.429902443036354], [-70.57757380439818, -33.42999560259602], [-70.57757437498091, -33.43002713410587], [-70.57768888566613, -33.43012029354901], [-70.57768945629316, -33.43015182505649], [-70.57791961991447, -33.430401206601026], [-70.57799767315916, -33.43055790717878], [-70.57807401436027, -33.43062001319864], [-70.57811332658562, -33.43071412918601], [-70.57818966800765, -33.43077623512673], [-70.57830589294433, -33.43096398842493], [-70.578307034682, -33.43102705141234], [-70.57834520558767, -33.431058104321856], [-70.57834748913157, -33.431184230291684], [-70.57797148819317, -33.4311890156412], [-70.5779333173566, -33.43115796261504], [-70.5771437153635, -33.431168007889625], [-70.57710554482075, -33.43113695459954], [-70.5763159427028, -33.431146994598905], [-70.57627777245389, -33.43111594104495], [-70.57556337044173, -33.431125020297536], [-70.57552520046129, -33.43109396650362], [-70.57507399917786, -33.431099698505896], [-70.57499822927696, -33.43106912213659], [-70.57499310224559, -33.43078533823729], [-70.57503013254401, -33.43075332911691], [-70.57502671448681, -33.43056413984551], [-70.57506374468187, -33.430532130717104], [-70.57506089626177, -33.43037447298828], [-70.57509792636617, -33.430342463851446], [-70.57509507790473, -33.43018480612038], [-70.57513210791848, -33.43015279697511], [-70.57512868971784, -33.42996360769464], [-70.57516571962822, -33.42993159854135], [-70.5751628710886, -33.42977394080499], [-70.5751999009083, -33.429741931643264], [-70.57519705232735, -33.42958427390466], [-70.57523408205641, -33.42955226473452], [-70.57523123343414, -33.42939460699368], [-70.57526826307253, -33.42936259781511], [-70.57526484467888, -33.429173408522914], [-70.57530187421392, -33.42914139933631], [-70.57529902551347, -33.42898374159017], [-70.57533605495784, -33.42895173239514], [-70.57533263647036, -33.428762543096575], [-70.57536966581138, -33.428730533893514], [-70.57536681703273, -33.42857287614206], [-70.5754038462831, -33.428540866930575], [-70.57540099746313, -33.428383209176886], [-70.57543802662285, -33.428351199956985]]]}}, {"type": "Feature", "properties": {"codigo": "UC2", "capa_cad": "UC2", "lamina": "uso_suelo"}, "geometry": {"type": "Polygon", "coordinates": [[[-70.53901458566888, -33.42726317884332], [-70.53931537846857, -33.42725944551839], [-70.53935353426907, -33.42729051089944], [-70.5394663315928, -33.4272891106788], [-70.53961895521915, -33.42741337193293], [-70.53969471036343, -33.42744397039206], [-70.53984510703383, -33.427442102987214], [-70.5398832630991, -33.42747316819665], [-70.54003365980651, -33.42747130056175], [-70.54007181594982, -33.427502365710744], [-70.54033501024344, -33.42749909682747], [-70.54037316650295, -33.42753016188016], [-70.54056116246454, -33.427527826562056], [-70.5405993188148, -33.427558891542326], [-70.54082491401641, -33.42755608871299], [-70.54086307047014, -33.42758715360892], [-70.54108866571683, -33.4275843502978], [-70.54112682227404, -33.42761541510937], [-70.54135241756579, -33.427612611316476], [-70.54139057422648, -33.42764367604369], [-70.54161616956331, -33.42764087176901], [-70.54165432632747, -33.427671936411855], [-70.54214367400394, -33.42769739097565], [-70.54218183097504, -33.427728455449774], [-70.54236982720387, -33.427726117378235], [-70.54240798426572, -33.427757181779945], [-70.54255838128404, -33.42775531106987], [-70.54267229486882, -33.4278169720098], [-70.5428226919715, -33.42781510097632], [-70.54286084922931, -33.42784616523247], [-70.54293604780086, -33.42784522962348], [-70.54297308906028, -33.42781322976057], [-70.54323628393222, -33.42780995469443], [-70.5432744413299, -33.42784101881914], [-70.54350003697684, -33.427838211103634], [-70.54353819447799, -33.42786927514398], [-70.54354210211027, -33.42808999936893], [-70.54350506095322, -33.42812199939785], [-70.54350785208163, -33.428279659555415], [-70.54347081083384, -33.42831165957585], [-70.54347416014032, -33.42850085176167], [-70.54343711878904, -33.42853285177397], [-70.5434399098381, -33.428690511926135], [-70.54340286839607, -33.428722511929934], [-70.54340621760731, -33.42891170410927], [-70.54336973425403, -33.42897523613465], [-70.54314413565183, -33.42897804369706], [-70.54310597778468, -33.428946979550645], [-70.54291797898921, -33.42894931881296], [-70.5428798212128, -33.428918254594166], [-70.5426918224592, -33.428920593511926], [-70.54265366477354, -33.428889529220704], [-70.54242806631689, -33.428892335474394], [-70.5423899087347, -33.4288612710988], [-70.5421643103231, -33.42886407687069], [-70.54212615284439, -33.42883301241073], [-70.54193815420777, -33.42883535018095], [-70.54182423975455, -33.42877368859949], [-70.5416738409279, -33.42877555846946], [-70.54163568365787, -33.42874449385201], [-70.54118448724724, -33.42875010222488], [-70.541146330157, -33.42871903745135], [-70.54092073198113, -33.428721840950935], [-70.5408825749944, -33.428690776093056], [-70.54069457655424, -33.428693111969686], [-70.54065641965825, -33.428662047039396], [-70.54043082157777, -33.42866484964373], [-70.54039266478526, -33.42863378462909], [-70.54016706674987, -33.42863658675162], [-70.54012891006084, -33.4286055216526], [-70.53994091173776, -33.4286078563817], [-70.53990275513951, -33.42857679121028], [-70.53971475685836, -33.42857912559485], [-70.53967660035086, -33.42854806035102], [-70.53945100246118, -33.42855086116487], [-70.53941284605716, -33.428519795836685], [-70.5393000471388, -33.42852119605398], [-70.5392989337175, -33.42845813186888], [-70.53926077740772, -33.428427066490734], [-70.53925855063335, -33.42830093811562], [-70.53922039440853, -33.428269872721906], [-70.53921761103233, -33.428112212245594], [-70.53917945490694, -33.42808114683558], [-70.5391772282794, -33.427955018448614], [-70.539139072239, -33.427923953023026], [-70.5391368456831, -33.42779782463046], [-70.53909868972768, -33.42776675918931], [-70.53909590662458, -33.42760909869117], [-70.53905775076858, -33.42757803323373], [-70.53905552435951, -33.4274519048293], [-70.53901736858849, -33.42742083935627], [-70.53901458566888, -33.42726317884332]]]}}, {"type": "Feature", "properties": {"codigo": "UC2", "capa_cad": "UC2", "lamina": "uso_suelo"}, "geometry": {"type": "Polygon", "coordinates": [[[-70.53196739819295, -33.42429114833988], [-70.53215538791494, -33.42428882595945], [-70.53234614816198, -33.42444416437676], [-70.5323837461674, -33.42444369980679], [-70.5330704889091, -33.425002915272344], [-70.53307326084533, -33.42516057628288], [-70.53270282036235, -33.42548054571126], [-70.53255242657013, -33.42548240436031], [-70.53217090135206, -33.42517172804441], [-70.53213330302907, -33.42517219255876], [-70.5315991724659, -33.42473724342158], [-70.53159695708248, -33.42461111451778], [-70.53196739819295, -33.42429114833988]]]}}, {"type": "Feature", "properties": {"codigo": "UC2", "capa_cad": "UC2", "lamina": "uso_suelo"}, "geometry": {"type": "Polygon", "coordinates": [[[-70.56238018695208, -33.406912246731906], [-70.56438093114869, -33.40736011532776], [-70.56546368865563, -33.406936449247915], [-70.56630594815292, -33.40777736854415], [-70.56732031736554, -33.407733017083196], [-70.56774230760197, -33.40820076844429], [-70.56890534092751, -33.40805990817909], [-70.57846870906582, -33.41087169639779], [-70.5791071908717, -33.41083203082496], [-70.58324755533951, -33.41314466316508], [-70.58315366265046, -33.41418664243341], [-70.58346012772665, -33.41449811839323], [-70.58538996727202, -33.41516731939155], [-70.58613265463411, -33.414653203326225], [-70.58608416870361, -33.414054586329215], [-70.58536303320214, -33.4136853402905], [-70.58575878118815, -33.41270257854142], [-70.58749776630026, -33.41321649323452], [-70.58725125900976, -33.41413427284486], [-70.5875953308113, -33.41444525707557], [-70.59004517713191, -33.41476080146841], [-70.5910185637963, -33.41452754776249], [-70.5918519320314, -33.41486378119239], [-70.5924112191427, -33.41460429184344], [-70.59272710035997, -33.41337022454911], [-70.59581945951587, -33.41386663517363], [-70.60174976929392, -33.41328557391554], [-70.60215691054181, -33.412933389781074], [-70.60201460449706, -33.41132675392854], [-70.6007301296454, -33.40894639420917], [-70.60110255880889, -33.4087523551629], [-70.60194632785941, -33.40965608395497], [-70.6027699019908, -33.41150622870189], [-70.60509649141909, -33.411255372408334], [-70.6052175080327, -33.413745362342475], [-70.60434477129508, -33.41331511259845], [-70.60379132711311, -33.41388996643038], [-70.60466290709446, -33.4142571575924], [-70.60638707760036, -33.41600100423718], [-70.60460001267882, -33.416970297136636], [-70.60272439318385, -33.41721531966063], [-70.60130741265664, -33.41786439615962], [-70.59956941114743, -33.41946375809404], [-70.59737442613223, -33.4207535962467], [-70.59714250265718, -33.42040965756205], [-70.598365226167, -33.41941620580098], [-70.59864980034101, -33.41852945454152], [-70.59833864516972, -33.41796576832679], [-70.59267592443243, -33.416745527731436], [-70.59215421841996, -33.41700453597963], [-70.59180072376996, -33.418239084259916], [-70.59025533381694, -33.418038137800224], [-70.59087258059017, -33.416831749472756], [-70.59060022481802, -33.416330622574456], [-70.58686355291748, -33.415558479035276], [-70.58562297685718, -33.41557434504218], [-70.58525506722343, -33.41602059098746], [-70.58276245603378, -33.41542164875063], [-70.5830147361692, -33.41481919180002], [-70.58274243160068, -33.41431804596909], [-70.5801667033573, -33.41327856723854], [-70.57033874457184, -33.41040718852154], [-70.57051364610926, -33.409679579333165], [-70.57024540190817, -33.40939912516349], [-70.5676380343419, -33.40867517021739], [-70.56717788550556, -33.408176361732906], [-70.5656759672071, -33.408289944770864], [-70.56482439336565, -33.40902608612216], [-70.56483117969769, -33.40940446782692], [-70.56752392834953, -33.41069510340105], [-70.56905950638621, -33.41036029920312], [-70.5672008986538, -33.411550736042834], [-70.56691488878582, -33.41237436126688], [-70.56536851619923, -33.412110036174965], [-70.56546092334361, -33.41097346852661], [-70.56455137339798, -33.410574938182634], [-70.56305819042339, -33.40907989354264], [-70.56341149862935, -33.407813882803474], [-70.56238018695208, -33.406912246731906]]]}}, {"type": "Feature", "properties": {"codigo": "UC2", "capa_cad": "UC2", "lamina": "uso_suelo"}, "geometry": {"type": "Polygon", "coordinates": [[[-70.57976929561211, -33.40379043362638], [-70.579987974534, -33.403409182063314], [-70.58006200890304, -33.403345161346486], [-70.58031656041965, -33.40286883566508], [-70.58039059409741, -33.40280481476729], [-70.5806451423387, -33.40232848847066], [-70.5807191753252, -33.40226446739192], [-70.58071860420684, -33.40223293578865], [-70.58086895448521, -33.40223101991354], [-70.58109619364089, -33.402322740551675], [-70.58117251141407, -33.40238484559752], [-70.58166457929518, -33.4025678060518], [-70.58174089767996, -33.40262991072729], [-70.58348309102293, -33.40333307851892], [-70.58356055568792, -33.40345824511802], [-70.58356227220513, -33.40355283977859], [-70.58360043248045, -33.403583891501455], [-70.58360214904903, -33.40367848615829], [-70.58364030939487, -33.403709537866234], [-70.58364202601484, -33.40380413251933], [-70.5836801864312, -33.403835184212355], [-70.58368190310257, -33.4039297788617], [-70.58372006358942, -33.40396083053983], [-70.5837217803122, -33.40405542518541], [-70.58375994086957, -33.40408647684862], [-70.58376451895182, -33.404338729223525], [-70.5836904865797, -33.4044027520856], [-70.58354127713606, -33.40446773458733], [-70.5834661001695, -33.404468694223084], [-70.58342908383064, -33.40450070557445], [-70.58331631833076, -33.404502144910296], [-70.58327930192137, -33.40453415621883], [-70.5831665363701, -33.40453559541982], [-70.5831295198902, -33.404567606685525], [-70.58301675428756, -33.404569045751664], [-70.58297973773713, -33.40460105697452], [-70.5828669720831, -33.4046024959058], [-70.58282995546217, -33.404634507085824], [-70.58271718975675, -33.40463594588225], [-70.58268017306531, -33.40466795701944], [-70.5825674073085, -33.404669395681], [-70.58253039054657, -33.40470140677537], [-70.58241762473834, -33.40470284530207], [-70.5823806079059, -33.40473485635356], [-70.5822678420463, -33.40473629474541], [-70.58223082514336, -33.40476830575409], [-70.58211805923237, -33.404769744011084], [-70.58208104225889, -33.40480175497693], [-70.58178033300815, -33.404805589741656], [-70.58151435506709, -33.404651286670784], [-70.57977214966694, -33.40394809167372], [-70.57976929561211, -33.40379043362638]]]}}, {"type": "Feature", "properties": {"codigo": "UC2", "capa_cad": "UC2", "lamina": "uso_suelo"}, "geometry": {"type": "Polygon", "coordinates": [[[-70.56705727200351, -33.40146008906963], [-70.5673585381362, -33.40148782213053], [-70.57595806625044, -33.4051004661704], [-70.57712959023621, -33.40543250503095], [-70.57837344927128, -33.40560591789913], [-70.57867815496229, -33.40582281262767], [-70.57939177801778, -33.40578218987896], [-70.58529713900113, -33.410059219637255], [-70.58605583461794, -33.41042798649891], [-70.58591464142425, -33.41093441277135], [-70.58511949657151, -33.41062918856418], [-70.58020570326299, -33.40712799537062], [-70.57979221663363, -33.40713326205734], [-70.57949549450503, -33.407357812685426], [-70.57836614510428, -33.40935913637643], [-70.57817819167789, -33.40936152784948], [-70.57771626988388, -33.408768165553965], [-70.57710684340628, -33.40833437123149], [-70.5740740216294, -33.40695364365404], [-70.5738445021193, -33.40673578361356], [-70.57339228929848, -33.406678442452815], [-70.57195309033217, -33.40609744937995], [-70.56889077190837, -33.40515851079135], [-70.56578357307468, -33.40381005531016], [-70.56578017854834, -33.40362086437625], [-70.56705727200351, -33.40146008906963]]]}}, {"type": "Feature", "properties": {"codigo": "UC2", "capa_cad": "UC2", "lamina": "uso_suelo"}, "geometry": {"type": "Polygon", "coordinates": [[[-70.57500133110642, -33.40000331313064], [-70.57412654730726, -33.40152828446053], [-70.5739761977504, -33.401530192130814], [-70.57337025180753, -33.40128556723761], [-70.5732939403822, -33.401223457188884], [-70.57242318383811, -33.4008875688293], [-70.5719698663542, -33.40076715803233], [-70.57185710505408, -33.400768586813655], [-70.57181895008078, -33.40073753130525], [-70.57110252479019, -33.4006204506192], [-70.57095104146906, -33.40055929105984], [-70.57068736479583, -33.40053109078085], [-70.57034567757913, -33.400346182674845], [-70.56996924087278, -33.4003194081323], [-70.56955238220438, -33.40013544907049], [-70.56943792059707, -33.40004228027476], [-70.5692106988472, -33.399950537710694], [-70.56909623784242, -33.399857368579205], [-70.56898291073429, -33.39982726292143], [-70.56871696982728, -33.39967293117894], [-70.5687141361995, -33.39951527218406], [-70.56900632674022, -33.39903849267253], [-70.56900519310473, -33.3989754290774], [-70.56915553862088, -33.398973527558034], [-70.56987535096245, -33.399279810693486], [-70.56995052395298, -33.39927885942181], [-70.57010257158468, -33.39937155208004], [-70.570177744646, -33.399370600668426], [-70.57036737923792, -33.39946281726496], [-70.57059346601957, -33.39949149417661], [-70.57063048517873, -33.399459486555706], [-70.57085543702689, -33.399425099450916], [-70.5710775508159, -33.3992330531199], [-70.57201266864624, -33.3989688958512], [-70.57223648262364, -33.39887144279143], [-70.57249958654602, -33.39886810817106], [-70.57340847769784, -33.399235051723046], [-70.57348365052223, -33.399234098312164], [-70.5738247710093, -33.399387466015284], [-70.57389994394987, -33.39938651234839], [-70.57405199576786, -33.399479200035024], [-70.5741271687792, -33.399478246228185], [-70.574619775266, -33.39969276734161], [-70.57469494844071, -33.399691813185456], [-70.57499791709438, -33.39981412291769], [-70.57500133110642, -33.40000331313064]]]}}, {"type": "Feature", "properties": {"codigo": "UC2", "capa_cad": "UC2", "lamina": "uso_suelo"}, "geometry": {"type": "Polygon", "coordinates": [[[-70.48348872405946, -33.39529656057968], [-70.48350051308361, -33.39599028817891], [-70.48346346234882, -33.396022270667075], [-70.48173447742808, -33.396042931567614], [-70.48169635555658, -33.39601184735379], [-70.48168511606171, -33.39534965228989], [-70.48172216719314, -33.39531767031944], [-70.48348872405946, -33.39529656057968]]]}}, {"type": "Feature", "properties": {"codigo": "UC2", "capa_cad": "UC2", "lamina": "uso_suelo"}, "geometry": {"type": "Polygon", "coordinates": [[[-70.52816926242002, -33.37920542152616], [-70.52903632983389, -33.37935243780584], [-70.5323228550455, -33.382434288178075], [-70.53397368198723, -33.384400865034706], [-70.5368542311181, -33.38575294841971], [-70.53788225219247, -33.38649715284431], [-70.53870849081869, -33.38645537067942], [-70.54004330746046, -33.38754268302308], [-70.54227318536847, -33.390353512622816], [-70.54311060284455, -33.39094234482267], [-70.54367602603524, -33.391029928973715], [-70.54400981576934, -33.39077346251718], [-70.54476559235535, -33.38887170614942], [-70.54510495045317, -33.3889305590884], [-70.54424200796603, -33.39114904272276], [-70.54629999482478, -33.39273190800012], [-70.54605198293197, -33.393586555186324], [-70.5494995900071, -33.39508896292225], [-70.5535610450382, -33.39939056398092], [-70.55513856777047, -33.399307721194724], [-70.5559335108549, -33.399613144224645], [-70.5565933876645, -33.402884925531616], [-70.55689803163567, -33.403101875716445], [-70.55768682449943, -33.40306043469614], [-70.55796289006736, -33.40378236521809], [-70.55959892471385, -33.40486567253384], [-70.5599877804299, -33.40558617989932], [-70.56127033249301, -33.40582235629179], [-70.56122223341146, -33.40733683254784], [-70.55964344754409, -33.40735669286512], [-70.55992105686113, -33.40606010379169], [-70.5577559326825, -33.40482575147529], [-70.55723418670867, -33.40508461423099], [-70.55720222435235, -33.40540040553011], [-70.55786544977953, -33.406748255211966], [-70.55726626179685, -33.40688193476509], [-70.55466739639553, -33.40240445276764], [-70.55438518511559, -33.40133566178621], [-70.55236779977847, -33.39994166480951], [-70.55056647518514, -33.39800876910804], [-70.55058781748589, -33.3970938689709], [-70.54943785203905, -33.39584667233585], [-70.54806912051517, -33.39498066341536], [-70.54576135674577, -33.39415788063712], [-70.54486378712839, -33.39442137300707], [-70.54390966662602, -33.3936132319872], [-70.54304355042626, -33.39352938919995], [-70.541383992861, -33.391089962884266], [-70.54062842828417, -33.39087857264174], [-70.5401679715322, -33.390348123143255], [-70.54023145690417, -33.389685012324854], [-70.5385461390289, -33.387908187120175], [-70.53794482433979, -33.387915641591896], [-70.53721633034019, -33.38710464936736], [-70.53680182018873, -33.387046705411144], [-70.53618386979052, -33.386108180707154], [-70.53420858346537, -33.384934128069354], [-70.53290930067853, -33.38586482348982], [-70.53218695566613, -33.38540065620828], [-70.53117779182787, -33.38572850543365], [-70.5306057814278, -33.385262473621076], [-70.5288378097608, -33.38518965091997], [-70.52987351035037, -33.38423070818968], [-70.53074892085291, -33.38485069757463], [-70.53120044545497, -33.38487666602495], [-70.53182438877803, -33.3840174053666], [-70.53117335600012, -33.38333157654067], [-70.53145851675256, -33.38244495818546], [-70.52816926242002, -33.37920542152616]]]}}, {"type": "Feature", "properties": {"codigo": "UC3", "capa_cad": "UC3", "lamina": "uso_suelo", "espaciado_trama_pt": 10.92}, "geometry": {"type": "Polygon", "coordinates": [[[-70.48351337429781, -33.39674708183072], [-70.48352194870763, -33.39725161087813], [-70.48348489746361, -33.397283593381], [-70.48348596925439, -33.39734665950963], [-70.48175695812515, -33.39736732144354], [-70.48174571759284, -33.396705126542635], [-70.48347471561762, -33.39668446512542], [-70.48347525149674, -33.39671599819302], [-70.48351337429781, -33.39674708183072]]]}}, {"type": "Feature", "properties": {"codigo": "UM", "capa_cad": "UM", "lamina": "uso_suelo"}, "geometry": {"type": "Polygon", "coordinates": [[[-70.51705308647831, -33.40138778912099], [-70.51699216006352, -33.4022085548824], [-70.51711479278545, -33.40277476183723], [-70.51534318420438, -33.40251256130164], [-70.51237639422679, -33.402706461405614], [-70.51013790861725, -33.40153523741777], [-70.50961166919411, -33.401541642103396], [-70.50938940999983, -33.401733582297986], [-70.50733399899518, -33.40680486150062], [-70.50381730278282, -33.4078252620407], [-70.50352146216736, -33.408112701915314], [-70.50312642537975, -33.40918982579342], [-70.50252386816459, -33.40913404727598], [-70.50191425533167, -33.40866834018497], [-70.5022756466286, -33.40563618945342], [-70.50403206956149, -33.40501565949565], [-70.50473866968295, -33.40456554012133], [-70.50538428352903, -33.402759966200605], [-70.50627009561302, -33.401803034436995], [-70.50655883028423, -33.40110566332767], [-70.50621509283336, -33.400794443895], [-70.50527647341222, -33.400868914803944], [-70.50445713977844, -33.401320404138254], [-70.50450396904635, -33.40185600487808], [-70.50158126618693, -33.40242758415105], [-70.50151655206173, -33.400851399985534], [-70.50260824332258, -33.40093280032727], [-70.5029051495844, -33.400708428441625], [-70.50293730799531, -33.40039264540117], [-70.50436674434994, -33.40043839891259], [-70.50500356789017, -33.40030451778328], [-70.50612304807079, -33.39981784218554], [-70.50706002186662, -33.39964876705785], [-70.50920306834749, -33.399654254927455], [-70.50921833517366, -33.400537169942886], [-70.50956208195396, -33.40084838079237], [-70.51005072898302, -33.400842433962], [-70.51034761509818, -33.400618044802805], [-70.5103737441557, -33.399955401303444], [-70.51063576750441, -33.39988913243868], [-70.51324299168064, -33.40064584035463], [-70.51373874636094, -33.40104980298309], [-70.51705308647831, -33.40138778912099]]]}}, {"type": "Feature", "properties": {"codigo": "UM", "capa_cad": "UM", "lamina": "uso_suelo"}, "geometry": {"type": "Polygon", "coordinates": [[[-70.4834977591733, -33.39804038688024], [-70.48350847763189, -33.39867104805564], [-70.48305742458298, -33.39867644071648], [-70.4830203725788, -33.39870842309487], [-70.48287002147822, -33.398710220240936], [-70.4828318980135, -33.39867913643237], [-70.48174185250456, -33.39869215995046], [-70.4817311467986, -33.39806149827227], [-70.4834977591733, -33.39804038688024]]]}}, {"type": "Feature", "properties": {"codigo": "UM", "capa_cad": "UM", "lamina": "uso_suelo"}, "geometry": {"type": "Polygon", "coordinates": [[[-70.50490679762765, -33.39469168754308], [-70.50509472596033, -33.39468940794833], [-70.5050952696064, -33.39472094071467], [-70.50517152830959, -33.39478309432604], [-70.50517207198533, -33.39481462709079], [-70.50521020139202, -33.39484570387681], [-70.50521074508302, -33.39487723664069], [-70.50524887453125, -33.39490831341337], [-70.5052494182375, -33.394939846176364], [-70.50528754772728, -33.39497092293569], [-70.50528863517113, -33.395033988459744], [-70.50532676471686, -33.39506506520503], [-70.50532730845447, -33.3950965979661], [-70.50536543804172, -33.39512767469803], [-70.50536652554831, -33.39519074021824], [-70.50544278486186, -33.39525289364136], [-70.50544387242947, -33.39531595915805], [-70.50548200215576, -33.39534703584924], [-70.50548254595525, -33.395378568606624], [-70.50552067572306, -33.39540964528447], [-70.50552121953781, -33.39544117804096], [-70.50555934934718, -33.39547225470548], [-70.50556043700803, -33.39553532021653], [-70.50559856687335, -33.39556639686698], [-70.50559911071946, -33.39559792962156], [-70.5056372406263, -33.39562900625865], [-70.50563832834987, -33.39569207176587], [-70.50567645831268, -33.395723148388925], [-70.50567972159018, -33.39591234490224], [-70.50564213540903, -33.3959128010358], [-70.50560509308248, -33.39594478991068], [-70.50530440348759, -33.39594843848285], [-70.50530385974068, -33.3959169057258], [-70.50522759992361, -33.395854752237156], [-70.50522651249, -33.3957916867197], [-70.50518838265097, -33.395760609955], [-70.50518783894984, -33.39572907719531], [-70.50514970915236, -33.395698000417276], [-70.50514862178146, -33.395634934895945], [-70.50511049203993, -33.39560385810387], [-70.50510994837016, -33.39557232534223], [-70.50507181867017, -33.395541248536794], [-70.505070731362, -33.395478183011626], [-70.50503260171796, -33.39544710619213], [-70.50503205807955, -33.39541557342857], [-70.50499392847705, -33.39538449659575], [-70.5049928412316, -33.395321431066705], [-70.50491658216562, -33.39525927736031], [-70.5049154949812, -33.395196211827766], [-70.50487736551773, -33.39516513495418], [-70.5048768219412, -33.395133602186945], [-70.50483869251926, -33.39510252530003], [-70.50483814895799, -33.395070992531906], [-70.50480001957759, -33.39503991563165], [-70.50479947603156, -33.39500838286265], [-70.5047613466927, -33.39497730594904], [-70.50475862904734, -33.394819642097964], [-70.50479567123311, -33.394787653474935], [-70.50479512769385, -33.39475612070459], [-70.50483271339175, -33.39475566484145], [-70.50490679762765, -33.39469168754308]]]}}, {"type": "Feature", "properties": {"codigo": "UM", "capa_cad": "UM", "lamina": "uso_suelo"}, "geometry": {"type": "Polygon", "coordinates": [[[-70.4956441299668, -33.38505800570402], [-70.49613323198115, -33.38508364907425], [-70.49655041301995, -33.38529939464935], [-70.49681943053376, -33.38564308390175], [-70.49736504161086, -33.38677192130026], [-70.49782360228173, -33.387207939092015], [-70.49869287180972, -33.387481298066945], [-70.4993334013778, -33.387568178402006], [-70.50015967883775, -33.387526652192975], [-70.50091512594244, -33.38773829261702], [-70.50081484283896, -33.38846491218762], [-70.50008430845878, -33.38970378328427], [-70.49986314005932, -33.389958772236675], [-70.49979122242792, -33.39014887802765], [-70.49983368111978, -33.3904322195204], [-70.50013868663775, -33.390680847605786], [-70.50249114244455, -33.39194549872191], [-70.50321339202607, -33.39240984137297], [-70.50321610663319, -33.39256750539736], [-70.50198448803896, -33.3930870509874], [-70.50183631766615, -33.39321500212719], [-70.50161080713445, -33.39321773157967], [-70.501194660051, -33.39306507035822], [-70.50081338904268, -33.39275428888237], [-70.49838955333448, -33.39171124396964], [-70.49808833626709, -33.3916833417709], [-70.49790095478569, -33.391717143461875], [-70.49764056767046, -33.39187798376029], [-70.4974526447453, -33.391880251899124], [-70.4973344831461, -33.39156628370824], [-70.49706490379668, -33.39119106355528], [-70.4967888400367, -33.390437447843325], [-70.49802261882219, -33.39004408537643], [-70.49824487507816, -33.38985216533351], [-70.49827704795761, -33.38953638260795], [-70.49778088901152, -33.389100820726235], [-70.49693621526968, -33.38807021240827], [-70.49593204861266, -33.386505350078316], [-70.49569683335234, -33.38594047530582], [-70.4956441299668, -33.38505800570402]]]}}, {"type": "Feature", "properties": {"codigo": "UEe1", "capa_cad": "UEe1", "lamina": "uso_suelo"}, "geometry": {"type": "Polygon", "coordinates": [[[-70.57898545565573, -33.429031472633724], [-70.57902362589076, -33.42906252536251], [-70.57906122505258, -33.42906204658662], [-70.57906236725418, -33.42912510957041], [-70.57925321904506, -33.42928037295667], [-70.57925379021954, -33.4293119044446], [-70.57955915461358, -33.42956032519626], [-70.57959675398034, -33.42955984625178], [-70.5795973252851, -33.42959137773306], [-70.57982634988481, -33.42977769268717], [-70.57982692127732, -33.429809224163854], [-70.57990326305686, -33.42987132904547], [-70.57990554875157, -33.429997454944605], [-70.57960932289063, -33.43025353880107], [-70.57960989421497, -33.430285070278636], [-70.57938772360193, -33.4304771327357], [-70.57935012383585, -33.43047761162837], [-70.57912795215779, -33.43066967364533], [-70.57912909447725, -33.43073273661072], [-70.57909206574374, -33.43076474691121], [-70.5790926368921, -33.43079627839405], [-70.57901857931819, -33.430860298964554], [-70.57901915044204, -33.43089183044804], [-70.57894395053802, -33.43089278800895], [-70.57890692166865, -33.43092479825733], [-70.57868132184838, -33.43092767060171], [-70.57860497995146, -33.430865564979385], [-70.57860383800531, -33.430802501999395], [-70.57833664242467, -33.430585131910874], [-70.57833607155426, -33.430553600415465], [-70.57814521845562, -33.4303983356818], [-70.57814464765845, -33.43036680418252], [-70.57810647713472, -33.43033575119696], [-70.578105335572, -33.4302726881964], [-70.57806716510439, -33.430241635196644], [-70.57806659433884, -33.43021010369538], [-70.57799025351406, -33.430147997656306], [-70.57798968277835, -33.430116466153386], [-70.57779883126429, -33.429961200829766], [-70.57779768994027, -33.42989813781604], [-70.5777595197479, -33.429867084711745], [-70.5777583784564, -33.42980402169587], [-70.57772020832016, -33.42977296857739], [-70.57771735517927, -33.42961531103105], [-70.5777914127217, -33.42955129122849], [-70.57782901211662, -33.42955081281999], [-70.5778660408326, -33.42951880289225], [-70.57790364021217, -33.429518324461526], [-70.57808878331214, -33.42935827461242], [-70.5782391805321, -33.42935636055917], [-70.57827620901269, -33.42932435051479], [-70.57835140758839, -33.42932339339817], [-70.57838843601286, -33.42929138332174], [-70.5784260352849, -33.42929090473552], [-70.57850009202339, -33.42922688452972], [-70.5785376912656, -33.42922640591047], [-70.57857471957963, -33.42919439578111], [-70.57861231880646, -33.42919391713965], [-70.57879745989665, -33.429033866282474], [-70.57898545565573, -33.429031472633724]]]}}, {"type": "Feature", "properties": {"codigo": "UEe1", "capa_cad": "UEe1", "lamina": "uso_suelo"}, "geometry": {"type": "Polygon", "coordinates": [[[-70.58466269103481, -33.426877496585604], [-70.5846684218576, -33.42719281075486], [-70.58463139667721, -33.427224822623415], [-70.58463655437978, -33.4275086053649], [-70.584599529058, -33.42754061722666], [-70.58460182134269, -33.427666742886764], [-70.58456479594297, -33.42769875473972], [-70.5845659420653, -33.42776181756956], [-70.58452891661302, -33.42779382941291], [-70.5845306357651, -33.4278884236576], [-70.5843455079059, -33.42804848272414], [-70.58434608089492, -33.42808001414072], [-70.58427202953567, -33.42814403769522], [-70.58419683219215, -33.42814499837152], [-70.58415980644283, -33.42817701011152], [-70.58412220775524, -33.42817749042177], [-70.58386302664795, -33.42840157223427], [-70.58386359947019, -33.42843310365641], [-70.58378954745535, -33.428497126938474], [-70.58375194862302, -33.42849760714053], [-70.58371492256038, -33.42852961875511], [-70.58367732371266, -33.42853009893495], [-70.58330706144719, -33.42885021439962], [-70.58330763407814, -33.42888174582796], [-70.58311963903455, -33.42888414601818], [-70.5830814674737, -33.428853094590266], [-70.58304386847502, -33.42885357458217], [-70.58304329594003, -33.428822043149665], [-70.58269975335962, -33.428542579612575], [-70.58266215448783, -33.42854305948485], [-70.5826610097083, -33.428479996604864], [-70.58262283848796, -33.42844894502377], [-70.58261940425756, -33.42825975637527], [-70.58258123315123, -33.428228704777055], [-70.58258008844386, -33.42816564189137], [-70.58254191739366, -33.428134590278965], [-70.58253962804747, -33.42800846450264], [-70.58257665434307, -33.4279764532303], [-70.58257608199607, -33.42794492178619], [-70.58265127922606, -33.4279439620975], [-70.58268830545286, -33.42791195079351], [-70.58272590405204, -33.42791147092126], [-70.58305913874037, -33.42762336861916], [-70.58305856622657, -33.427591837180614], [-70.58324369559467, -33.42743177998353], [-70.5832431230183, -33.42740024854683], [-70.58339122597302, -33.42727220260324], [-70.58339065334677, -33.427240671167986], [-70.58346584993988, -33.42723971100324], [-70.583502875569, -33.42720769947007], [-70.58354047384975, -33.427207219359794], [-70.5837996523916, -33.42698313826016], [-70.58379907962396, -33.42695160682966], [-70.58398420627542, -33.42679154859087], [-70.58424739290473, -33.42678818659521], [-70.58428556393082, -33.42681923768847], [-70.58439835822523, -33.42681779662644], [-70.58443652931656, -33.426848847671096], [-70.58458692174739, -33.426846926047745], [-70.58462509291664, -33.42687797703188], [-70.58466269103481, -33.426877496585604]]]}}, {"type": "Feature", "properties": {"codigo": "UEe1", "capa_cad": "UEe1", "lamina": "uso_suelo"}, "geometry": {"type": "Polygon", "coordinates": [[[-70.54995817403403, -33.42513992758276], [-70.55010856600231, -33.4251380478474], [-70.55018488313277, -33.42520017180613], [-70.5502224811481, -33.42519970181991], [-70.55026063976679, -33.42523076376832], [-70.55041103187014, -33.42522888366176], [-70.55044919056685, -33.42525994554968], [-70.55078757286275, -33.425255714536036], [-70.550825731701, -33.42528677630372], [-70.55086332974221, -33.42528630612219], [-70.55086893802354, -33.42560162548008], [-70.55083190066584, -33.425633627602615], [-70.55083694807931, -33.42591741501377], [-70.55079991058004, -33.42594941712938], [-70.55061191893023, -33.42595176786798], [-70.55057375986465, -33.42592070604389], [-70.55042336657995, -33.425922586381944], [-70.55038520759238, -33.42589152449736], [-70.55027241265782, -33.425892934595446], [-70.55023425373554, -33.42586187266234], [-70.55008386052809, -33.42586375258585], [-70.55004570168383, -33.425832690592266], [-70.54997050510029, -33.425833630461774], [-70.54993234630861, -33.42580256843161], [-70.54992842284291, -33.42558184479207], [-70.54996546052213, -33.425549842930245], [-70.54995817403403, -33.42513992758276]]]}}, {"type": "Feature", "properties": {"codigo": "UEe1", "capa_cad": "UEe1", "lamina": "uso_suelo"}, "geometry": {"type": "Polygon", "coordinates": [[[-70.5294605013963, -33.42501595043161], [-70.52946105447695, -33.42504748268727], [-70.52949920588831, -33.42507855123936], [-70.52950252447705, -33.42526774476545], [-70.52954067600224, -33.42529881330054], [-70.52955063221444, -33.425866393829445], [-70.52951358666337, -33.42589838980859], [-70.52953184002388, -33.426938953982265], [-70.52799027493514, -33.42695795781606], [-70.5279532283448, -33.42698995335297], [-70.52644926043352, -33.42700847479086], [-70.52641110919886, -33.42697740530268], [-70.52633591079265, -33.42697833087225], [-70.52633535880143, -33.4269467985804], [-70.52629720763385, -33.42691572905497], [-70.52629610368287, -33.4268526644693], [-70.52625795257134, -33.42682159492978], [-70.52625519278115, -33.42666393345908], [-70.52629223988151, -33.426631938414204], [-70.52626685023445, -33.42518145270356], [-70.52630389672231, -33.4251494576658], [-70.52630224090076, -33.42505486076039], [-70.5294605013963, -33.42501595043161]]]}}, {"type": "Feature", "properties": {"codigo": "UEe1", "capa_cad": "UEe1", "lamina": "uso_suelo"}, "geometry": {"type": "Polygon", "coordinates": [[[-70.5316373244724, -33.42476831129942], [-70.53163787833486, -33.42479984352423], [-70.5320957047052, -33.42517265706172], [-70.53213330302907, -33.42517219255876], [-70.53228591273941, -33.42529646328488], [-70.53228868328821, -33.42545412434589], [-70.53210346129704, -33.425614108070086], [-70.53210401534578, -33.42564564028371], [-70.53206697085332, -33.42567763699757], [-70.53195417522197, -33.42567903043046], [-70.53191713065901, -33.42571102710136], [-70.53120275787242, -33.42571984958974], [-70.53120220414796, -33.4256883173632], [-70.5311640518752, -33.42565724936296], [-70.53115408524236, -33.42508966924332], [-70.53133930795792, -33.4249296869065], [-70.53133875420069, -33.42489815467794], [-70.53148693183326, -33.424770168621855], [-70.5316373244724, -33.42476831129942]]]}}, {"type": "Feature", "properties": {"codigo": "UEe1", "capa_cad": "UEe1", "lamina": "uso_suelo"}, "geometry": {"type": "Polygon", "coordinates": [[[-70.55641150838942, -33.42430216983958], [-70.55641938779591, -33.4247436158428], [-70.556457548338, -33.42477467582808], [-70.55645867401044, -33.42483773953866], [-70.55653555810044, -33.42493139132185], [-70.55653668383596, -33.42499445502849], [-70.5566130052549, -33.42505657490298], [-70.55661750846342, -33.425308829711106], [-70.55646711666544, -33.425310717346456], [-70.55643008155086, -33.425342721079886], [-70.5563172876498, -33.42534413665432], [-70.55628025246467, -33.42537614034482], [-70.5561298605265, -33.42537802757462], [-70.55609282525637, -33.42541003121137], [-70.55605522725517, -33.42541050297952], [-70.55583301497715, -33.42560252451592], [-70.55583357760482, -33.42563405637643], [-70.55579654211736, -33.4256660599297], [-70.55579766734986, -33.425729123651024], [-70.55576063180983, -33.425761127194654], [-70.55576400745215, -33.42595031835695], [-70.55580216831498, -33.42598137852961], [-70.5558055440756, -33.42617056968146], [-70.55584370505234, -33.42620162983705], [-70.55584764358079, -33.426422352834734], [-70.55581004513881, -33.42642282454111], [-70.55577300931921, -33.426454828093355], [-70.5556226154847, -33.42645671476165], [-70.55558557958007, -33.42648871826014], [-70.55535998871527, -33.42649154785588], [-70.55532295269674, -33.42652355127896], [-70.55517255871152, -33.42652543740498], [-70.555135522608, -33.42655744077431], [-70.55506032558121, -33.42655838374731], [-70.5550232894216, -33.42659038708455], [-70.55479769823349, -33.42659321566522], [-70.55476066195996, -33.42662521892702], [-70.55461026775923, -33.42662710437634], [-70.55457323140068, -33.42665910758439], [-70.55434763998659, -33.42666193535166], [-70.55434651576279, -33.426598871596354], [-70.55430835512088, -33.426567810971434], [-70.55429767544415, -33.425968705248444], [-70.55425951510412, -33.42593764459698], [-70.55425501860832, -33.425685389531644], [-70.55429205468856, -33.425653386422375], [-70.55428812021171, -33.425432663234076], [-70.55424996011747, -33.425401602570204], [-70.55424883601802, -33.42533853879914], [-70.55421067597986, -33.42530747812114], [-70.55420561770575, -33.42502369113641], [-70.55416745782489, -33.42499263043916], [-70.5541635237619, -33.42477190721426], [-70.5541253640094, -33.424740846499205], [-70.55412199207629, -33.424551655152605], [-70.55408383243768, -33.42452059442049], [-70.55407877472719, -33.42423680738263], [-70.55430435989746, -33.42423398028455], [-70.55434139536425, -33.424201977171656], [-70.5548677604367, -33.4241953788633], [-70.5549047956739, -33.42416337558838], [-70.5556567451907, -33.4241539453445], [-70.55569490520396, -33.42418500558268], [-70.55584529511613, -33.42418311893939], [-70.5558834552074, -33.4242141791171], [-70.55599624767044, -33.424212763979185], [-70.55603440782697, -33.424243824108366], [-70.55618479781627, -33.42424193705056], [-70.5562229580508, -33.42427299711924], [-70.55641150838942, -33.42430216983958]]]}}, {"type": "Feature", "properties": {"codigo": "UEe1", "capa_cad": "UEe1", "lamina": "uso_suelo"}, "geometry": {"type": "Polygon", "coordinates": [[[-70.55925577129314, -33.421427939050744], [-70.55925689884577, -33.421491002711335], [-70.55929505889138, -33.42152206185095], [-70.55929562268346, -33.421553593680265], [-70.55933378277068, -33.42158465280646], [-70.55933716562838, -33.42177384377444], [-70.55918678012016, -33.421775734531465], [-70.55914974748569, -33.42180773902247], [-70.55907455469739, -33.42180868431099], [-70.55903752200686, -33.42184068876991], [-70.55899992559694, -33.42184116138626], [-70.55896289286478, -33.42187316582392], [-70.55873731430007, -33.42187600121792], [-70.55870028145401, -33.42190800558019], [-70.55839950986963, -33.42191178538115], [-70.55839612902794, -33.42172259433286], [-70.55835796920046, -33.42169153491082], [-70.55835571538137, -33.42156540753898], [-70.55839331168397, -33.421564935121296], [-70.55843034450596, -33.42153293084996], [-70.55846794079324, -33.42153245841007], [-70.55850497357362, -33.421500454117464], [-70.5587305511921, -33.42149761917395], [-70.55876758385857, -33.42146561480597], [-70.5589179688622, -33.42146372457255], [-70.55895500144366, -33.42143172015084], [-70.55925577129314, -33.421427939050744]]]}}, {"type": "Feature", "properties": {"codigo": "UEe1", "capa_cad": "UEe1", "lamina": "uso_suelo"}, "geometry": {"type": "Polygon", "coordinates": [[[-70.58952988370666, -33.41949821992521], [-70.58953333178329, -33.41968740820741], [-70.5894610152081, -33.41984602876203], [-70.58946331385303, -33.419972154281304], [-70.5893522525588, -33.4200681938318], [-70.58931638129943, -33.420163269756344], [-70.58935914812281, -33.42044657038793], [-70.58962633805851, -33.42066391716876], [-70.58973969887921, -33.420694002855754], [-70.5897460214985, -33.4210408479328], [-70.58956436592247, -33.42139010247282], [-70.58956781432121, -33.42157929069405], [-70.58934223983852, -33.42158218171905], [-70.58915311190727, -33.42152152784101], [-70.58900272899167, -33.4215234547309], [-70.58866264415896, -33.421433195414814], [-70.58843477266623, -33.4213099592304], [-70.58817102887616, -33.42128179823292], [-70.58816988042909, -33.421218735447376], [-70.58794086189474, -33.42103243552164], [-70.58767654502401, -33.42097274204114], [-70.58741452426891, -33.42103917360894], [-70.58674927841103, -33.421678461865014], [-70.58671684595812, -33.421962725587385], [-70.58683250262212, -33.42211893954498], [-70.58683537142728, -33.42227659658699], [-70.58672487803595, -33.42240416533026], [-70.58669015045741, -33.42256230339091], [-70.58661667908783, -33.42265785962097], [-70.58624014285526, -33.422631137545345], [-70.58559813971797, -33.422481653672094], [-70.5854477548877, -33.42248357630089], [-70.58529622362124, -33.422422435886276], [-70.58514583887106, -33.422424358146074], [-70.58495556556905, -33.42230063496956], [-70.58435173576255, -33.42218219545459], [-70.58434944431603, -33.422056069667555], [-70.5845282578006, -33.42154916491498], [-70.58486547410519, -33.42148177847431], [-70.58508761014197, -33.421289706962284], [-70.58540648203753, -33.42021331303606], [-70.58555456993922, -33.420085264818525], [-70.58589235309248, -33.42004940719522], [-70.58604101341312, -33.419952889855395], [-70.58622898894117, -33.41995048580184], [-70.5870971189336, -33.42012861198124], [-70.58713873089246, -33.42034885076723], [-70.58740591518404, -33.42056620250863], [-70.58755687055302, -33.42059580900854], [-70.58774714355697, -33.420719528226535], [-70.58789752517832, -33.420717602899444], [-70.58793569470873, -33.4207486529382], [-70.58819771415666, -33.420682220303505], [-70.58860437093335, -33.42029854703921], [-70.58864024302729, -33.420203471298095], [-70.58862875579504, -33.41957284344607], [-70.5887027968291, -33.41950881751332], [-70.58873809413724, -33.41938221035134], [-70.58896366299736, -33.41937932059206], [-70.58952988370666, -33.41949821992521]]]}}, {"type": "Feature", "properties": {"codigo": "UEe1", "capa_cad": "UEe1", "lamina": "uso_suelo"}, "geometry": {"type": "Polygon", "coordinates": [[[-70.53651915741044, -33.42010322145564], [-70.53651971293955, -33.420134753632006], [-70.53655786455747, -33.420165820025424], [-70.5365639755938, -33.42051267394634], [-70.53648989417273, -33.420576669861966], [-70.53641470163947, -33.42057760138498], [-70.5363776608593, -33.42060959930546], [-70.53577612023754, -33.42061704967628], [-70.53577500969742, -33.42055398530626], [-70.5357368581732, -33.42052291867073], [-70.53573408191023, -33.42036525773914], [-70.53577112283423, -33.42033326000593], [-70.53576890178857, -33.42020713125917], [-70.53580594263452, -33.42017513351705], [-70.53580372155186, -33.42004900476914], [-70.5358407623198, -33.42001700701812], [-70.53584020703856, -33.419985474831094], [-70.53587724776665, -33.41995347707002], [-70.5361404198015, -33.41995021773384], [-70.5361785712056, -33.41998128425103], [-70.53625376323319, -33.41998035288574], [-70.53636821768475, -33.42007355228965], [-70.53640581373541, -33.4200730865541], [-70.5364439652863, -33.4201041529848], [-70.53651915741044, -33.42010322145564]]]}}, {"type": "Feature", "properties": {"codigo": "UEe1", "capa_cad": "UEe1", "lamina": "uso_suelo"}, "geometry": {"type": "Polygon", "coordinates": [[[-70.54655224251134, -33.41969466508471], [-70.54670262533391, -33.419692789747195], [-70.54674078025232, -33.41972385291093], [-70.54689116311181, -33.41972197734341], [-70.54692931810823, -33.419753040446665], [-70.54704210528182, -33.41975163361562], [-70.5470802603435, -33.419782696670374], [-70.54723064328029, -33.41978082068842], [-70.54723399965793, -33.41997001279874], [-70.54719696322931, -33.42000201383302], [-70.54720143834662, -33.42025426997377], [-70.54712736520456, -33.42031827201723], [-70.54697698133393, -33.420320147900476], [-70.5469388260647, -33.42028908482225], [-70.54678844223099, -33.420290960475505], [-70.54675028703976, -33.420259897336805], [-70.5466750951431, -33.42026083507121], [-70.54663694000443, -33.42022977189596], [-70.5465617481297, -33.420230709560926], [-70.54652359304363, -33.4201996463491], [-70.54644840119084, -33.420200583944606], [-70.54644113270685, -33.41979066756088], [-70.54655224251134, -33.41969466508471]]]}}, {"type": "Feature", "properties": {"codigo": "UEe1", "capa_cad": "UEe1", "lamina": "uso_suelo"}, "geometry": {"type": "Polygon", "coordinates": [[[-70.57517429100544, -33.417915202338925], [-70.5753622631299, -33.41791281487949], [-70.5754761855205, -33.41797444547351], [-70.5756265633021, -33.41797253515981], [-70.57566472737777, -33.41800358915298], [-70.57577751074274, -33.41800215626228], [-70.57581567488364, -33.418033210206914], [-70.57589086381456, -33.4180322548656], [-70.57600535647636, -33.41812541655156], [-70.57604295097856, -33.41812493882796], [-70.57608111526616, -33.418155992685925], [-70.57623149331687, -33.41815408162982], [-70.57626965768239, -33.418185135427294], [-70.57634484672779, -33.418184179807014], [-70.57645934006342, -33.41827734105151], [-70.57649693462288, -33.418276863188424], [-70.57653509913509, -33.41830791689925], [-70.57657269370634, -33.41830743901282], [-70.57657497358412, -33.418433565350036], [-70.57653794891664, -33.4184655748232], [-70.57653965879622, -33.418560169575535], [-70.57642858451665, -33.41865619793611], [-70.57642915444022, -33.41868772952108], [-70.57628105496985, -33.4188157671909], [-70.57628219471812, -33.418878830363525], [-70.57624516975726, -33.418910839755746], [-70.57625143829657, -33.419257687197565], [-70.57617738801417, -33.41932170595951], [-70.57617795786132, -33.419353237544925], [-70.57610390744492, -33.419417256265994], [-70.57602871732801, -33.41941821177121], [-70.57599169205015, -33.41945022109449], [-70.57595409697589, -33.4194506988192], [-70.57588004630978, -33.419514717412845], [-70.57580485610075, -33.41951567278483], [-70.57576783069801, -33.419547682044396], [-70.57573023557772, -33.419548159702494], [-70.57558213363737, -33.41967619659324], [-70.57543175291583, -33.41967810693864], [-70.57539358816237, -33.41964705290087], [-70.57524320747743, -33.41964896301625], [-70.57520504280188, -33.41961790891796], [-70.57509225731694, -33.419619341349055], [-70.57505409270662, -33.4195882872022], [-70.5749789024043, -33.419589242075425], [-70.57486440881245, -33.41949607948698], [-70.57482681369802, -33.41949655687064], [-70.57478864923442, -33.419465502637166], [-70.5747134590283, -33.4194664573464], [-70.57467529461724, -33.41943540307631], [-70.57456250933949, -33.41943683501891], [-70.57455966302307, -33.419279176969674], [-70.57459668877445, -33.41924716805992], [-70.5745955502287, -33.41918410483983], [-70.57463257592754, -33.41915209592045], [-70.57463143735995, -33.41908903270049], [-70.57466846300625, -33.419057023771494], [-70.57466675512345, -33.418962428941484], [-70.57477783178517, -33.418866402095546], [-70.57477669312492, -33.41880333887709], [-70.57481371859913, -33.4187713299084], [-70.5748120105773, -33.41867673508066], [-70.5748490359863, -33.418644726102755], [-70.57484789728414, -33.41858166288419], [-70.57488492264059, -33.41854965389666], [-70.57488321455592, -33.418455059068755], [-70.5749942903481, -33.418359032047256], [-70.57499315155329, -33.4182959688302], [-70.57503017673766, -33.41826395980299], [-70.57502903792098, -33.418200896586065], [-70.57506606305282, -33.41816888754923], [-70.57506492421433, -33.41810582433243], [-70.57510194929363, -33.41807381528598], [-70.57510024100446, -33.417979220460694], [-70.57517429100544, -33.417915202338925]]]}}, {"type": "Feature", "properties": {"codigo": "UEe1", "capa_cad": "UEe1", "lamina": "uso_suelo"}, "geometry": {"type": "Polygon", "coordinates": [[[-70.59562735840883, -33.41569835304639], [-70.59581532389375, -33.415695934737336], [-70.5958534938675, -33.41572698234445], [-70.59600386628999, -33.41572504744443], [-70.59604203634161, -33.415756094990996], [-70.59611722257281, -33.41575512744875], [-70.59615539267693, -33.41578617495867], [-70.5962305789299, -33.41578520734696], [-70.59626874908653, -33.41581625482025], [-70.59630634222437, -33.41581577098536], [-70.59630922746314, -33.415973427461076], [-70.59627221129432, -33.41600544259407], [-70.59627336537078, -33.41606850518397], [-70.59623634914945, -33.41610052030737], [-70.59624096538977, -33.4163527706635], [-70.59612991625863, -33.41644881598103], [-70.59586676234304, -33.41645220226832], [-70.59582859203638, -33.41642115467834], [-70.59575340522065, -33.416422122062606], [-70.59563889453968, -33.4163289791447], [-70.59560130116847, -33.41632946278387], [-70.59556313100848, -33.416298415107185], [-70.59548794428875, -33.41629938232744], [-70.5954839069885, -33.416078663183434], [-70.59552092348662, -33.41604664827664], [-70.59551919319053, -33.41595205435646], [-70.59555620962345, -33.41592003944048], [-70.59555505607185, -33.41585697682699], [-70.59559207245228, -33.41582496190142], [-70.59559034209359, -33.41573036798115], [-70.59562735840883, -33.41569835304639]]]}}, {"type": "Feature", "properties": {"codigo": "UEe1", "capa_cad": "UEe1", "lamina": "uso_suelo"}, "geometry": {"type": "Polygon", "coordinates": [[[-70.52798489339243, -33.41591933830344], [-70.52806008220773, -33.415918412003506], [-70.52809712421758, -33.41588641651424], [-70.52836028494302, -33.41588317402994], [-70.52843657875229, -33.41594531213772], [-70.52847417316363, -33.41594484885626], [-70.52851232012172, -33.41597591787921], [-70.52858750896726, -33.415974991258246], [-70.52858861411936, -33.41603805588717], [-70.52889379119607, -33.41628660741261], [-70.52893138574643, -33.416286143988444], [-70.5290076803126, -33.41634828171934], [-70.52904527488757, -33.4163478182599], [-70.52908342222408, -33.41637888709442], [-70.52923380056615, -33.41637703309504], [-70.5292719479807, -33.41640810186915], [-70.52934713717201, -33.41640717477727], [-70.52935211293587, -33.416690965481514], [-70.52931507107182, -33.4167229613383], [-70.52932004679097, -33.41700675203235], [-70.52935819451973, -33.41703782076817], [-70.52935930027343, -33.41710088536355], [-70.52939744805823, -33.41713195408527], [-70.52940076542664, -33.41732114786304], [-70.5293637233227, -33.41735314373833], [-70.5293819689833, -33.41839370942021], [-70.5293449264325, -33.418425705297686], [-70.52934713804055, -33.41855183446029], [-70.52931009541174, -33.41858383032884], [-70.5293106483032, -33.41861536261947], [-70.52923545720749, -33.41861628974306], [-70.52919841450992, -33.41864828557987], [-70.52904803225043, -33.41865013964706], [-70.52889599175096, -33.41855739664198], [-70.52874560962688, -33.41855925033814], [-70.52870746142125, -33.41852818143392], [-70.52724123548656, -33.4185462449571], [-70.52724068334453, -33.41851471263565], [-70.52720253567655, -33.418483643252436], [-70.52719867080755, -33.41826291699252], [-70.5271605232678, -33.41823184759159], [-70.5271594190561, -33.41816878294294], [-70.5271212715724, -33.41813771352794], [-70.52711795904463, -33.41794851957363], [-70.5270798116747, -33.41791745014164], [-70.52707870753453, -33.417854385487416], [-70.52704056022063, -33.41782331604132], [-70.52703614380984, -33.41757105741193], [-70.5269979966386, -33.41753998794743], [-70.52699689257337, -33.417476923286955], [-70.52695874545816, -33.41744585380835], [-70.52695488135801, -33.41722512748633], [-70.52732475764181, -33.41687364288862], [-70.52732365336828, -33.41681057823097], [-70.52736069602295, -33.41677858294771], [-70.52735903958096, -33.41668398596113], [-70.52747016726758, -33.416588000052066], [-70.52746961508382, -33.41655646772401], [-70.52791357089825, -33.41614099082792], [-70.5279124662298, -33.41607792618016], [-70.52794950836096, -33.41604593073233], [-70.52794785132657, -33.41595133376058], [-70.52798489339243, -33.41591933830344]]]}}, {"type": "Feature", "properties": {"codigo": "UEe1", "capa_cad": "UEe1", "lamina": "uso_suelo"}, "geometry": {"type": "Polygon", "coordinates": [[[-70.5363213896885, -33.41528019350677], [-70.5363258325613, -33.41553245113275], [-70.53621471624196, -33.41562844467771], [-70.53621527156682, -33.41565997688135], [-70.53610415496493, -33.41575597033346], [-70.53610526554097, -33.415819034742555], [-70.53606822659395, -33.415851032539805], [-70.53606989242634, -33.41594562915334], [-70.53603285341403, -33.41597762694129], [-70.53498021290103, -33.415990658664164], [-70.53494206371259, -33.41595959169694], [-70.53426536611121, -33.415967964304095], [-70.53426148374295, -33.41574723868401], [-70.53433556289444, -33.415683244122086], [-70.53437315708905, -33.41568277905623], [-70.53441019660963, -33.415650781748774], [-70.53444779078892, -33.41565031666071], [-70.5344848302679, -33.415618319331955], [-70.53474798939777, -33.41561506332084], [-70.53478502874853, -33.415583065905814], [-70.53512337600907, -33.41557887868851], [-70.5351604152027, -33.41554688116554], [-70.53531079168272, -33.415545019840685], [-70.53534783079144, -33.415513022263944], [-70.53538542489484, -33.41551255689343], [-70.53542246396196, -33.41548055929542], [-70.53546005805006, -33.41548009390269], [-70.5354970970756, -33.41544809628338], [-70.53553469114838, -33.41544763086843], [-70.53579396346572, -33.41522364716498], [-70.53590674537567, -33.41522225062434], [-70.5359437841262, -33.415190252878126], [-70.53624453573252, -33.415186528182105], [-70.53624509105884, -33.41521806038756], [-70.5363213896885, -33.41528019350677]]]}}, {"type": "Feature", "properties": {"codigo": "UEe1", "capa_cad": "UEe1", "lamina": "uso_suelo"}, "geometry": {"type": "Polygon", "coordinates": [[[-70.56361100336869, -33.41474993508461], [-70.56361382941287, -33.41490759407706], [-70.56365198797714, -33.41493865194615], [-70.56365311842988, -33.415001715540484], [-70.56369127705021, -33.41503277339543], [-70.56369523376371, -33.415253495965125], [-70.56373339251239, -33.41528455380226], [-70.56373452303879, -33.4153476173906], [-70.56377268184353, -33.415378675213596], [-70.56377776938601, -33.41566246134622], [-70.563815928348, -33.415693519149926], [-70.56381932016934, -33.415882709893005], [-70.56385747924523, -33.41591376767962], [-70.5638586098883, -33.41597683125782], [-70.56389676902025, -33.4160078890303], [-70.56390298777906, -33.4163547386903], [-70.56386595915404, -33.41638674449971], [-70.56382836518115, -33.416387218511474], [-70.56379133651451, -33.41641922429965], [-70.56356577257192, -33.416422068066225], [-70.5635287437914, -33.41645407377902], [-70.56337836775424, -33.416455969352384], [-70.56334133888875, -33.41648797501147], [-70.56315336875024, -33.416490344167876], [-70.56315054336855, -33.41633268518101], [-70.56311238434597, -33.41630162717687], [-70.56311125422835, -33.41623856357947], [-70.56307309526184, -33.41620750556119], [-70.56306913997912, -33.41598678295984], [-70.56303098114095, -33.41595572492374], [-70.56302985109701, -33.41589266132037], [-70.56299169231491, -33.415861603270116], [-70.56298830229092, -33.41567241245156], [-70.5629501436227, -33.41564135438423], [-70.56294901365065, -33.41557829077522], [-70.5629108550385, -33.41554723269373], [-70.56290577033792, -33.41526344643826], [-70.56286761188302, -33.41523238833749], [-70.56286422220896, -33.415043197488515], [-70.56282606386794, -33.41501213937067], [-70.56282380416064, -33.4148860121317], [-70.56286139750475, -33.41488553844304], [-70.56289842589621, -33.41485353293396], [-70.56293601922498, -33.41485305922309], [-70.56297304757483, -33.41482105369277], [-70.56319860744229, -33.414818211123546], [-70.56323563567825, -33.41478620551787], [-70.56338600884781, -33.41478431020073], [-70.56342303699881, -33.41475230454132], [-70.56361100336869, -33.41474993508461]]]}}, {"type": "Feature", "properties": {"codigo": "UEe1", "capa_cad": "UEe1", "lamina": "uso_suelo"}, "geometry": {"type": "Polygon", "coordinates": [[[-70.54047092937574, -33.413904085310925], [-70.54062130264907, -33.4139022176298], [-70.54065945285977, -33.41393328282757], [-70.54073463951666, -33.41393234889482], [-70.54084909038792, -33.41402554434051], [-70.54088668375319, -33.414025077321234], [-70.54092483411061, -33.41405614243253], [-70.54100002086396, -33.41405520833592], [-70.54111447217542, -33.41414840352216], [-70.54115206558893, -33.41414793642095], [-70.5413046677685, -33.41427219644417], [-70.54130578204082, -33.414335260714104], [-70.54134393268248, -33.4143663256868], [-70.54134448983439, -33.414397857820795], [-70.54161154518738, -33.414615312269845], [-70.54164913879323, -33.41461484501229], [-70.54168728967926, -33.41464590987096], [-70.54169063338367, -33.41483510263322], [-70.54165359695716, -33.414867102033085], [-70.54165471150682, -33.41493016628659], [-70.54161767502775, -33.41496216567679], [-70.54161878955546, -33.41502522993039], [-70.54158175302382, -33.415057229310925], [-70.5415828675296, -33.41512029356462], [-70.54154583094537, -33.415152292935474], [-70.5415475026724, -33.41524688931594], [-70.54147342934627, -33.41531088802865], [-70.54147454378446, -33.41537395228299], [-70.54143750705525, -33.41540595162446], [-70.5414386214715, -33.415469015878905], [-70.54140158468971, -33.415501015210694], [-70.541402699084, -33.41556407946525], [-70.54136566224965, -33.41559607878737], [-70.54136733380946, -33.415690675169095], [-70.54133029690982, -33.415722674481934], [-70.54133141126195, -33.41578573873635], [-70.54129437430976, -33.41581773803953], [-70.54129604580632, -33.415912334421044], [-70.54118493467239, -33.41600833227141], [-70.54118604893152, -33.41607139652723], [-70.54114901180715, -33.41610339579057], [-70.54115068316422, -33.4161979921742], [-70.54111364597458, -33.41622999142826], [-70.54111587441197, -33.41635611993897], [-70.54100476252756, -33.41645211764314], [-70.54077919606105, -33.41645491998154], [-70.54074104466945, -33.41642385486561], [-70.5405906670586, -33.41642572281571], [-70.54055251574499, -33.41639465763934], [-70.54010138298176, -33.4164002602532], [-70.54006323184784, -33.41636919492087], [-70.53991285428322, -33.41637106204668], [-70.5398747032273, -33.41633999665389], [-70.5397995144652, -33.41634093012459], [-70.53976136346185, -33.416309864695265], [-70.53961098597811, -33.416311731452254], [-70.53957283505277, -33.41628066596249], [-70.53949764633113, -33.416281599248784], [-70.53945949545835, -33.41625053372246], [-70.5394550434043, -33.41599827649735], [-70.5394920811278, -33.41596627772294], [-70.53949096809754, -33.415903213415746], [-70.53952800576845, -33.41587121463166], [-70.53952689271622, -33.41580815032457], [-70.53956393033458, -33.415776151530814], [-70.5395617041897, -33.41565002291613], [-70.53959874173003, -33.415618024113485], [-70.53959762863737, -33.41555495980592], [-70.53963466612514, -33.4155229609936], [-70.53963299645451, -33.41542836453213], [-70.53967003387702, -33.41539636571052], [-70.53966892074217, -33.415333301402825], [-70.53970595811208, -33.41530130257154], [-70.5397042883782, -33.41520670610987], [-70.53981540021066, -33.41511070955687], [-70.53981428698279, -33.41504764525055], [-70.53985132418055, -33.41501564637944], [-70.53984965430715, -33.41492104991988], [-70.53996076562312, -33.414825053247355], [-70.53995965230226, -33.414761988942445], [-70.53999668932786, -33.414729990031496], [-70.53999501931494, -33.41463539357406], [-70.54010613011445, -33.41453939678201], [-70.54010501670058, -33.41447633247852], [-70.54014205355404, -33.414444333527726], [-70.5401403834016, -33.414349737072385], [-70.54032556707094, -33.414189742167586], [-70.54032445351322, -33.414126677867046], [-70.54036149014023, -33.414094678855534], [-70.54035981977204, -33.41400008240464], [-70.54047092937574, -33.413904085310925]]]}}, {"type": "Feature", "properties": {"codigo": "UEe1", "capa_cad": "UEe1", "lamina": "uso_suelo"}, "geometry": {"type": "Polygon", "coordinates": [[[-70.51019055946335, -33.413267205603844], [-70.51052890161701, -33.4132630857134], [-70.51056594917976, -33.41323109529839], [-70.51071632339048, -33.413229263896575], [-70.51075337086837, -33.41319727342774], [-70.5107909644045, -33.41319681553799], [-70.51101324861521, -33.41300487244019], [-70.51101215629261, -33.412941807265476], [-70.51104920354058, -33.4129098167133], [-70.5112371705678, -33.412907526719756], [-70.51127531022576, -33.41293860127069], [-70.51142568388313, -33.41293676902318], [-70.51146382361914, -33.41296784351375], [-70.51157660389143, -33.412966469172765], [-70.51161474369275, -33.41299754361488], [-70.51176511742813, -33.412995710953126], [-70.5118032573075, -33.41302678533489], [-70.51187844419555, -33.41302586891184], [-70.51191658412753, -33.413056943257075], [-70.51202936449137, -33.4130555685013], [-70.51206750448868, -33.413086642798106], [-70.51221787834614, -33.41308480958328], [-70.5122560184215, -33.41311588381973], [-70.51233120537057, -33.41311496712014], [-70.51236934549854, -33.41314604132006], [-70.51240693898453, -33.413145582941254], [-70.51241295239181, -33.413492441158944], [-70.51245109271835, -33.41352351532644], [-70.51245491958667, -33.41374424326752], [-70.51249306004136, -33.413775317417375], [-70.51249415346884, -33.41383838254046], [-70.51253229397952, -33.41386945667623], [-70.51253557436893, -33.41405865203715], [-70.51257371499334, -33.414089726156], [-70.51257590199434, -33.41421585639038], [-70.51253885478897, -33.41424784739201], [-70.51250126083038, -33.414248305824074], [-70.51224192953153, -33.41447224246657], [-70.51224302280639, -33.414535307589894], [-70.51220597534392, -33.41456729849773], [-70.5122087084823, -33.41472496130494], [-70.51160720166176, -33.4147322933429], [-70.51156906107967, -33.414701218928094], [-70.51115552515422, -33.414706257882045], [-70.51111738473928, -33.41467518332336], [-70.51104219640361, -33.414676099324915], [-70.5110416501968, -33.41464456674657], [-70.51100350984889, -33.41461349215065], [-70.5110007788998, -33.41445582925281], [-70.51096263865118, -33.41442475464068], [-70.51096154630636, -33.41436168947894], [-70.51073270555798, -33.414175241532085], [-70.51069511159929, -33.41417569941597], [-70.51058123765843, -33.41411400782396], [-70.5104308619136, -33.414115839104646], [-70.51039272201456, -33.41408476430569], [-70.5103175341625, -33.41408567985386], [-70.51027939431609, -33.414054605018414], [-70.51020420648607, -33.41405552049717], [-70.51019055946335, -33.413267205603844]]]}}, {"type": "Feature", "properties": {"codigo": "UEe1", "capa_cad": "UEe1", "lamina": "uso_suelo"}, "geometry": {"type": "Polygon", "coordinates": [[[-70.52204386600107, -33.40946377570898], [-70.52230700810017, -33.409460546610454], [-70.52242143390698, -33.40955375985501], [-70.52245902567016, -33.40955329847388], [-70.52249716767278, -33.40958436951816], [-70.52257235122198, -33.40958344669789], [-70.52261049327718, -33.409614517705656], [-70.5226856768484, -33.40961359481598], [-70.52268622715827, -33.40964512724969], [-70.52299136489601, -33.40989369465964], [-70.52302895679563, -33.409893233101705], [-70.52306709914772, -33.409924303959095], [-70.52314228296984, -33.409923380785216], [-70.52314338393337, -33.409986445635894], [-70.52352480949035, -33.4102971532608], [-70.52356240155443, -33.410296691536345], [-70.52367627910569, -33.41035837112591], [-70.52378905536654, -33.410356985778485], [-70.52379015681556, -33.41042005060576], [-70.5238282996673, -33.41045112121225], [-70.5238294011486, -33.410514186037425], [-70.52386754405637, -33.41054525662981], [-70.52387084860747, -33.410734451096964], [-70.52390899162897, -33.41076552167239], [-70.52391009318173, -33.41082858649199], [-70.52394823625923, -33.41085965705332], [-70.52394933784427, -33.41092272187081], [-70.5239874809778, -33.41095379241806], [-70.52398803178603, -33.410985324825845], [-70.52402617496114, -33.411016395359724], [-70.52402727660906, -33.41107946017333], [-70.52406541984016, -33.41111053069313], [-70.52407092827555, -33.411425854743825], [-70.52392276128498, -33.41155383186886], [-70.5237723908825, -33.411555679196184], [-70.52373424755109, -33.411524608590966], [-70.52358387718579, -33.411526455688396], [-70.52343130433508, -33.41140217295005], [-70.52339371179248, -33.411402634648205], [-70.52335556866039, -33.41137156392004], [-70.52320519853228, -33.41137341055108], [-70.52316705547821, -33.41134233976254], [-70.52309187043446, -33.41134326298588], [-70.52297744151146, -33.41125005047273], [-70.52293984902643, -33.41125051203153], [-70.52290170611911, -33.41121944115657], [-70.52282652117195, -33.41122036421612], [-70.52278837831722, -33.41118929330465], [-70.52263800846349, -33.411191139239406], [-70.52259986568677, -33.411160068267534], [-70.52256227323392, -33.411160529710834], [-70.52252523106421, -33.41119252357094], [-70.52237486118649, -33.41119436918693], [-70.5223378189319, -33.41122636299323], [-70.5223002264459, -33.41122682435793], [-70.52226318414974, -33.411258818142954], [-70.5221879991463, -33.411259740816526], [-70.52215095679414, -33.4112917345694], [-70.5217750315813, -33.41129634714583], [-70.52177448156623, -33.41126481470717], [-70.52169764658187, -33.411171139764406], [-70.52169654661373, -33.41110807488335], [-70.52165840419823, -33.411077003610984], [-70.52164850489869, -33.4105094196382], [-70.52168554712053, -33.41047742603569], [-70.52168444719005, -33.41041436114723], [-70.5217214893593, -33.41038236753501], [-70.52171983943184, -33.410287770202174], [-70.5217568815358, -33.41025577658066], [-70.52175468159365, -33.41012964680271], [-70.52179172361957, -33.410097653172244], [-70.5217906236282, -33.41003458828303], [-70.52182766560155, -33.410002594642876], [-70.52182656558817, -33.40993952975374], [-70.52186360750895, -33.409907536103894], [-70.52186250747356, -33.40984447121486], [-70.52189954934174, -33.40981247755533], [-70.52189789925694, -33.409717880221635], [-70.52197198283558, -33.40965389287348], [-70.52197088273245, -33.40959082798503], [-70.52200792445561, -33.409558834296035], [-70.52200682433049, -33.40949576940766], [-70.52204386600107, -33.40946377570898]]]}}, {"type": "Feature", "properties": {"codigo": "UEe1", "capa_cad": "UEe1", "lamina": "uso_suelo"}, "geometry": {"type": "Polygon", "coordinates": [[[-70.54989966264436, -33.409150388803], [-70.5499748448522, -33.409149449388565], [-70.55001187578195, -33.40911744763271], [-70.5502750133808, -33.409114159247835], [-70.55031316474431, -33.409145221460115], [-70.5508018489082, -33.409139112824526], [-70.55084000046395, -33.40917017486889], [-70.5510285164769, -33.40919935683781], [-70.55103187974161, -33.40938854893097], [-70.55110930441677, -33.40951373687882], [-70.55111266789669, -33.40970292895513], [-70.55115081981405, -33.40973399089083], [-70.55119121421153, -33.40989118085553], [-70.55145827898762, -33.4101086139415], [-70.55153402270912, -33.4101392055627], [-70.55168438870854, -33.4101373246587], [-70.55172254101863, -33.410168386405054], [-70.55206086458057, -33.410164153597584], [-70.552099577982, -33.41022674721862], [-70.55210350465578, -33.410447471177996], [-70.55214165725003, -33.410478532785675], [-70.55215624278857, -33.41129836454337], [-70.55219439578559, -33.411329426119416], [-70.55220224998395, -33.41177087393147], [-70.55212706559705, -33.41177181476046], [-70.5520524421731, -33.41180428753146], [-70.5519413483226, -33.41190029458961], [-70.5513774644297, -33.41190734853527], [-70.5513387507418, -33.41184475471172], [-70.55133482579438, -33.411624030722066], [-70.55129667295945, -33.411592968877855], [-70.55129555158267, -33.411529904877824], [-70.55106663531657, -33.411343533537675], [-70.55099089068412, -33.41131294166219], [-70.55084052260955, -33.41131482178385], [-70.55080237008421, -33.41128375977707], [-70.55046404197971, -33.41128798927732], [-70.55042588959581, -33.41125692715038], [-70.55031311358339, -33.41125833674305], [-70.55027608189113, -33.411290338601226], [-70.55012571380456, -33.41129221785543], [-70.5500140581703, -33.411356691217314], [-70.54986368995074, -33.41135857015724], [-70.54982665804702, -33.4113905718867], [-70.54960110560484, -33.4113933898901], [-70.54952480136183, -33.41133126507852], [-70.54948720931047, -33.41133173468203], [-70.54948384914687, -33.411142542509715], [-70.54966900853597, -33.41098253426087], [-70.5496678883614, -33.41091947020598], [-70.54970492013237, -33.41088746852569], [-70.54970099945993, -33.41066674433099], [-70.54973803111486, -33.41063474264299], [-70.54973579069897, -33.4105086145296], [-70.54977282227595, -33.410476612832724], [-70.54976778127694, -33.41019282457121], [-70.54980481271245, -33.41016082286741], [-70.54980033178214, -33.409908566626584], [-70.54983736308891, -33.4098765649155], [-70.54983232199473, -33.40959277663515], [-70.54986935316005, -33.409560774917125], [-70.54986487214512, -33.4093085186596], [-70.54990190318169, -33.40927651693426], [-70.54989966264436, -33.409150388803]]]}}, {"type": "Feature", "properties": {"codigo": "UEe1", "capa_cad": "UEe1", "lamina": "uso_suelo"}, "geometry": {"type": "Polygon", "coordinates": [[[-70.56494225581775, -33.409308449688226], [-70.56505276608483, -33.40918089965031], [-70.56520312946473, -33.40917900241034], [-70.56535236139871, -33.40911404138591], [-70.56546343656912, -33.40901802280353], [-70.56561379963883, -33.409016125074], [-70.56565082458353, -33.40898411881575], [-70.56587580317391, -33.40894974002086], [-70.5659874434861, -33.40888525278305], [-70.56613724029592, -33.40885182263437], [-70.56624831425124, -33.408755803379954], [-70.56651144872451, -33.40875248059209], [-70.5665496055001, -33.40878353764761], [-70.56662478679563, -33.40878258815331], [-70.56673925736138, -33.40887575917206], [-70.56689018635988, -33.40890539168275], [-70.56708097150509, -33.40906067621773], [-70.56715671938626, -33.40909125816882], [-70.56730708246025, -33.409089358383554], [-70.56734523966131, -33.40912041518006], [-70.56764596586848, -33.40911661496756], [-70.56768412319822, -33.40914767165582], [-70.56783448633139, -33.40914577122858], [-70.56798598278586, -33.40920693414172], [-70.5682872759764, -33.40923466412402], [-70.56832543357967, -33.4092657206062], [-70.56840061522661, -33.4092647700238], [-70.56859083688555, -33.409388520374016], [-70.5686660186287, -33.40938756962772], [-70.56870417643114, -33.409418625986724], [-70.56885453995764, -33.40941672430974], [-70.56889269783798, -33.40944778060828], [-70.56900547051166, -33.409446354195175], [-70.5690436284572, -33.40947741044517], [-70.56919399206049, -33.40947550835386], [-70.56942237341126, -33.4096303135636], [-70.56957273725068, -33.40962841100564], [-70.5696108954733, -33.40965946707198], [-70.56972366838166, -33.40965803999814], [-70.56976182666949, -33.409689096015946], [-70.5699121905857, -33.40968719304366], [-70.56995034895144, -33.409718249001], [-70.57002553092963, -33.40971729742266], [-70.5701400062658, -33.409810465146855], [-70.57025334684164, -33.409840569310056], [-70.57025561685445, -33.409966696202986], [-70.57021859325437, -33.40999870379405], [-70.57021972824069, -33.4100617672403], [-70.57014568090833, -33.41012578239279], [-70.57011092703242, -33.41028391684862], [-70.56977203858304, -33.41025666716061], [-70.5696575630204, -33.410163499108826], [-70.56950663102675, -33.41013387006306], [-70.56946847262537, -33.41010281397189], [-70.56931810796101, -33.41010471642723], [-70.56927994963755, -33.410073660275565], [-70.56924292562356, -33.41010566758659], [-70.56909256093802, -33.41010756976873], [-70.56890687314792, -33.41023607420934], [-70.5687940994484, -33.41023750056245], [-70.56871948393365, -33.41026998315228], [-70.5686454352926, -33.410333997444155], [-70.56853322834318, -33.4103669553103], [-70.56842215500986, -33.41046297657377], [-70.56834697233143, -33.41046392719918], [-70.56819830728318, -33.41056042356715], [-70.56804850845928, -33.410593856259176], [-70.56793743429574, -33.41068987710909], [-70.56786225140436, -33.41069082744645], [-70.5677135854194, -33.4107873232568], [-70.56745044496209, -33.41079064877209], [-70.56744931194565, -33.410727585249504], [-70.56714404899687, -33.41047913101306], [-70.56706829989436, -33.41044854909583], [-70.56695552582087, -33.41044997378574], [-70.56687921051095, -33.41038785997883], [-70.56687807792461, -33.41032479643489], [-70.56661097539732, -33.41010739770091], [-70.56653522679647, -33.410076815441435], [-70.56638486196553, -33.4100787143406], [-70.56634670466082, -33.41004765725544], [-70.56619633986654, -33.41004955592467], [-70.56592923984893, -33.409832155638924], [-70.56577830951176, -33.409802522000156], [-70.56574015254017, -33.409771464717224], [-70.56558978817813, -33.40977336263759], [-70.56555163128446, -33.40974230529415], [-70.56547701489734, -33.40977478595832], [-70.565251468312, -33.40977763229246], [-70.56513699805511, -33.40968445990158], [-70.56509940699254, -33.409684934214916], [-70.5650595534469, -33.40955928130426], [-70.5649450836839, -33.40946610871875], [-70.56494225581775, -33.409308449688226]]]}}, {"type": "Feature", "properties": {"codigo": "UEe1", "capa_cad": "UEe1", "lamina": "uso_suelo"}, "geometry": {"type": "Polygon", "coordinates": [[[-70.57980297487464, -33.40565079831553], [-70.5811163060863, -33.40550791011397], [-70.58149676756031, -33.4057553710613], [-70.58187380148047, -33.40581364136626], [-70.58187780279195, -33.40603436233482], [-70.5817308754402, -33.40622546903283], [-70.58166198392031, -33.40657327486208], [-70.58132882198605, -33.406861372121014], [-70.58102867686046, -33.40689673684537], [-70.58073195881751, -33.40712129032294], [-70.58073881362515, -33.407499669250114], [-70.58549999183472, -33.41087663603979], [-70.58583945897372, -33.41093537400851], [-70.58584289793028, -33.41112456289101], [-70.58558663562462, -33.41150630468132], [-70.5854807376997, -33.411886124034524], [-70.58536968179412, -33.41198215996396], [-70.58533552810111, -33.41217182933341], [-70.58522447167957, -33.41226786514398], [-70.58519031758325, -33.41245753447763], [-70.58507926064573, -33.41255357016933], [-70.58504510614608, -33.412743239467176], [-70.58471766104576, -33.413346660771], [-70.58445451502631, -33.413350022576424], [-70.5838854780416, -33.41307344107452], [-70.58358359577527, -33.41301421803823], [-70.58297697156645, -33.41273811214774], [-70.5828266033398, -33.41274003110726], [-70.58244610696715, -33.41249257551607], [-70.58187765342777, -33.41224751594342], [-70.5816105087725, -33.412030150852885], [-70.58130748837787, -33.41190785902686], [-70.58069802218664, -33.41147408373456], [-70.58054708471651, -33.4114444683093], [-70.57917780751384, -33.41057882100054], [-70.57883378058065, -33.410267811895196], [-70.57863897878667, -33.40989182499338], [-70.57844817192606, -33.409736558916634], [-70.57832969524004, -33.409422677900444], [-70.57847777622518, -33.40929463815328], [-70.57865717164358, -33.4088192722312], [-70.57884170037283, -33.408627690473345], [-70.57905811207101, -33.408120313963494], [-70.57916917042303, -33.40802428356922], [-70.57920333634927, -33.40783461542943], [-70.5793884326071, -33.407674564522026], [-70.57942259794883, -33.407484896329564], [-70.5796076930754, -33.407324845119824], [-70.57964185783267, -33.4071351768747], [-70.57986339963492, -33.4069115834365], [-70.58023815351723, -33.40684373223456], [-70.5804961402383, -33.406556595689956], [-70.5804534107778, -33.40627329034268], [-70.57988214923246, -33.405870562056634], [-70.57980297487464, -33.40565079831553]]]}}, {"type": "Feature", "properties": {"codigo": "UEe1", "capa_cad": "UEe1", "lamina": "uso_suelo"}, "geometry": {"type": "Polygon", "coordinates": [[[-70.56123161471385, -33.405759765624914], [-70.56123499965612, -33.40594895690484], [-70.56074633577903, -33.40595510611732], [-70.56070818227461, -33.40592404716653], [-70.56067115670785, -33.405956051979274], [-70.56037044038803, -33.40595983497185], [-70.56036818500475, -33.40583370740077], [-70.56047926181806, -33.40573769319567], [-70.56085515623286, -33.40573296403909], [-70.56089218163855, -33.405700959175014], [-70.56119289699161, -33.40569717494373], [-70.56119346113113, -33.40572870682504], [-70.56123161471385, -33.405759765624914]]]}}, {"type": "Feature", "properties": {"codigo": "UEe1", "capa_cad": "UEe1", "lamina": "uso_suelo"}, "geometry": {"type": "Polygon", "coordinates": [[[-70.55408286608007, -33.40547106284407], [-70.5541210171048, -33.40550212390936], [-70.55416141454192, -33.40565931291198], [-70.55423827847005, -33.405752966958964], [-70.55427867625163, -33.40591015590777], [-70.55443240498508, -33.406097463775254], [-70.5544335283974, -33.40616052773666], [-70.55447167985419, -33.40619158867841], [-70.55451207828881, -33.40634877752245], [-70.55466580832316, -33.40653608505099], [-70.55466693192282, -33.406599149000925], [-70.55478307274586, -33.40678692745963], [-70.55478419644093, -33.406849991403504], [-70.55486050024574, -33.406912113027246], [-70.55489921408103, -33.406974705789615], [-70.55490033786803, -33.407037769728106], [-70.55497720384606, -33.40713142323896], [-70.55497832769609, -33.407194487173506], [-70.55501647980729, -33.40722554792398], [-70.55501985146508, -33.40741473971921], [-70.55490708066353, -33.40741615334484], [-70.55475840513827, -33.407512633926764], [-70.55468322451111, -33.40751357619924], [-70.5545715771363, -33.40757805346545], [-70.55449639644611, -33.407578995626345], [-70.55442177748569, -33.407611469715114], [-70.55434772017624, -33.40767547573464], [-70.55404699702686, -33.40767924357213], [-70.55400996821585, -33.407711246479664], [-70.55385960656241, -33.407713130081945], [-70.55378498723648, -33.40774560379706], [-70.55356281320428, -33.40793762063601], [-70.55356393606665, -33.40800068460474], [-70.55352690694089, -33.408032687375496], [-70.55352859120289, -33.408127283328504], [-70.55345453279378, -33.40819128884109], [-70.55337935153544, -33.408192230340326], [-70.55334232226127, -33.40822423305932], [-70.55292882511908, -33.40822941037219], [-70.55289179565888, -33.40826141296172], [-70.55270384230526, -33.40826376577632], [-70.55243678037158, -33.40804633523695], [-70.55236103820357, -33.408015744113875], [-70.55221067590782, -33.40801762573295], [-70.55217252440221, -33.40798656410426], [-70.55209790417682, -33.408019036827746], [-70.55187236069126, -33.40802185870998], [-70.55183420929994, -33.4079907969738], [-70.5517938147729, -33.40783360718014], [-70.55164008835811, -33.40764629601709], [-70.55163896690097, -33.407583231987175], [-70.55160081578806, -33.40755217016913], [-70.55156042191403, -33.40739498027073], [-70.55140669680014, -33.40720766876884], [-70.55140277237096, -33.40698694462111], [-70.5514403625167, -33.40698647449092], [-70.5515514509007, -33.40689046797295], [-70.55170181130161, -33.40688858720852], [-70.55185105011047, -33.40682364223067], [-70.55196213782739, -33.40672763536142], [-70.55211249791847, -33.40672575410736], [-70.55214952704539, -33.40669375175345], [-70.55222470705681, -33.406692811036486], [-70.55237338414913, -33.406596333439246], [-70.55244856406865, -33.406595392589054], [-70.55259780179203, -33.40653044674014], [-70.55285700326287, -33.40630642907539], [-70.55285588098343, -33.40624336506826], [-70.55289290963103, -33.406211362503775], [-70.55288673701692, -33.405864510456745], [-70.55292432665279, -33.40586403989087], [-70.55303541197043, -33.40576803211533], [-70.55318577033181, -33.40576614960817], [-70.55333500607667, -33.40570120292058], [-70.55344609072723, -33.40560519479379], [-70.55359644877878, -33.40560331179704], [-70.55363347688358, -33.40557130902396], [-70.55370865587523, -33.40557036743565], [-70.55385732939133, -33.40547388814524], [-70.55408286608007, -33.40547106284407]]]}}, {"type": "Feature", "properties": {"codigo": "UEe1", "capa_cad": "UEe1", "lamina": "uso_suelo"}, "geometry": {"type": "Polygon", "coordinates": [[[-70.54006138578389, -33.405614391165486], [-70.5402117448029, -33.40561252438777], [-70.54024989112705, -33.405643589859686], [-70.54040025018301, -33.4056417228521], [-70.5404383965851, -33.4056727882636], [-70.5405511659061, -33.40567138785259], [-70.54058931237344, -33.40570245321561], [-70.5407396715068, -33.40570058579383], [-70.54077781805209, -33.40573165109644], [-70.5407811586551, -33.40592084421195], [-70.54081930531416, -33.405951909497546], [-70.54082041888431, -33.406014973866576], [-70.5410492995819, -33.40620136530554], [-70.54112503646388, -33.406231963505256], [-70.54127539647146, -33.40623009540826], [-70.54131354344004, -33.406261160531415], [-70.54165185352072, -33.40625695653988], [-70.54180332782717, -33.406318152139995], [-70.54195368793518, -33.4063162832168], [-70.54199183517574, -33.40634734812289], [-70.54210460528573, -33.40634594627517], [-70.5422560800443, -33.4064071413079], [-70.54240644027351, -33.40640527183168], [-70.54240978449215, -33.40659446478141], [-70.54233683360432, -33.406721528183205], [-70.54233850565436, -33.4068161246571], [-70.54230147275838, -33.40684812418589], [-70.54230370211975, -33.40697425281696], [-70.54226666914582, -33.40700625233685], [-70.54226778380631, -33.40706931665214], [-70.54219483233935, -33.40719637997835], [-70.54219706157606, -33.407322508608665], [-70.54212410980769, -33.407449571897274], [-70.54212578167332, -33.40754416836954], [-70.54205282962721, -33.40767123162015], [-70.54205450142963, -33.40776582809223], [-70.54201746803705, -33.40779782754604], [-70.54198266359771, -33.40795595561958], [-70.5419085965752, -33.408019954478085], [-70.54190971101978, -33.40808301879372], [-70.5418726774424, -33.408115018208086], [-70.54187434907767, -33.40820961468141], [-70.54183731543505, -33.40824161408651], [-70.5418384298375, -33.40830467840199], [-70.5418013961423, -33.40833667779742], [-70.54180306771437, -33.408431274270555], [-70.54176603395393, -33.40846327365671], [-70.54176714831425, -33.408526337972056], [-70.54173067167, -33.408589869506365], [-70.54146753458951, -33.40859313972501], [-70.54142938651437, -33.40856207469131], [-70.54127902250012, -33.40856394308949], [-70.54124087450295, -33.408532877995384], [-70.54112810152127, -33.40853427913868], [-70.54108995358935, -33.408503213996084], [-70.54093958965247, -33.40850508198002], [-70.54090144179851, -33.408474016776985], [-70.54082625985029, -33.40847495067678], [-70.54067366880756, -33.40835068964254], [-70.54066977135315, -33.408129964415906], [-70.54070680539256, -33.408097965348], [-70.54070569181654, -33.40803490099678], [-70.54077864613978, -33.40790783848085], [-70.54077697571124, -33.40781324195408], [-70.540888077237, -33.4077172446332], [-70.54088696354609, -33.407654180283494], [-70.5409239973083, -33.40762218115644], [-70.54092009932847, -33.40740145592988], [-70.54099305284208, -33.40727439329944], [-70.54098971160829, -33.40708520024413], [-70.54095156437866, -33.40705413503237], [-70.54095045066987, -33.40699107067782], [-70.54072156803531, -33.40680467913265], [-70.54064583077938, -33.406774080699456], [-70.54049546979007, -33.40677594806024], [-70.54045732286998, -33.40674488268605], [-70.54038214239553, -33.406745816274274], [-70.54030584868757, -33.40668368544013], [-70.5401543747119, -33.40662248800251], [-70.54000401394896, -33.406624354760304], [-70.5399658672662, -33.40659328922728], [-70.53977735993541, -33.40656409016176], [-70.53977513425954, -33.40643796137225], [-70.53981216794499, -33.40640596257426], [-70.53981105508684, -33.40634289817925], [-70.53984808871974, -33.406310899371604], [-70.53984697583965, -33.406247834976696], [-70.53991993004576, -33.40612077293759], [-70.5399182606611, -33.406026176345286], [-70.53999121458945, -33.405899114268145], [-70.53998954514157, -33.40580451767565], [-70.54002657848629, -33.40577251882043], [-70.54006138578389, -33.405614391165486]]]}}, {"type": "Feature", "properties": {"codigo": "UEe1", "capa_cad": "UEe1", "lamina": "uso_suelo"}, "geometry": {"type": "Polygon", "coordinates": [[[-70.53689089729141, -33.402783650830386], [-70.53704125165856, -33.402781788033366], [-70.5372701158026, -33.40296818701458], [-70.53730770446845, -33.40296772121526], [-70.53730825992159, -33.402999253467144], [-70.53776599146613, -33.40337204991048], [-70.53780358029712, -33.403371583955995], [-70.53784172478159, -33.403402650232046], [-70.5379544913075, -33.403401252264494], [-70.53799263585722, -33.403432318492094], [-70.5381429912638, -33.40343045432827], [-70.53818113589148, -33.40346152049547], [-70.53829390247543, -33.4034601222173], [-70.53833093550256, -33.403428123867435], [-70.53859405740047, -33.40342486074425], [-70.53859628111546, -33.40355098966519], [-70.53855924813855, -33.40358298809237], [-70.53856035997585, -33.4036460525526], [-70.5385233269464, -33.40367805097012], [-70.5385249946707, -33.403772647660354], [-70.53841389530523, -33.40386864285376], [-70.53841500704952, -33.40393170731538], [-70.53837797384801, -33.40396370569307], [-70.53837964143285, -33.40405830238541], [-70.53826854155118, -33.40415429745932], [-70.53826965320252, -33.40421736192235], [-70.53823261982893, -33.404249360260216], [-70.53823428727432, -33.40434395695467], [-70.53808393030066, -33.40434582127391], [-70.5380468968041, -33.40437781955918], [-70.5378589504954, -33.404380149648006], [-70.5376300813109, -33.404193751936326], [-70.5375924921228, -33.40419421784833], [-70.5375543473664, -33.40416315150681], [-70.53740399065613, -33.40416501499326], [-70.53736584597769, -33.40413394859132], [-70.53732825681068, -33.40413441442255], [-70.53729122311437, -33.404166412488586], [-70.53714086637989, -33.40416827565635], [-70.53710383259869, -33.40420027366864], [-70.53687829738446, -33.404203068013885], [-70.53684015286944, -33.40417200144558], [-70.53680256367674, -33.404172467118016], [-70.53676441920159, -33.404141400525106], [-70.53672683002074, -33.40414186617422], [-70.53661239679619, -33.40404866628376], [-70.53657480765258, -33.404049131885685], [-70.53653666331138, -33.404018065218274], [-70.536461485047, -33.40401899636412], [-70.53630890805522, -33.40389472947241], [-70.53627131897254, -33.40389519498052], [-70.53615688655178, -33.40380199464299], [-70.53611929750636, -33.40380246010391], [-70.5361165223122, -33.40364479877519], [-70.5361905901406, -33.40358080331707], [-70.53619003507896, -33.40354927105158], [-70.5362641027734, -33.40348527555247], [-70.5363392805851, -33.40348434453929], [-70.53637631436274, -33.403452346752395], [-70.53641390325286, -33.40345188121791], [-70.53656203803436, -33.40332388992269], [-70.53659962686588, -33.40332342433351], [-70.53685886158772, -33.403099439089075], [-70.53685775100276, -33.40303637457286], [-70.53689478440049, -33.40300437663981], [-70.53689089729141, -33.402783650830386]]]}}, {"type": "Feature", "properties": {"codigo": "UEe1", "capa_cad": "UEe1", "lamina": "uso_suelo"}, "geometry": {"type": "Polygon", "coordinates": [[[-70.5218322971441, -33.40164464664663], [-70.52183559616908, -33.401833841564766], [-70.52187373447181, -33.401864912940006], [-70.52187758347421, -33.4020856403318], [-70.52191572190505, -33.402116711689345], [-70.52191957105038, -33.40233743906788], [-70.5219577096093, -33.40236851040777], [-70.5219621087993, -33.40262077025308], [-70.52192506990217, -33.40265276388003], [-70.52154918185785, -33.40265737472431], [-70.52151214278935, -33.40268936823248], [-70.52124902100644, -33.40269259507048], [-70.52121198180983, -33.40272458849235], [-70.52079850447905, -33.40272965799189], [-70.52076146509663, -33.40276165128417], [-70.5202728097484, -33.40276764059461], [-70.52026621826984, -33.402389250534334], [-70.52022808028298, -33.4023581786576], [-70.52022423541165, -33.40213745110621], [-70.5201860975529, -33.402106379211816], [-70.52017950661548, -33.401727989095924], [-70.52025358494681, -33.401664002850985], [-70.52025303568216, -33.401632470341], [-70.52029007479442, -33.401600477203225], [-70.52164325576253, -33.40158388702984], [-70.52168139388628, -33.40161495847046], [-70.52175657059966, -33.40161403633783], [-70.52179470877599, -33.40164510774194], [-70.5218322971441, -33.40164464664663]]]}}, {"type": "Feature", "properties": {"codigo": "UEe1", "capa_cad": "UEe1", "lamina": "uso_suelo"}, "geometry": {"type": "Polygon", "coordinates": [[[-70.48359591185962, -33.40160317212575], [-70.48360502436192, -33.4021392337971], [-70.4835679711443, -33.40217121635685], [-70.48356850716863, -33.40220274939519], [-70.48191457853923, -33.40222251710948], [-70.48191404311197, -33.40219098404761], [-70.48187591840686, -33.40215989999464], [-70.48186681651546, -33.40162383790497], [-70.481903870152, -33.40159185583991], [-70.48355778684069, -33.40157208859637], [-70.48359591185962, -33.40160317212575]]]}}, {"type": "Feature", "properties": {"codigo": "UEe1", "capa_cad": "UEe1", "lamina": "uso_suelo"}, "geometry": {"type": "Polygon", "coordinates": [[[-70.57496431338248, -33.40003532201325], [-70.57507536647289, -33.399939295334164], [-70.57533847325409, -33.39993595460084], [-70.57545294079092, -33.400029117772064], [-70.57571718632335, -33.400088839611314], [-70.5759073973454, -33.40021257919736], [-70.57609590068267, -33.400241723422795], [-70.5762103694138, -33.40033488585503], [-70.57636128625353, -33.40036450721703], [-70.57647575542435, -33.4004576693895], [-70.57662667255481, -33.400487290419136], [-70.57674114216532, -33.40058045233186], [-70.57711872078865, -33.40067026955782], [-70.5772331911538, -33.40076343099129], [-70.57749743999132, -33.40082314892966], [-70.5776876550684, -33.400946885650164], [-70.57783800335181, -33.40094497351225], [-70.57799063204352, -33.40106918779683], [-70.57821672493556, -33.401097850609105], [-70.57833119701078, -33.401191010972035], [-70.57848211595574, -33.40122062968474], [-70.5786347460299, -33.401344843130225], [-70.57886083980259, -33.40137350473983], [-70.57897531291468, -33.40146666447343], [-70.57923956493948, -33.40152637859579], [-70.57935403864875, -33.40161953795982], [-70.57950495863622, -33.40164915539389], [-70.57961943278518, -33.401742314498115], [-70.57988368603621, -33.40180202720799], [-70.57999816078234, -33.401895185942635], [-70.58014908143643, -33.40192480257117], [-70.58026355662226, -33.402017961046], [-70.5805278110995, -33.40207767234335], [-70.58064228688251, -33.4021708304486], [-70.5806092679681, -33.40242356220285], [-70.58046177249182, -33.40258313580255], [-70.5804276108956, -33.40277280430279], [-70.58016849273854, -33.40299687733575], [-70.58013433037695, -33.403186545766545], [-70.57994981557695, -33.40337812918797], [-70.57991508176646, -33.40353626595677], [-70.57976758318989, -33.40369583879595], [-70.57976872480381, -33.40375890201641], [-70.5797317073524, -33.40379091229875], [-70.57954376604049, -33.403793305489934], [-70.5793170951468, -33.403733113710004], [-70.57920261860808, -33.40363995442279], [-70.57893836014317, -33.403580240428674], [-70.57871054934076, -33.403456984256614], [-70.57856019679407, -33.40345889757816], [-70.578217911835, -33.40324248043599], [-70.5780664192594, -33.403181329872346], [-70.57791606714079, -33.40318324239952], [-70.57768768872354, -33.40302845262377], [-70.57753733684078, -33.403030364684355], [-70.5771950560268, -33.402813944580906], [-70.5770059770103, -33.40275327055448], [-70.57689321341799, -33.4027547039871], [-70.57655093523762, -33.40253828201802], [-70.57636185723352, -33.4024776069763], [-70.57624909396229, -33.40247903981317], [-70.57598313257365, -33.40232472432836], [-70.57587036947935, -33.4023261568153], [-70.57560327066717, -33.402108777118066], [-70.57522625625424, -33.40205048712315], [-70.5751117862089, -33.40195732384261], [-70.57488512285796, -33.40189712371551], [-70.57477065337179, -33.401803960101304], [-70.57458214699633, -33.40177481395464], [-70.57446767798794, -33.40168165004484], [-70.57424101575648, -33.40162144870396], [-70.57420229082955, -33.401558862263045], [-70.57419887834779, -33.40136967202481], [-70.57438340206907, -33.40117809685402], [-70.57441814520979, -33.40101996131005], [-70.57456564951588, -33.40086039461247], [-70.57459982334714, -33.40067072731875], [-70.57471087763186, -33.40057470094005], [-70.57474505105975, -33.40038503361044], [-70.57493014053902, -33.40022498939562], [-70.57496431338248, -33.40003532201325]]]}}, {"type": "Feature", "properties": {"codigo": "UEe1", "capa_cad": "UEe1", "lamina": "uso_suelo"}, "geometry": {"type": "Polygon", "coordinates": [[[-70.56594064417912, -33.39999185718935], [-70.56601694944429, -33.40005397195864], [-70.5660567994471, -33.40017962483351], [-70.56624756343714, -33.400334911460504], [-70.56624869513904, -33.40039797512514], [-70.5666689446338, -33.400771136396614], [-70.56667120868737, -33.40089726369091], [-70.56652085967923, -33.400899162296426], [-70.56648270647811, -33.4008681050932], [-70.56629420438337, -33.40083894620519], [-70.56617974517644, -33.40074577433812], [-70.56602883061414, -33.40071614050682], [-70.56591437184696, -33.4006229683801], [-70.56572530477261, -33.400562276767076], [-70.56557495627331, -33.400564174209784], [-70.56553680354824, -33.40053311669988], [-70.56549978201839, -33.40056512286286], [-70.56534943349796, -33.40056702003246], [-70.56497865072585, -33.40085554880766], [-70.56494445581458, -33.4010452140572], [-70.56475934572337, -33.401205243934335], [-70.5647251502273, -33.401394909130985], [-70.56457706130368, -33.40152293281138], [-70.56457819184978, -33.401585996514335], [-70.56454116952567, -33.40161800240919], [-70.56454456110896, -33.4018071935164], [-70.56458271406936, -33.40183825131946], [-70.56458384463305, -33.40190131501905], [-70.56481276313869, -33.402087661562305], [-70.56488850412643, -33.402118245131476], [-70.56503885535166, -33.40211634844295], [-70.5651533152425, -33.40220952132621], [-70.56541756130095, -33.40226926510301], [-70.56553202178911, -33.40236243761693], [-70.56568293907844, -33.40239207196712], [-70.56579740000639, -33.40248524422139], [-70.56606164729196, -33.402544986586115], [-70.56606447645466, -33.402702645704274], [-70.56591638742235, -33.4028306709653], [-70.56588219396397, -33.40302033637833], [-70.56577112663312, -33.4031163551894], [-70.56569991018262, -33.40333802680749], [-70.56544131693192, -33.403593602031386], [-70.5652909631912, -33.403595499281295], [-70.56517650127905, -33.403502326602364], [-70.56491225159479, -33.40344258242735], [-70.56476020193972, -33.40334988351062], [-70.56472035214992, -33.40322423026881], [-70.56445327728065, -33.403006825857936], [-70.56437753565018, -33.40297624204523], [-70.56422718289633, -33.40297813797533], [-70.56418902954269, -33.40294708007924], [-70.56385073590926, -33.40295134514872], [-70.56373627635375, -33.40285817106186], [-70.5635853588148, -33.4028285343492], [-70.56358140424284, -33.40260781132532], [-70.56361842733585, -33.40257580569945], [-70.56361673249444, -33.402481210116434], [-70.56387532808522, -33.402225638593194], [-70.56394654842383, -33.402003967875984], [-70.56424216416826, -33.4017163899163], [-70.56424103385933, -33.40165332620453], [-70.5642780563117, -33.40162132039582], [-70.56427410016933, -33.40140059740206], [-70.56423594751267, -33.40136953949318], [-70.56423481722311, -33.40130647577769], [-70.56415851204898, -33.40124435991898], [-70.56415625159596, -33.4011182324801], [-70.56434136265256, -33.400958203474104], [-70.56437555885542, -33.40076853835111], [-70.56448662489211, -33.400672520797144], [-70.56452082069129, -33.40048285563813], [-70.56467116912636, -33.400480959476695], [-70.56482038687294, -33.4004159994263], [-70.56500549523396, -33.40025596949046], [-70.56508066924046, -33.40025502114454], [-70.56522932080343, -33.400158528770625], [-70.56537966862898, -33.40015663176694], [-70.56552888526815, -33.40009167089237], [-70.56563994916218, -33.39999565235757], [-70.56594064417912, -33.39999185718935]]]}}, {"type": "Feature", "properties": {"codigo": "UEe1", "capa_cad": "UEe1", "lamina": "uso_suelo"}, "geometry": {"type": "Polygon", "coordinates": [[[-70.56737765341975, -33.398365222437356], [-70.56745282571285, -33.398364272701606], [-70.56748984560187, -33.39833226599284], [-70.56752743173264, -33.398331791097085], [-70.56760147140041, -33.398267777626664], [-70.56767664360153, -33.39826682775777], [-70.56771366336582, -33.398234820985316], [-70.56775124945062, -33.398234346022996], [-70.56782528886895, -33.3981703324252], [-70.56793748061767, -33.39813737558702], [-70.56812257840863, -33.39797734125003], [-70.56819775034091, -33.397976391072724], [-70.56823476978883, -33.39794438415247], [-70.5682723557392, -33.39794390903594], [-70.56834639452475, -33.39787989514253], [-70.56842156636506, -33.39787894483209], [-70.56845858568826, -33.39784693784812], [-70.56849617159266, -33.397846462665015], [-70.56860722935612, -33.39775044161824], [-70.56868240107558, -33.39774949115302], [-70.56871942024692, -33.397717484094976], [-70.56875700609088, -33.39771700883448], [-70.56883104432329, -33.39765299466551], [-70.56890621595078, -33.39765204406716], [-70.5689432349974, -33.397620036945426], [-70.56913116397844, -33.39761766019635], [-70.56916931661918, -33.39764871661449], [-70.56928207403526, -33.39764729039268], [-70.56932022674118, -33.397678346762326], [-70.569470570001, -33.39767644492618], [-70.56958502843369, -33.39776961381566], [-70.56962261428447, -33.39776913829234], [-70.56966076716232, -33.397800194551536], [-70.56973593888661, -33.397799243446876], [-70.56977409181694, -33.39783029966948], [-70.56984926356306, -33.39782934849542], [-70.56985039775898, -33.39789241207671], [-70.56988855077067, -33.39792346826129], [-70.56988968499903, -33.3979865318404], [-70.57004343178016, -33.398173820018606], [-70.57004456613113, -33.39823688359049], [-70.57008271936516, -33.39826793970728], [-70.57008385374857, -33.398331003277], [-70.57012200703863, -33.398362059379636], [-70.57016129480056, -33.39845617903569], [-70.5702376015741, -33.39851829117457], [-70.57023873608014, -33.39858135473709], [-70.57027688953653, -33.39861241078603], [-70.570278024075, -33.39867547434639], [-70.57035489842637, -33.39876911818178], [-70.57035603302793, -33.39883218173817], [-70.57039418663793, -33.39886323774542], [-70.57039475395449, -33.39889476952261], [-70.57047106128476, -33.3989568814976], [-70.57047843685602, -33.399366794566795], [-70.57044141767712, -33.39939880214327], [-70.5701783118953, -33.399402132446326], [-70.57006385063812, -33.39930896420908], [-70.57002626413238, -33.39930943988531], [-70.56998811044693, -33.39927838376891], [-70.56991293745816, -33.39927933506333], [-70.5698747838252, -33.39924827891036], [-70.56976202437347, -33.39924970573084], [-70.56964756375153, -33.39915653708837], [-70.56960997730388, -33.3991570126366], [-70.56949608396046, -33.399095375633955], [-70.56934573825905, -33.39909727757201], [-70.56930758490302, -33.39906622123547], [-70.56927056540304, -33.39909822847277], [-70.56912021968046, -33.39910013013775], [-70.56908320009558, -33.39913213732138], [-70.56904561364827, -33.39913261269837], [-70.56874945587693, -33.39938866970604], [-70.56875058934547, -33.39945173330471], [-70.5687135694766, -33.3994837403846], [-70.5687147029233, -33.399546803983384], [-70.56845159647749, -33.3995501306383], [-70.56818452426987, -33.39933273408148], [-70.56814693772, -33.39933320918877], [-70.56787986693055, -33.399115811927054], [-70.5678422804686, -33.39911628693935], [-70.56784171406916, -33.39908475512467], [-70.56776540842775, -33.39902264148185], [-70.56776484205807, -33.39899110966552], [-70.56757407850156, -33.398835825332924], [-70.56757294590933, -33.398772761692406], [-70.56753479330833, -33.398741704786396], [-70.56753366074851, -33.39867864114374], [-70.5674955082035, -33.39864758422357], [-70.56745622318716, -33.39855346364444], [-70.5673799182906, -33.39849134973779], [-70.56737765341975, -33.398365222437356]]]}}, {"type": "Feature", "properties": {"codigo": "UEe1", "capa_cad": "UEe1", "lamina": "uso_suelo"}, "geometry": {"type": "Polygon", "coordinates": [[[-70.51436702987922, -33.39609046677954], [-70.51440516302259, -33.39612154062501], [-70.51444274914155, -33.39612108183482], [-70.51470968199374, -33.3963385983157], [-70.51474726820082, -33.396338139430654], [-70.51474781536685, -33.396369672048124], [-70.51482408219445, -33.39643181947505], [-70.5148251765867, -33.396494884706605], [-70.51486331007003, -33.39652595839968], [-70.51486440449452, -33.39658902362915], [-70.51490253803382, -33.39662009730815], [-70.51490582141425, -33.39680929298821], [-70.51494395506717, -33.39684036665029], [-70.51494504956297, -33.39690343187419], [-70.51498318327185, -33.396934505522196], [-70.51499686511725, -33.39772282074635], [-70.51495982558974, -33.39775481233104], [-70.51469671787903, -33.39775802485778], [-70.51465967822347, -33.397790016356176], [-70.5145093308838, -33.39779185179207], [-70.51447229114342, -33.39782384323667], [-70.51443470429197, -33.397824302056364], [-70.51428654500154, -33.39795226768696], [-70.51417378426902, -33.397953643947766], [-70.51413674433533, -33.39798563529677], [-70.51383604889587, -33.397989304738246], [-70.51379791510534, -33.397958230744145], [-70.51372274126238, -33.39795914796688], [-70.51372219443361, -33.39792761534254], [-70.51364592701364, -33.39786546726727], [-70.5136382719038, -33.39742401048881], [-70.51360013843636, -33.39739293642223], [-70.51359248369522, -33.39695147960075], [-70.51355435045672, -33.39692040551153], [-70.51354724281963, -33.39651048128131], [-70.5136224154214, -33.39650956419986], [-70.51365945494496, -33.39647757300944], [-70.51369704123016, -33.39647711444081], [-70.51377112016706, -33.39641313200691], [-70.51384629267723, -33.39641221479219], [-70.51388333207616, -33.39638022353791], [-70.51392091831555, -33.39637976490264], [-70.51414315405293, -33.396187817092354], [-70.51414260710904, -33.396156284465135], [-70.51421668544572, -33.39609230177882], [-70.51436702987922, -33.39609046677954]]]}}, {"type": "Feature", "properties": {"codigo": "UEe1", "capa_cad": "UEe1", "lamina": "uso_suelo"}, "geometry": {"type": "Polygon", "coordinates": [[[-70.54921737616917, -33.39613327747381], [-70.54922017422885, -33.396290938019575], [-70.54918258864883, -33.39629140734506], [-70.5490715105871, -33.39638741158541], [-70.54899633933788, -33.39638835013734], [-70.54884767527615, -33.39648482344537], [-70.54873491826325, -33.39648623105643], [-70.5486603063333, -33.396518701522915], [-70.5485862537374, -33.39658270406278], [-70.54847405593526, -33.39661564355823], [-70.54836297666998, -33.39671164719358], [-70.54828780511639, -33.39671258532432], [-70.54813913969893, -33.396809057816725], [-70.54806396805353, -33.39680999581428], [-70.54798935558549, -33.396842465890714], [-70.54787827549072, -33.396938469112285], [-70.54780310372459, -33.39693940695501], [-70.54765443737139, -33.39703587888964], [-70.54757926551345, -33.397036816599176], [-70.54743059874028, -33.397133288275946], [-70.5473554267905, -33.3971342258523], [-70.54728081376912, -33.39716669551645], [-70.54716973247078, -33.39726269813296], [-70.54709456040031, -33.39726363555449], [-70.54694589269138, -33.397360106673446], [-70.54687072052909, -33.39736104396177], [-70.54679610712493, -33.39739351334397], [-70.54668502499709, -33.39748951554666], [-70.54660985271411, -33.39749045268016], [-70.5464611840694, -33.39758692324126], [-70.54638601169461, -33.397587860241565], [-70.5463113979077, -33.39762032934181], [-70.54623734262992, -33.39768433054483], [-70.54601182521962, -33.397687141009605], [-70.5459736805105, -33.39765607723044], [-70.54597256357104, -33.39759301292966], [-70.54593386046392, -33.397530416985035], [-70.54574313767738, -33.39737509782509], [-70.54574257929643, -33.397343565669914], [-70.54566629040058, -33.397281437915844], [-70.54566517369902, -33.397218373602094], [-70.5455883266488, -33.39712471363589], [-70.54558721001018, -33.39706164931823], [-70.54554906572939, -33.39703058539324], [-70.54554794912312, -33.39696752107346], [-70.54547054415556, -33.396842328859215], [-70.54539425589934, -33.39678020091481], [-70.54539369765698, -33.39674866875142], [-70.54520297756328, -33.396593348665185], [-70.54516260101155, -33.39643615593725], [-70.54500890957783, -33.39624883523493], [-70.5450061191268, -33.396091174374085], [-70.54504314659368, -33.39605917414388], [-70.54511831770004, -33.3960582379947], [-70.54519293064838, -33.39602576962994], [-70.54526698535993, -33.39596176905246], [-70.54534215637449, -33.39596083277009], [-70.54545379639691, -33.39589636392771], [-70.54552896734853, -33.395895427533794], [-70.54560357999726, -33.39586295892959], [-70.54575168842294, -33.39573495726459], [-70.54582685922503, -33.3957340206942], [-70.54593849858826, -33.39566955143193], [-70.5460136693274, -33.395668614749994], [-70.54616233530754, -33.39557214477633], [-70.54623750595486, -33.39557120796121], [-70.54638617151508, -33.39547473772971], [-70.5464613420706, -33.3954738007814], [-70.54653595399546, -33.395441331634565], [-70.54664703377793, -33.395345329605135], [-70.54672220421276, -33.395344392502004], [-70.54687086883732, -33.3952479217127], [-70.54694603918034, -33.3952469844764], [-70.54702065072247, -33.39521451504764], [-70.54713172967551, -33.39511851260442], [-70.54750758075244, -33.39511382519369], [-70.54754572484003, -33.395144888529686], [-70.54762089507035, -33.39514395088714], [-70.54773532757201, -33.39523714074751], [-70.54781105695814, -33.39526773512291], [-70.54788622728478, -33.39526679731661], [-70.54792437157145, -33.395297860529595], [-70.54811285662966, -33.39532704788532], [-70.54822728988614, -33.3954202372671], [-70.54830301959392, -33.39545083133171], [-70.5483781900607, -33.395449893222896], [-70.54868278771926, -33.39566686517619], [-70.54872037303932, -33.39566639600978], [-70.54883480738135, -33.39575958479464], [-70.54887239273863, -33.39575911558105], [-70.54902497229189, -33.39588336706913], [-70.54906367679786, -33.39594596202241], [-70.54906479590015, -33.39600902624773], [-70.54921737616917, -33.39613327747381]]]}}, {"type": "Feature", "properties": {"codigo": "UEe1", "capa_cad": "UEe1", "lamina": "uso_suelo"}, "geometry": {"type": "Polygon", "coordinates": [[[-70.53561289529678, -33.39425236309437], [-70.53643920888344, -33.39421059396336], [-70.53674266346755, -33.39436453164458], [-70.53693114345022, -33.3943937361613], [-70.5370455639231, -33.39448693625015], [-70.53719645922587, -33.39451660596903], [-70.53731088013855, -33.39460980579864], [-70.53757508633427, -33.394669610175775], [-70.53772709297014, -33.39476234381077], [-70.53799907735787, -33.39526359922792], [-70.53802907778531, -33.396966342151536], [-70.5381064723839, -33.39709153931031], [-70.53810980610398, -33.397280732927435], [-70.53818720111353, -33.39740593001841], [-70.53819498034305, -33.39784738174308], [-70.53823312246708, -33.39787844799059], [-70.53835164314897, -33.40033703192548], [-70.53831461139552, -33.40036903025913], [-70.53825221845945, -33.40109520412968], [-70.53803058112166, -33.401318726085506], [-70.53788022934435, -33.40132059000957], [-70.53780283106673, -33.40119539289007], [-70.53761211396723, -33.40104006112998], [-70.5375336053515, -33.40085179930115], [-70.53730474639951, -33.40066540060207], [-70.53722623880904, -33.400477138539074], [-70.53703552432185, -33.40032180580071], [-70.536995715657, -33.40019614240374], [-70.53672816182734, -33.39994714365879], [-70.53664910102827, -33.3997273488776], [-70.53638210469425, -33.39950988158071], [-70.53626379310619, -33.39919595511856], [-70.53618750904832, -33.39913382140519], [-70.53614381757393, -33.398787431633195], [-70.53602883730434, -33.39866269861583], [-70.53567724133522, -33.39791011124329], [-70.53556226292191, -33.39778537772427], [-70.5355589346584, -33.39759618389613], [-70.53544229285396, -33.39737685332133], [-70.53543896490199, -33.39718765947007], [-70.53536157397181, -33.397062460541676], [-70.53535713699554, -33.39681020204963], [-70.53524160596676, -33.396653935843425], [-70.53523772397293, -33.39643320963649], [-70.53512163915788, -33.39624541097104], [-70.53506575505088, -33.395205309403984], [-70.5352044514757, -33.39454127038094], [-70.53561289529678, -33.39425236309437]]]}}, {"type": "Feature", "properties": {"codigo": "UEe1", "capa_cad": "UEe1", "lamina": "uso_suelo"}, "geometry": {"type": "Polygon", "coordinates": [[[-70.55395368310138, -33.39399246610468], [-70.55406643661495, -33.39399105384439], [-70.55410345978929, -33.393959051020744], [-70.5543289667062, -33.393956226128104], [-70.5543659897668, -33.39392422322912], [-70.55470424995325, -33.393919985024894], [-70.55470537304322, -33.39398304910206], [-70.55474351909098, -33.39401411017025], [-70.55474408065172, -33.39404564220786], [-70.55478222674105, -33.39407670326264], [-70.55478615779171, -33.394297427516044], [-70.55482430400923, -33.39432848855306], [-70.5548254272033, -33.39439155262247], [-70.55486357347681, -33.394422613645354], [-70.55486469670326, -33.39448567771265], [-70.55513172157943, -33.39470310450794], [-70.55516930636966, -33.39470263340031], [-70.55520745290171, -33.39473369430846], [-70.55524503770376, -33.39473322317751], [-70.55528318427565, -33.394764284061054], [-70.5554335235258, -33.394762399375736], [-70.55547167017558, -33.39479346019885], [-70.55550869314564, -33.39476145696481], [-70.55573420198418, -33.394758629458984], [-70.55573813554292, -33.3949793535882], [-70.55570111257066, -33.395011356889874], [-70.55570167449844, -33.39504288890806], [-70.55562762844714, -33.39510689548095], [-70.55562875225456, -33.39516995951836], [-70.55559172916286, -33.39520196278995], [-70.55559285294841, -33.395265026827474], [-70.5555558298042, -33.39529703008944], [-70.55555695356787, -33.395360094127064], [-70.55551993037116, -33.39539209737938], [-70.55552161598517, -33.39548669343574], [-70.55548459272327, -33.3955186966788], [-70.5552214967539, -33.39552199493256], [-70.5551833498609, -33.39549093404267], [-70.55507059447041, -33.39549234737352], [-70.5550324476426, -33.39546128643512], [-70.55488210716045, -33.395463170669224], [-70.55484396041052, -33.39543210967041], [-70.55476879018957, -33.39543305169532], [-70.55473064349215, -33.39540199065997], [-70.55458030309053, -33.3954038745255], [-70.55454215647099, -33.395372813429724], [-70.55442940119866, -33.395374226173594], [-70.55439125464432, -33.39534316502933], [-70.55431608448377, -33.39534410677781], [-70.55427793798191, -33.39531304559703], [-70.55420276784325, -33.39531398727613], [-70.55420220645098, -33.39528245523685], [-70.55416406001608, -33.395251394018786], [-70.55415900765495, -33.39496760565126], [-70.55419603119375, -33.394935602793815], [-70.554191540164, -33.39468334645879], [-70.55415339400338, -33.394652285226854], [-70.55415227128356, -33.39458922113996], [-70.55407597910146, -33.394527098635166], [-70.55407485644287, -33.39446403454467], [-70.55403671042139, -33.39443297327181], [-70.55403614910784, -33.39440144122558], [-70.5539980031279, -33.39437037993933], [-70.55399688053231, -33.39430731584491], [-70.55395873460837, -33.39427625454454], [-70.55395368310138, -33.39399246610468]]]}}, {"type": "Feature", "properties": {"codigo": "UEe1", "capa_cad": "UEe1", "lamina": "uso_suelo"}, "geometry": {"type": "Polygon", "coordinates": [[[-70.50475816901023, -33.39261189192614], [-70.50483714314016, -33.39283170972371], [-70.50510458610562, -33.39308078071638], [-70.5052995789159, -33.39348842693731], [-70.50530284110026, -33.39367762355165], [-70.50522875799524, -33.393741601064406], [-70.50500379004875, -33.393775869491776], [-70.50478153948765, -33.393967801391206], [-70.50474558464413, -33.39406285555419], [-70.5047880617606, -33.39434619467477], [-70.50497870734878, -33.394501579127954], [-70.50498142535874, -33.39465924297117], [-70.50479730185594, -33.39488225178497], [-70.50480165022073, -33.39513451393764], [-70.50511321040149, -33.39576152190946], [-70.50522814364169, -33.39588628499564], [-70.5052684484895, -33.39604349277497], [-70.5055353590183, -33.39626102965076], [-70.5058371375508, -33.39632044598402], [-70.50603105352718, -33.39666502506348], [-70.50615795900154, -33.39748350746131], [-70.50623530916177, -33.39760872577405], [-70.50628051398448, -33.39804972770661], [-70.50639980551978, -33.398426751368504], [-70.50641776438529, -33.399467331316266], [-70.50581853712933, -33.39960076327223], [-70.50566981792382, -33.399697186282005], [-70.50510926320815, -33.39989322416829], [-70.50499813064748, -33.399989190383096], [-70.50439889739569, -33.400122615630735], [-70.50409819324511, -33.400126261680995], [-70.50398488581803, -33.40009609600713], [-70.50394240775645, -33.39981275687072], [-70.50405418079816, -33.39757210811843], [-70.5040384246048, -33.396657657809044], [-70.50418496722547, -33.39643510572269], [-70.50418116377462, -33.3962143763234], [-70.50383582485601, -33.395808550950896], [-70.5037181778222, -33.395526122605936], [-70.50348940302557, -33.39533965892887], [-70.50337175779218, -33.39505723018563], [-70.50318111371357, -33.39490184322994], [-70.50306455593572, -33.39468247972271], [-70.50222356273036, -33.393872641222735], [-70.50222247754807, -33.393809575598], [-70.50206996606252, -33.39368526451464], [-70.50206779593857, -33.39355913325181], [-70.50243984956464, -33.3933338528334], [-70.50258964735232, -33.39330049942431], [-70.50273781672517, -33.393172547413194], [-70.50311149561652, -33.393041863477485], [-70.50322262177652, -33.392945899038736], [-70.50348463032455, -33.392879645645834], [-70.50382343765929, -33.39290707903654], [-70.5040108190277, -33.39287326839802], [-70.50419657039268, -33.39274485911308], [-70.50434690975781, -33.39274303641383], [-70.50457024511947, -33.39261417088664], [-70.50475816901023, -33.39261189192614]]]}}, {"type": "Feature", "properties": {"codigo": "UEe1", "capa_cad": "UEe1", "lamina": "uso_suelo"}, "geometry": {"type": "Polygon", "coordinates": [[[-70.53227548416803, -33.39044584078558], [-70.53246340097606, -33.39044352000506], [-70.53250153778893, -33.39047458820156], [-70.53257670453151, -33.39047365978586], [-70.53257725801335, -33.3905051921713], [-70.53276794268362, -33.3906605328411], [-70.53276849623843, -33.390692065222765], [-70.53295918165884, -33.39084740557271], [-70.53296028891526, -33.39091047032832], [-70.53322724984483, -33.39112794627681], [-70.53322780357529, -33.39115947864932], [-70.5334184908393, -33.39131481822939], [-70.53341959844704, -33.39137788296667], [-70.53345773601005, -33.39140895084329], [-70.53346493573193, -33.391818871609836], [-70.53350307350956, -33.39184993946443], [-70.5335069504442, -33.39207066601418], [-70.53343178235981, -33.39207159503233], [-70.5333947521269, -33.39210359188958], [-70.53335716806899, -33.39210405637077], [-70.53317201642545, -33.392264040446314], [-70.5329089274911, -33.39226729111727], [-70.53287078972916, -33.39223622308119], [-70.53279562147985, -33.392237151718085], [-70.5324523830714, -33.39195753860941], [-70.53241479905975, -33.39195800280343], [-70.53237666160712, -33.39192693460505], [-70.53230149360664, -33.3919278629351], [-70.53226335620653, -33.39189679470022], [-70.53218818822799, -33.391897722960906], [-70.5321500508804, -33.39186665468951], [-70.5319997149638, -33.39186851102664], [-70.53188530323618, -33.391775305993434], [-70.53184771929298, -33.391775770013496], [-70.53180958211739, -33.39174470163186], [-70.53173441425379, -33.39174562961397], [-70.53169627713072, -33.39171456119585], [-70.53162110928908, -33.391715489108606], [-70.5315066981588, -33.391622283706724], [-70.53146911427478, -33.391622747610256], [-70.5314309772983, -33.39159167910574], [-70.53135580955309, -33.39159260685481], [-70.53131767262911, -33.391561538313766], [-70.53124250490588, -33.39156246599347], [-70.53123973980405, -33.391404803992906], [-70.53131380130276, -33.39134081151953], [-70.53131324825958, -33.39130927911966], [-70.53138730962438, -33.39124528660529], [-70.53142489334739, -33.391244822731146], [-70.53146192397469, -33.391212826447465], [-70.53149950768241, -33.391212362551116], [-70.5319809031819, -33.390796409772676], [-70.53198034990928, -33.390764877379915], [-70.53212847062854, -33.39063689155621], [-70.53212791730598, -33.39060535916481], [-70.53223900752256, -33.39050936968858], [-70.53223845416278, -33.39047783729817], [-70.53227548416803, -33.39044584078558]]]}}, {"type": "Feature", "properties": {"codigo": "UEe1", "capa_cad": "UEe1", "lamina": "uso_suelo"}, "geometry": {"type": "Polygon", "coordinates": [[[-70.50915828320211, -33.3905399316155], [-70.50919641205112, -33.39057100720951], [-70.50919750213622, -33.39063407266474], [-70.50923563104115, -33.390665148244686], [-70.50923617609939, -33.39069668097133], [-70.50942682110293, -33.39085205867795], [-70.50942791136605, -33.390915124123616], [-70.50946604047695, -33.390946199625624], [-70.5094665856242, -33.390977732347494], [-70.50954284395617, -33.39103988331217], [-70.50954338913307, -33.39107141603243], [-70.50958151835415, -33.3911024914951], [-70.50958260873934, -33.39116555693373], [-70.50962073801637, -33.39119663238234], [-70.50962182843377, -33.39125969781887], [-70.50965995776673, -33.391290773253424], [-70.50966104821636, -33.39135383868785], [-70.50969917760526, -33.39138491410834], [-70.50969972284575, -33.391416446824586], [-70.50977598173377, -33.391478597626225], [-70.50977652700392, -33.39151013034089], [-70.50996717477065, -33.391665507120344], [-70.509969356148, -33.391791637963024], [-70.5099323171477, -33.391823628057004], [-70.5098947328001, -33.39182408542937], [-70.50985769375829, -33.391856075502076], [-70.50982010939543, -33.39185653285222], [-70.509708992064, -33.39195250297507], [-70.50955865443117, -33.391954332131924], [-70.50952161520881, -33.391986322108636], [-70.50940886193204, -33.39198769382432], [-70.50937182263932, -33.39201968375807], [-70.50929665375509, -33.39202059815665], [-70.50925961440642, -33.3920525880583], [-70.50922202994862, -33.39205304522968], [-70.50911091169667, -33.392149014839354], [-70.50903574269205, -33.39214992908301], [-70.50899870319166, -33.39218191891034], [-70.50896111867368, -33.39218237600427], [-70.50892407913176, -33.39221436581029], [-70.50873615645705, -33.392216651055115], [-70.50873561154793, -33.392185118328925], [-70.50854496472604, -33.3920297396395], [-70.50854387505447, -33.39196667417948], [-70.50850574580029, -33.39193559840226], [-70.50850520098018, -33.39190406567129], [-70.50846707176754, -33.391872989880746], [-70.50846652696269, -33.39184145714887], [-70.50839026864757, -33.391779305528445], [-70.50838917909806, -33.39171624006136], [-70.50835105001, -33.39168516423077], [-70.50834996049272, -33.39162209876161], [-70.5083118314606, -33.39159102291694], [-70.50831128671764, -33.39155949018141], [-70.50812064203598, -33.39140411076509], [-70.50812009736592, -33.3913725780258], [-70.50808196852536, -33.39134150210393], [-70.50808087921659, -33.391278436623445], [-70.50800462167449, -33.391216284738945], [-70.50800407705019, -33.391184751997024], [-70.50796594833423, -33.39115367603511], [-70.5079632252975, -33.39099601231942], [-70.50800026470385, -33.39096402279886], [-70.50807543272359, -33.3909631092109], [-70.50811247207399, -33.39093111965821], [-70.50815005606819, -33.39093066283633], [-70.50822413465882, -33.39086668367795], [-70.508299302587, -33.39086576995674], [-70.50833634181281, -33.39083378034019], [-70.50837392576123, -33.39083332345168], [-70.50844800410268, -33.39076934416556], [-70.50852317193934, -33.3907684303111], [-70.50856021104056, -33.39073644063067], [-70.50859779494321, -33.39073598367554], [-70.5087089120409, -33.39064001453907], [-70.5087840797572, -33.3906391005297], [-70.50882111870672, -33.39060711077497], [-70.50885870254919, -33.39060665374239], [-70.50893278033803, -33.39054267417989], [-70.50915828320211, -33.3905399316155]]]}}, {"type": "Feature", "properties": {"codigo": "UEe1", "capa_cad": "UEe1", "lamina": "uso_suelo"}, "geometry": {"type": "Polygon", "coordinates": [[[-70.54522048797904, -33.38908681608209], [-70.54548356580837, -33.38908353958611], [-70.54552170647804, -33.389114603670244], [-70.54567203669788, -33.38911273108886], [-70.54582459985076, -33.38923698710789], [-70.54590032332302, -33.38926758284755], [-70.54605065377928, -33.38926570980001], [-70.54616507670039, -33.38935890146441], [-70.54631596571367, -33.38938856027894], [-70.5463541068068, -33.38941962409329], [-70.5464292721514, -33.3894186873137], [-70.54661941961837, -33.389542473894466], [-70.5469211986436, -33.389601790202704], [-70.54703562291647, -33.38969498101975], [-70.54718651276778, -33.38972463874853], [-70.54730093748026, -33.38981782930626], [-70.54745182762258, -33.389847486703026], [-70.54748996931282, -33.3898785501485], [-70.54756513501204, -33.38987761266966], [-70.54767956032163, -33.38997080285848], [-70.54783045084028, -33.39000045978267], [-70.54786859272957, -33.390031523105144], [-70.5478725057039, -33.39025224822627], [-70.54776143356654, -33.39034825120356], [-70.54772720422051, -33.39053791297866], [-70.54765315581221, -33.39060191489442], [-70.54761836723397, -33.39076004448112], [-70.54750785306526, -33.390887579411796], [-70.54750897082937, -33.390950643735025], [-70.54739957396009, -33.39114124290057], [-70.5473647847446, -33.39129937242232], [-70.54725426954555, -33.39142690714674], [-70.54721947997248, -33.39158503663158], [-70.5471089642112, -33.39171257123741], [-70.54707417428057, -33.391870700685345], [-70.54688960777523, -33.39206223666982], [-70.54685481733122, -33.3922203660631], [-70.54678076688512, -33.392284367500885], [-70.54678132553381, -33.39231589966632], [-70.54659619888047, -33.39247590308021], [-70.54659675746656, -33.39250743524742], [-70.54641163007172, -33.392667438402526], [-70.54641218859524, -33.39269897057152], [-70.54626185225462, -33.39270084422626], [-70.54595671266968, -33.39245233357951], [-70.54595615431585, -33.39242080140249], [-70.5456510165822, -33.39217228993965], [-70.54561343271149, -33.3921727581334], [-70.54557473242, -33.39211016194737], [-70.5452695968561, -33.391861649471736], [-70.54523201311233, -33.39186211754615], [-70.54523145503266, -33.39183058535532], [-70.54492632142153, -33.3915820719682], [-70.544775428989, -33.391552411568945], [-70.54458527952643, -33.39142862225095], [-70.54439680390075, -33.39139942924092], [-70.54439568836503, -33.39133636482952], [-70.5443575470788, -33.39130530042629], [-70.54435475832683, -33.391147639391185], [-70.54442769413527, -33.39102057495329], [-70.54442602082356, -33.39092597833151], [-70.54450007194207, -33.39086197826943], [-70.54449895635452, -33.390798913855626], [-70.5445359818477, -33.39076691380971], [-70.54453486623824, -33.39070384939602], [-70.54460780143575, -33.390576784861636], [-70.54460612795712, -33.390482188241144], [-70.54471720384475, -33.39038618798641], [-70.5447514397189, -33.39019652685087], [-70.54482437420222, -33.390069462200394], [-70.54482270052122, -33.38997486558183], [-70.5448597255546, -33.38994286544866], [-70.54489451889681, -33.38978473648105], [-70.54496856872645, -33.38972073616567], [-70.54507462150318, -33.38934094576798], [-70.54518569545752, -33.38924494513329], [-70.54522048797904, -33.38908681608209]]]}}, {"type": "Feature", "properties": {"codigo": "UEe1", "capa_cad": "UEe1", "lamina": "uso_suelo"}, "geometry": {"type": "Polygon", "coordinates": [[[-70.53484645585665, -33.38700782904437], [-70.53514711054153, -33.38700410976707], [-70.53514766487848, -33.38703564213216], [-70.5353383461329, -33.3871909790205], [-70.5353389005428, -33.38722251138181], [-70.53568212863885, -33.387502116977366], [-70.53571971067542, -33.38750165184842], [-70.53572026522956, -33.387533184202496], [-70.53583467516435, -33.387626385802015], [-70.53583744816427, -33.38778404755907], [-70.53572636538195, -33.38788004008632], [-70.53572691994644, -33.38791157243839], [-70.53557880913964, -33.388039562330185], [-70.53527815095138, -33.38804328275462], [-70.53527759654614, -33.38801175039658], [-70.53470554957322, -33.38754573870664], [-70.53470499538516, -33.387514206337606], [-70.53459058676597, -33.38742100365589], [-70.53458837019541, -33.38729487416938], [-70.53462539800806, -33.38726287700266], [-70.53462484385487, -33.38723134463099], [-70.5347729547835, -33.387103355861335], [-70.53477240058042, -33.38707182349105], [-70.53484645585665, -33.38700782904437]]]}}, {"type": "Feature", "properties": {"codigo": "UEe1", "capa_cad": "UEe1", "lamina": "uso_suelo"}, "geometry": {"type": "Polygon", "coordinates": [[[-70.51283897267987, -33.38384030579832], [-70.51298874984796, -33.38380694035233], [-70.51309985344726, -33.38371096756349], [-70.5132125958475, -33.38370959279394], [-70.51324963028316, -33.383677601810945], [-70.51358785730828, -33.383673476790705], [-70.51366411188461, -33.38373562538972], [-70.51385310904823, -33.3837963985837], [-70.51396585151944, -33.383795023126844], [-70.51408023397862, -33.38388824564027], [-70.51423165085724, -33.383949476772074], [-70.51442010205864, -33.3839787163901], [-70.51464777490116, -33.38410209505716], [-70.51479809866517, -33.384100260114735], [-70.5149506103593, -33.38422455569652], [-70.51506390035458, -33.38425471190175], [-70.51517828456743, -33.384347933345985], [-70.5153291558446, -33.38437763041917], [-70.51548112158423, -33.384470392640594], [-70.51570989169764, -33.38465683459864], [-70.51571098624076, -33.38471989992414], [-70.51601601480756, -33.384968488482514], [-70.51620556362525, -33.38506079061393], [-70.51647246579194, -33.38527830450688], [-70.51651004720848, -33.38527784522164], [-70.51651059478135, -33.385309377869625], [-70.51673936928722, -33.38549581778067], [-70.51685649543178, -33.385746700770795], [-70.51686361569809, -33.38615662508456], [-70.51671821755056, -33.38644225638676], [-70.51672095592014, -33.38659991958015], [-70.5165755566191, -33.38688555072945], [-70.5159846437953, -33.38749201883236], [-70.51568398474451, -33.387495691737215], [-70.51553256066829, -33.38743446261422], [-70.51538223121727, -33.387436298607284], [-70.51534410165627, -33.387405224922915], [-70.51519377224245, -33.3874070606863], [-70.5151556427594, -33.387375986941606], [-70.51466707223561, -33.38738195176072], [-70.51462894294485, -33.38735087784843], [-70.51361367286283, -33.38733172717489], [-70.5135755439567, -33.38730065292738], [-70.51331192111348, -33.38727232895176], [-70.51331082819661, -33.387209263582186], [-70.51319589562353, -33.38708450781989], [-70.51311745281653, -33.38689622828242], [-70.51285000733156, -33.3866471744353], [-70.51284891477411, -33.38658410904589], [-70.51277211194027, -33.38649042733075], [-70.51273234500516, -33.3863647547094], [-70.51254170444042, -33.38620938186396], [-70.51254061212371, -33.3861463164611], [-70.51242568208285, -33.38602155989413], [-70.51242458985769, -33.38595849448599], [-70.51238646197947, -33.385927419837536], [-70.51238318541084, -33.385738223604754], [-70.51226661800905, -33.38551886873694], [-70.51225733535675, -33.3849828126633], [-70.51229437067522, -33.384950821946745], [-70.51229218650663, -33.38482469110031], [-70.51247681633458, -33.38463320465814], [-70.51247572413001, -33.384570139237354], [-70.51258464469782, -33.384348036037046], [-70.51258027563587, -33.38409577435084], [-70.51283951889774, -33.38387183850721], [-70.51283897267987, -33.38384030579832]]]}}, {"type": "Feature", "properties": {"codigo": "UEe1", "capa_cad": "UEe1", "lamina": "uso_suelo"}, "geometry": {"type": "Polygon", "coordinates": [[[-70.5310230347048, -33.38333343127797], [-70.53117335600012, -33.38333157654067], [-70.53140215537032, -33.38351798872614], [-70.53140270828216, -33.383549521164305], [-70.53159337524163, -33.383704864300825], [-70.53159392822643, -33.383736396735216], [-70.53178459593576, -33.38389173955198], [-70.53178570205212, -33.38395480441306], [-70.53205263818573, -33.38417228381526], [-70.53205706349293, -33.384424543212475], [-70.53209519745008, -33.38445561164215], [-70.53209630381433, -33.384518676488334], [-70.53217257186765, -33.38458081330684], [-70.5321731250799, -33.38461234572824], [-70.53236379575976, -33.38476768754961], [-70.53236656219438, -33.38492534963602], [-70.53232953448314, -33.38495734613547], [-70.53229195348152, -33.38495781020678], [-70.53225492572874, -33.38498980668498], [-70.53221734471185, -33.38499027073409], [-70.53181003748331, -33.38534223118637], [-70.53181059058066, -33.38537376360924], [-70.53177356247541, -33.38540575995176], [-70.53154807523657, -33.38540854323179], [-70.53143367272015, -33.38531533743306], [-70.53143311976008, -33.385283805004335], [-70.53112804769131, -33.385035255645526], [-70.53109046663504, -33.385035719353986], [-70.53105233276113, -33.38500465061529], [-70.5309771706714, -33.38500557797424], [-70.53093903685001, -33.384974509199054], [-70.53086387478221, -33.38497543648866], [-70.53086332203497, -33.384943904049784], [-70.53055825275841, -33.38469535319645], [-70.53052067183835, -33.38469581672824], [-70.53048253831348, -33.38466474780274], [-70.53048198571041, -33.384633215356665], [-70.53029131856485, -33.38447787053588], [-70.53029076603471, -33.38444633808603], [-70.53010009963906, -33.384290992945516], [-70.53009733736167, -33.38413333067571], [-70.53031950626935, -33.38394135541517], [-70.53031895374028, -33.38390982296302], [-70.53043003779003, -33.38381383519298], [-70.53042948522373, -33.3837823027418], [-70.53057759685974, -33.38365431890386], [-70.53061517733073, -33.38365385536755], [-70.53065220515754, -33.383621859371154], [-70.53068978561326, -33.38362139581264], [-70.5310230347048, -33.38333343127797]]]}}, {"type": "Feature", "properties": {"codigo": "UEe1", "capa_cad": "UEe1", "lamina": "uso_suelo"}, "geometry": {"type": "Polygon", "coordinates": [[[-70.50994408589324, -33.37946004933242], [-70.5099473563998, -33.379649245969986], [-70.50976218595137, -33.37980919588174], [-70.50976327599999, -33.37987226143], [-70.50972624180356, -33.37990425138176], [-70.5097278768447, -33.37999884970402], [-70.50969084258307, -33.38003083964645], [-70.5093902083361, -33.38003449658646], [-70.50935208417154, -33.38000342087359], [-70.50920176707852, -33.380005249023014], [-70.50874427982798, -33.37963233891159], [-70.5087415565765, -33.379474674959425], [-70.50994408589324, -33.37946004933242]]]}}, {"type": "Feature", "properties": {"codigo": "UEe2", "capa_cad": "UEe2", "lamina": "uso_suelo"}, "geometry": {"type": "Polygon", "coordinates": [[[-70.59456643234091, -33.419370489353554], [-70.59486718992049, -33.41936662212098], [-70.59490420799776, -33.41933460736653], [-70.5950545867081, -33.41933267343371], [-70.5950916047003, -33.419300658625616], [-70.59512919936117, -33.41930017510313], [-70.59542534220536, -33.419044056177235], [-70.59557572037663, -33.41904212162747], [-70.59561389178327, -33.4190731692513], [-70.5956890808889, -33.41907220188416], [-70.59576542383434, -33.41913429704582], [-70.5957660007574, -33.41916582833274], [-70.59591868703207, -33.4192900185006], [-70.59591926401392, -33.41932154978436], [-70.59599560734314, -33.41938364479055], [-70.59599618435485, -33.41941517607264], [-70.59633973081084, -33.41969460296473], [-70.59634030795374, -33.41972613423997], [-70.5964166519383, -33.41978822896358], [-70.59641722911105, -33.41981976023716], [-70.59660808962008, -33.419974996820095], [-70.5966086668661, -33.42000652808976], [-70.59676135582004, -33.42013071712437], [-70.59676193312488, -33.4201622483909], [-70.59706731245213, -33.42041062584413], [-70.59706788987367, -33.4204421571045], [-70.59722058024697, -33.42056634552311], [-70.59722231269076, -33.4206609392943], [-70.59726048539541, -33.42069198636493], [-70.59726452789707, -33.420912705153256], [-70.59715347433641, -33.4210087514585], [-70.59711587897634, -33.42100923561619], [-70.59693078909307, -33.42116931252948], [-70.5968931936597, -33.42116979662172], [-70.59670810302511, -33.42132987322084], [-70.5962193613686, -33.42133616468092], [-70.59618118872945, -33.42130511729022], [-70.59580523363257, -33.421309955445665], [-70.59576706114737, -33.4212789079226], [-70.59527831955205, -33.42128519566669], [-70.59504928620039, -33.42109890932829], [-70.59501169076287, -33.42109939284942], [-70.594782658465, -33.42091310598174], [-70.59474506310266, -33.420913589419705], [-70.59459237549797, -33.42078939787258], [-70.59459179896362, -33.42075786657588], [-70.59432459680231, -33.42054053087396], [-70.59428700159215, -33.420541014168364], [-70.59424882997612, -33.42050996614815], [-70.59417363957849, -33.42051093267888], [-70.59413431529103, -33.42041682201127], [-70.59398162942442, -33.42029262965087], [-70.59397874791973, -33.42013497310612], [-70.59405278535057, -33.4200709440863], [-70.59405220902696, -33.42003941277764], [-70.5942373020654, -33.419879340048], [-70.59423614929406, -33.41981627743425], [-70.59434720471516, -33.41972023367402], [-70.59434605187133, -33.419657171062035], [-70.59442008863223, -33.41959314183815], [-70.59441893574127, -33.41953007922711], [-70.59456700883577, -33.41940202065771], [-70.59456643234091, -33.419370489353554]]]}}, {"type": "Feature", "properties": {"codigo": "UEe2", "capa_cad": "UEe2", "lamina": "uso_suelo"}, "geometry": {"type": "Polygon", "coordinates": [[[-70.57602983172644, -33.413236584479925], [-70.57621779369401, -33.41323419601799], [-70.57636987260838, -33.4133268798835], [-70.57644505746356, -33.413325924324546], [-70.57648321971774, -33.41335697813926], [-70.57655840459475, -33.41335602251086], [-70.57670991415951, -33.41341717433267], [-70.57690015637942, -33.41354091124611], [-70.57705052641663, -33.41353899942918], [-70.57708868897504, -33.41357005304747], [-70.57727722168511, -33.413599194558365], [-70.57739113959344, -33.41366082355983], [-70.57761726514542, -33.41368948645682], [-70.57803420565877, -33.41387341562421], [-70.57814698355608, -33.41387198073517], [-70.57845057733428, -33.414025811754996], [-70.57852576271625, -33.41402485491752], [-70.57856392600085, -33.4140559080578], [-70.57863911140466, -33.414054951150874], [-70.57879062355703, -33.414116100345254], [-70.57894099444835, -33.414114186208074], [-70.57913067044888, -33.41420638798104], [-70.57913295366977, -33.414332514246134], [-70.5790589096062, -33.41439653459312], [-70.57902359984452, -33.41452313945163], [-70.57894955554193, -33.414587159738566], [-70.57891367481878, -33.414682233001706], [-70.57880260800371, -33.41477826332511], [-70.57880374940001, -33.414841326462174], [-70.57872970467014, -33.414905346627286], [-70.57873027534426, -33.41493687819637], [-70.57861920800775, -33.415032908367145], [-70.57858389738338, -33.41515951311425], [-70.5785098522262, -33.4152235331576], [-70.57851042282775, -33.4152550647284], [-70.57832530939623, -33.41541511465651], [-70.5783264504751, -33.4154781778016], [-70.5782524048617, -33.415542197701534], [-70.57825354589339, -33.41560526084755], [-70.57799495564193, -33.41586086175037], [-70.57799609650131, -33.41592392490097], [-70.57792205027229, -33.415987944617434], [-70.57792319108448, -33.41605100776896], [-70.57784914469612, -33.416115027445336], [-70.57784971507817, -33.416146559021655], [-70.57747377886857, -33.41615134097184], [-70.57735985757813, -33.41608971216728], [-70.57728467037454, -33.41609066835009], [-70.57717074929157, -33.416029039364965], [-70.5770955621334, -33.41602999543164], [-70.57690588410783, -33.41593779062493], [-70.57679310347281, -33.41593922446364], [-70.57667918292073, -33.41587759500945], [-70.57660399587526, -33.41587855077441], [-70.57652766902932, -33.41581644329815], [-70.57637672518642, -33.415786822995436], [-70.57626280511624, -33.41572519314276], [-70.57618761818703, -33.41572614865155], [-70.57614945496238, -33.41569509478458], [-70.57599908114405, -33.4156970056177], [-70.57573364849921, -33.415574222693465], [-70.57550751851021, -33.41554555649493], [-70.57531727368556, -33.41542181755362], [-70.57516690027795, -33.415423727364335], [-70.57512873754052, -33.41539267316722], [-70.57505355085678, -33.41539362798036], [-70.57505013473855, -33.41520443824203], [-70.57512418250609, -33.41514042019053], [-70.57519709136453, -33.41501333885308], [-70.57523183748678, -33.4148552033027], [-70.57537936260692, -33.41469563533817], [-70.57537822369194, -33.41463257209554], [-70.57541524723074, -33.414600562984816], [-70.57541239989537, -33.41444290487725], [-70.57548644676463, -33.41437888662857], [-70.57552119215393, -33.414220751004294], [-70.5755952387588, -33.414156732696306], [-70.57563055341215, -33.414030128665274], [-70.57570459977799, -33.41396611029719], [-70.57573877506705, -33.41377644299776], [-70.57584927453438, -33.41364888372297], [-70.57584813532499, -33.413585820483945], [-70.57592161153329, -33.413490270378276], [-70.57592047227847, -33.41342720713983], [-70.57599451793078, -33.413363188613864], [-70.57602983172644, -33.413236584479925]]]}}, {"type": "Feature", "properties": {"codigo": "UEe2", "capa_cad": "UEe2", "lamina": "uso_suelo"}, "geometry": {"type": "Polygon", "coordinates": [[[-70.53660235312158, -33.409883527978515], [-70.53671623885712, -33.40994519534999], [-70.53686660557403, -33.409943332413725], [-70.53690475270538, -33.409974398873565], [-70.5370927111456, -33.40997206988741], [-70.53713085836765, -33.4100031362749], [-70.5371684500658, -33.410002670431574], [-70.53728233633943, -33.41006433726611], [-70.53735751978226, -33.410063405474794], [-70.53739566713656, -33.410094471776524], [-70.53743325886938, -33.41009400585185], [-70.53743714842794, -33.410314731344634], [-70.53740011224123, -33.410346729486335], [-70.53740177916974, -33.41044132612471], [-70.53736474291775, -33.41047332425711], [-70.53736529854962, -33.410504856469956], [-70.53729122593876, -33.410568852704216], [-70.53729233715424, -33.410631917130935], [-70.53725530078269, -33.410663915233165], [-70.5372575231732, -33.41079004408613], [-70.53714641374313, -33.41088603833481], [-70.5371469693048, -33.41091757054878], [-70.53707345172738, -33.411013098877696], [-70.53707456280421, -33.411076163306355], [-70.53703752616809, -33.411108161349], [-70.53703974828129, -33.41123429020585], [-70.5370027115672, -33.4112662882396], [-70.53700382260355, -33.41132935266778], [-70.5369667858369, -33.41136135069186], [-70.53696789685131, -33.41142441512014], [-70.53693086003209, -33.411456413134545], [-70.53693197102453, -33.41151947756291], [-70.53689493415274, -33.41155147556765], [-70.53689604512323, -33.41161453999612], [-70.53685900819887, -33.411646537991196], [-70.5368601191474, -33.41170960241975], [-70.53682308217049, -33.41174160040515], [-70.53682419309705, -33.41180466483381], [-70.53678715606756, -33.411836662809534], [-70.53678882242578, -33.411931259452416], [-70.53671474820909, -33.41199525537483], [-70.53641400766854, -33.41199898089813], [-70.53633771194075, -33.411936847724064], [-70.53630011939472, -33.411937313339365], [-70.53626197158424, -33.411906246721394], [-70.53614919397909, -33.411907643463174], [-70.5360353060045, -33.41184597565155], [-70.5358849359504, -33.41184783767349], [-70.53584678832306, -33.41181677092202], [-70.5358091958201, -33.41181723638711], [-70.53577104823262, -33.41178616961104], [-70.5357688279067, -33.41166004069028], [-70.53580586524977, -33.411628043009294], [-70.53580419997627, -33.411533446318096], [-70.53587827450473, -33.41146945092712], [-70.53587716427587, -33.41140638646703], [-70.53591420147396, -33.411374388756634], [-70.53591198097578, -33.41124825983598], [-70.53594901809588, -33.411216262116675], [-70.5359484629608, -33.41118472988648], [-70.53598550004104, -33.41115273215712], [-70.53598438974804, -33.41108966769699], [-70.5360214267757, -33.41105766995796], [-70.53601976130454, -33.410963073267645], [-70.53605679826696, -33.41093107551933], [-70.53605568793175, -33.410868011059044], [-70.53609272484158, -33.41083601330105], [-70.53609105930714, -33.41074141661052], [-70.5361280961517, -33.41070941884324], [-70.53612698577432, -33.410646354382806], [-70.53620105933113, -33.41058235881847], [-70.53619994890637, -33.410519294358906], [-70.53623698561866, -33.41048729656183], [-70.53623587517193, -33.410424232102365], [-70.53630939321673, -33.41032870424923], [-70.53630828272435, -33.410265639790296], [-70.53634531929166, -33.41023364196384], [-70.53634309826643, -33.41010751304547], [-70.53641661593836, -33.41001198513505], [-70.53641550538183, -33.409948920676065], [-70.53645254177873, -33.40991692282095], [-70.53645198648904, -33.40988539059159], [-70.53660235312158, -33.409883527978515]]]}}, {"type": "Feature", "properties": {"codigo": "UEe2", "capa_cad": "UEe2", "lamina": "uso_suelo"}, "geometry": {"type": "Polygon", "coordinates": [[[-70.56315119106145, -33.407974858138815], [-70.5631534506498, -33.40810098549872], [-70.56311642511936, -33.408132991031486], [-70.56311811978178, -33.408227586550844], [-70.56300817261655, -33.408386666771214], [-70.56300930232327, -33.40844973045163], [-70.5629722765954, -33.40848173594546], [-70.562973971124, -33.408576331466], [-70.56293694533092, -33.40860833695059], [-70.56293807499564, -33.40867140063089], [-70.56290104915004, -33.40870340610584], [-70.56290274361568, -33.408798001626224], [-70.56286571770485, -33.40883000709194], [-70.5628662825158, -33.408861538932115], [-70.5627552045824, -33.40895755526791], [-70.56275633413077, -33.40902061895014], [-70.5627193080733, -33.40905262437534], [-70.56268454099443, -33.40921075715571], [-70.56261048864224, -33.40927476795714], [-70.56249828053265, -33.40930772039472], [-70.56242422795978, -33.40937173109033], [-70.5622738640481, -33.40937362497216], [-70.56223683766314, -33.40940563026104], [-70.56069560616538, -33.409425031605075], [-70.56065857916082, -33.40945703643994], [-70.56032025972392, -33.40946129261293], [-70.56028210478068, -33.40943023358809], [-70.56024451374046, -33.40943070642734], [-70.56024338598964, -33.409367642673686], [-70.56012892144757, -33.409274465482916], [-70.56012779378695, -33.409211401724185], [-70.56008963902279, -33.40918034263378], [-70.56005035668646, -33.40908621976836], [-70.55966881109818, -33.40877562802558], [-70.55963122032891, -33.40877610067087], [-70.55947916648775, -33.408683395463065], [-70.55944157575482, -33.40868386804976], [-70.55943932148097, -33.40855774047827], [-70.55947634857976, -33.40852573600108], [-70.55973948321078, -33.4085224275952], [-70.55977651018131, -33.40849042303186], [-70.55992687275051, -33.4084885322205], [-70.55996389963609, -33.408456527603455], [-70.56000149026175, -33.40845605486133], [-70.56026067759976, -33.4082320221743], [-70.5602601137437, -33.4082004902917], [-70.5603336031186, -33.40810494897751], [-70.56033247536008, -33.40804188521304], [-70.56040652843083, -33.407977875741494], [-70.56040540062507, -33.407914811977925], [-70.56044242709434, -33.40788280722731], [-70.56044073535419, -33.407788211581845], [-70.56047776175825, -33.40775620682199], [-70.56047719783393, -33.407724674940226], [-70.56051422419814, -33.407692670170334], [-70.56062699505587, -33.407691251438145], [-70.56066402134961, -33.40765924662537], [-70.56081438242315, -33.40765735477982], [-70.56085140863193, -33.40762534991333], [-70.56134008183611, -33.40761920001687], [-70.56137823632382, -33.407650258736986], [-70.56186690954458, -33.40764410676157], [-70.56190506422443, -33.40767516531372], [-70.56205542523634, -33.407673271963425], [-70.5620935799941, -33.4077043304551], [-70.56224394104272, -33.40770243687489], [-70.5622820958784, -33.40773349530611], [-70.56239486669371, -33.407732074965594], [-70.56254692178592, -33.40782477657021], [-70.56265969270491, -33.407823355985585], [-70.56269784773801, -33.40785441428246], [-70.56281061868717, -33.40785299355956], [-70.56288692891093, -33.40791511004358], [-70.56292451925094, -33.407914636422625], [-70.56303841997318, -33.407976279175806], [-70.56315119106145, -33.407974858138815]]]}}, {"type": "Feature", "properties": {"codigo": "UEe2", "capa_cad": "UEe2", "lamina": "uso_suelo"}, "geometry": {"type": "Polygon", "coordinates": [[[-70.58700744191096, -33.40486498306421], [-70.58718964974999, -33.40454726358109], [-70.58752794576537, -33.404542934700864], [-70.58937609563078, -33.40486619622574], [-70.59096401191357, -33.40535046182523], [-70.59111666658583, -33.40547465909099], [-70.59179671559048, -33.4056551672861], [-70.59210087813902, -33.40584049662928], [-70.59270460281034, -33.405958901743524], [-70.59312211105461, -33.40617431194943], [-70.59372641513731, -33.40632424335992], [-70.59418209280243, -33.40657069828901], [-70.59512643371562, -33.406810868628185], [-70.59845912520503, -33.40812413424806], [-70.59981524758841, -33.40826434505632], [-70.60031143346433, -33.40866794812333], [-70.60070468782631, -33.40960903578129], [-70.60074979894667, -33.41001845703154], [-70.60022757940492, -33.410245966348015], [-70.59902409973273, -33.41022994788676], [-70.59797560301051, -33.41046423111098], [-70.59667088865484, -33.41108026887547], [-70.59554776889561, -33.41134703112203], [-70.5950214916432, -33.411353799761045], [-70.59483065337136, -33.41119855988474], [-70.59456636249206, -33.41113888025708], [-70.59419102708287, -33.411175243578704], [-70.59389433015853, -33.411399827829584], [-70.593645591022, -33.41219149285166], [-70.59334485799593, -33.412195356393696], [-70.59217491320351, -33.41195806971343], [-70.59190947083852, -33.4118353216804], [-70.59138203935109, -33.41177901218991], [-70.59043765318175, -33.41153881480855], [-70.590209231014, -33.411384049595185], [-70.589832742963, -33.41135733697702], [-70.5887744429872, -33.41105550919761], [-70.58873168394197, -33.410772207759216], [-70.58850269262237, -33.41058590779421], [-70.58759476990338, -33.41028214378292], [-70.58762719673867, -33.40999787952814], [-70.58810038036923, -33.40914027454924], [-70.58824041035334, -33.40857078319546], [-70.58822663526303, -33.40781402819726], [-70.58798388052159, -33.40687097175021], [-70.58763352761328, -33.40621314114817], [-70.5873282255877, -33.405964737649974], [-70.58713282461825, -33.40555723314831], [-70.58700744191096, -33.40486498306421]]]}}, {"type": "Feature", "properties": {"codigo": "UEe2", "capa_cad": "UEe2", "lamina": "uso_suelo"}, "geometry": {"type": "Polygon", "coordinates": [[[-70.53578543543732, -33.40405890689709], [-70.53597338123741, -33.40405657996868], [-70.53627798020908, -33.40427358211955], [-70.53661850431581, -33.404395521097996], [-70.53673293801667, -33.40448872096461], [-70.53677052734679, -33.40448825530938], [-70.53688440599646, -33.40454992277617], [-70.53699717405526, -33.404548525636464], [-70.53718789802181, -33.4047038580693], [-70.53722548743656, -33.40470339227362], [-70.53726363232398, -33.40473445871026], [-70.5373764006011, -33.40473306121912], [-70.53749083554058, -33.4048262603457], [-70.53752842500268, -33.40482579445674], [-70.53756657004948, -33.40485686079502], [-70.53767933846868, -33.40485546302406], [-70.53771748358074, -33.40488652931386], [-70.53798227716321, -33.40497786406236], [-70.53798561161125, -33.40516705744976], [-70.53794857774108, -33.40519905571259], [-70.53794913347274, -33.40523058794363], [-70.53783803166125, -33.40532658267064], [-70.53783914305095, -33.40538964713451], [-70.5378021090341, -33.405421645356746], [-70.53780488745997, -33.4055793065154], [-70.53776785335245, -33.40561130472911], [-70.53776896470345, -33.40567436919218], [-70.53773193054339, -33.40570636739622], [-70.53773415320492, -33.40583249632186], [-70.53766008470174, -33.40589649270172], [-70.53766119598689, -33.40595955716506], [-70.53758712732433, -33.40602355350471], [-70.53758823856211, -33.40608661796892], [-70.5375512041647, -33.40611861612384], [-70.53755398221078, -33.40627627728336], [-70.5375169477227, -33.40630827542979], [-70.53751805892178, -33.40637133989318], [-70.53744398981338, -33.40643533615626], [-70.53744510096509, -33.406498400620514], [-70.53740806634478, -33.406530398737154], [-70.53740917747453, -33.40659346320152], [-70.53737214280166, -33.40662546130849], [-70.53737325390946, -33.40668852577295], [-70.53733621918404, -33.406720523870256], [-70.53733733026989, -33.40678358833481], [-70.53730029549193, -33.40681558642243], [-70.53730140655583, -33.40687865088709], [-70.5372643717253, -33.40691064896505], [-70.53726492724584, -33.406942181197515], [-70.53692661381078, -33.40694637330325], [-70.53681273193568, -33.40688470598853], [-70.5366623704847, -33.406886568709666], [-70.5366242248317, -33.406855502119264], [-70.53654904412643, -33.40685643338765], [-70.53639701709068, -33.406763699050195], [-70.53628424613808, -33.40676509572584], [-70.53617036493496, -33.40670342779975], [-70.53602000375092, -33.40670528973355], [-70.53590612280453, -33.40664362155669], [-70.53579335198108, -33.406645017781756], [-70.5357894671208, -33.40642429198783], [-70.535826502311, -33.40639229433834], [-70.53582539233327, -33.40632922982505], [-70.53586242747092, -33.40629723216588], [-70.53585798749296, -33.40604497410905], [-70.53581984249652, -33.40601390724846], [-70.53581873253954, -33.4059508427311], [-70.53578058759912, -33.40591977585642], [-70.53577836775328, -33.40579364681681], [-70.53574022289774, -33.405762579926574], [-70.53573911300887, -33.405699515404315], [-70.53566282343694, -33.40563738158295], [-70.53566115869673, -33.40554278479396], [-70.53562301399477, -33.40551171786212], [-70.53562190420114, -33.40544865333385], [-70.53550747034475, -33.40535545245804], [-70.53546710643428, -33.40519825640398], [-70.53527582954531, -33.40501138900849], [-70.53527472002358, -33.40494832446484], [-70.53508399879176, -33.40479298901363], [-70.53508178004734, -33.40466685990985], [-70.53530398807099, -33.40447487515519], [-70.53534157742037, -33.40447440993303], [-70.53578543543732, -33.40405890689709]]]}}, {"type": "Feature", "properties": {"codigo": "UEe2", "capa_cad": "UEe2", "lamina": "uso_suelo"}, "geometry": {"type": "Polygon", "coordinates": [[[-70.48361896159673, -33.40295909272986], [-70.48362968293053, -33.403589753370035], [-70.48186295835845, -33.40361086972184], [-70.48185332062316, -33.403043274696145], [-70.4819274290441, -33.40297931054423], [-70.4819268935968, -33.40294777748638], [-70.48358083595845, -33.40292800923071], [-70.48361896159673, -33.40295909272986]]]}}, {"type": "Feature", "properties": {"codigo": "UEe2", "capa_cad": "UEe2", "lamina": "uso_suelo"}, "geometry": {"type": "Polygon", "coordinates": [[[-70.5494855121077, -33.39641378084049], [-70.54967623914813, -33.396569094137604], [-70.54967679893328, -33.396600626238026], [-70.54975308996822, -33.396662751466756], [-70.5498305008001, -33.39678794083934], [-70.5502512243558, -33.39719269257501], [-70.55025234436877, -33.397255756752166], [-70.55040492852132, -33.397380006381574], [-70.55040604865327, -33.39744307055223], [-70.55048234095007, -33.39750519528803], [-70.55048458133992, -33.39763132362148], [-70.55040940907004, -33.397632263060125], [-70.55026018455725, -33.3976972059733], [-70.55007449352819, -33.39782568250282], [-70.54999932107636, -33.39782662169785], [-70.54973901664418, -33.39798756898589], [-70.54966384404102, -33.3979885079817], [-70.54951517809656, -33.39808498212311], [-70.54940297877123, -33.39811792249677], [-70.54929189871746, -33.39821392696728], [-70.54899344573691, -33.39834381002442], [-70.54884365938256, -33.39837721918864], [-70.54876960540435, -33.398441221861056], [-70.5483589504557, -33.39860404315771], [-70.54828489592444, -33.398668045554274], [-70.54813454943933, -33.398669921772225], [-70.54805993543737, -33.39870239192679], [-70.54794885313906, -33.39879839524977], [-70.54776203800246, -33.39886380422804], [-70.54765095516728, -33.39895980729719], [-70.54757578165271, -33.398960745052094], [-70.54742655266006, -33.39902568466885], [-70.54731546924468, -33.39912168745168], [-70.54724029557879, -33.39912262500734], [-70.54712865291204, -33.399187095506235], [-70.54697830545082, -33.399188970348916], [-70.54694015973143, -33.399157906903056], [-70.54693904203023, -33.399094842646385], [-70.54678645953946, -33.39897058873048], [-70.54674607888131, -33.39881339668992], [-70.54663164255274, -33.39872020607332], [-70.54659237973321, -33.39862607823734], [-70.54651608909515, -33.398563951068056], [-70.54651497172543, -33.39850088679268], [-70.54643868125363, -33.39843875956983], [-70.54643756394513, -33.39837569529088], [-70.54636127363959, -33.398313568014466], [-70.5463214527012, -33.398187907931046], [-70.54612961069546, -33.39796952515194], [-70.54612849363008, -33.397906460859], [-70.54609034878183, -33.39787539712074], [-70.54608811471927, -33.39774926852994], [-70.54620031495034, -33.39771633113068], [-70.54627437028238, -33.39765232994853], [-70.54642471514745, -33.39765045603449], [-70.54649932891469, -33.39761798686671], [-70.54668446627355, -33.39745798340611], [-70.54675963852591, -33.39745704622822], [-70.54690886541297, -33.397392107461], [-70.54698291994264, -33.397328105875445], [-70.5472073185047, -33.397262229405136], [-70.54731839975975, -33.397166226756156], [-70.5474311577264, -33.39716482040702], [-70.54772960922587, -33.397034941134585], [-70.5478406896081, -33.39693893803934], [-70.54799047394988, -33.39690553013897], [-70.54817616627251, -33.39677705667913], [-70.54825133788559, -33.39677611861442], [-70.54840000311886, -33.39667964599223], [-70.5484751746401, -33.39667870779433], [-70.54851220103299, -33.396646706560915], [-70.54866198458748, -33.39661329786996], [-70.54881008960606, -33.39648529266044], [-70.54892284661373, -33.3964838849811], [-70.54907207015, -33.39641894369579], [-70.54914612224368, -33.39635494087855], [-70.54937163587863, -33.396352124816495], [-70.54944792647953, -33.39641425024786], [-70.5494855121077, -33.39641378084049]]]}}, {"type": "Feature", "properties": {"codigo": "UEe2", "capa_cad": "UEe2", "lamina": "uso_suelo"}, "geometry": {"type": "Polygon", "coordinates": [[[-70.55602251566553, -33.39406115445291], [-70.55602588782017, -33.39425034655953], [-70.5559888652552, -33.39428234993871], [-70.55598998928838, -33.394345413973674], [-70.5559529666709, -33.39437741734323], [-70.5559540906822, -33.39444048137831], [-70.55591706801225, -33.39447248473822], [-70.55591819200167, -33.394535548773405], [-70.55584414652962, -33.39459955546353], [-70.5558452704718, -33.39466261949962], [-70.55561976189314, -33.39466544720013], [-70.55558273900444, -33.394697450465436], [-70.55543239987675, -33.394699335328305], [-70.55539537690318, -33.394731338539934], [-70.55535779210464, -33.3947318097164], [-70.5553207690895, -33.39476381290679], [-70.55494492091161, -33.39476852393747], [-70.55494379761518, -33.39470545987546], [-70.55490565118636, -33.394674398883026], [-70.55490171977745, -33.39445367465559], [-70.55486357347681, -33.394422613645354], [-70.55486245025386, -33.394359549577395], [-70.55482430400923, -33.39432848855306], [-70.5548203728575, -33.39410776430477], [-70.55478222674105, -33.39407670326264], [-70.55477885730316, -33.393887511038855], [-70.5554929616178, -33.39387856027093], [-70.5555311078887, -33.39390962109062], [-70.55556869233027, -33.39390914987187], [-70.55560683864098, -33.39394021066694], [-70.55571959199845, -33.39393879690661], [-70.55575773837437, -33.3939698576532], [-70.5557953228378, -33.39396938636506], [-70.5558334692535, -33.394000447087045], [-70.55594622267661, -33.39399903311856], [-70.55602251566553, -33.39406115445291]]]}}, {"type": "Feature", "properties": {"codigo": "UEe2", "capa_cad": "UEe2", "lamina": "uso_suelo"}, "geometry": {"type": "Polygon", "coordinates": [[[-70.49333289746257, -33.39278146860036], [-70.49401050735912, -33.392836390106424], [-70.49570075368078, -33.39275294719058], [-70.49597465494912, -33.39338043349113], [-70.49647191136961, -33.3938790676709], [-70.49704110046751, -33.39418759536201], [-70.49783310268526, -33.39433573367518], [-70.49835876032155, -33.39429784728022], [-70.4992570240755, -33.39406622036592], [-70.50048921552536, -33.39357823393515], [-70.50074906005192, -33.39338585486863], [-70.50104865713752, -33.39331915191574], [-70.50130904188245, -33.39315830455472], [-70.50157267969962, -33.39318665362358], [-70.5016505617152, -33.39334340799346], [-70.50214676431295, -33.39377895289545], [-70.50222519051016, -33.393967239658565], [-70.5029507131007, -33.39462078007345], [-70.50402918854637, -33.39612160066534], [-70.50404603095414, -33.397099116596785], [-70.50389993000675, -33.39952941769953], [-70.50394675446415, -33.40006501892188], [-70.5031955373969, -33.40010566269538], [-70.50217903219644, -33.400023357004805], [-70.50187670030297, -33.399932399307794], [-70.50127529256127, -33.399939678419535], [-70.50111517896742, -33.399373907365046], [-70.50033415522209, -33.397680229009005], [-70.49999153698116, -33.397432056814544], [-70.49911133278374, -33.39652805340386], [-70.49758785405771, -33.39537949445621], [-70.49732312884231, -33.395288071325005], [-70.49606927869857, -33.39451471156112], [-70.49569126022642, -33.39439311149581], [-70.49546250505817, -33.394206632420115], [-70.49489440101965, -33.39396116316985], [-70.49470593349649, -33.39393189435407], [-70.49417325996774, -33.39355983717779], [-70.49402237887159, -33.393530114659214], [-70.49345050722877, -33.393063907955515], [-70.49333289746257, -33.39278146860036]]]}}, {"type": "Feature", "properties": {"codigo": "UEe2", "capa_cad": "UEe2", "lamina": "uso_suelo"}, "geometry": {"type": "Polygon", "coordinates": [[[-70.53786669343344, -33.39201670510173], [-70.53786891513599, -33.392142834297985], [-70.53783133114011, -33.39214330013462], [-70.53775727392089, -33.3922072963742], [-70.53753176975444, -33.39221009102525], [-70.53749474101758, -33.39224208906446], [-70.53666789182367, -33.39225233237631], [-70.53662975277746, -33.39222126553396], [-70.53591565565112, -33.39223010737278], [-70.53587751687328, -33.39219904029109], [-70.53553926034525, -33.392203226989736], [-70.53550223085655, -33.392235224455], [-70.53535189454173, -33.39223708487088], [-70.53531486496823, -33.392269082282404], [-70.53508936038355, -33.39227187249999], [-70.53505233069639, -33.39230386983612], [-70.53490199423165, -33.392305729710365], [-70.53486496445966, -33.39233772699279], [-70.53467704378718, -33.39234005152551], [-70.53464001391596, -33.39237204874338], [-70.53422658820195, -33.39237716159517], [-70.53418844993783, -33.392346093979526], [-70.53388777672731, -33.392349811457144], [-70.53385074655318, -33.39238180844774], [-70.5334749048182, -33.39238645416264], [-70.53343676680805, -33.392355386308395], [-70.53328643014072, -33.3923572442281], [-70.53328366126541, -33.39219958239869], [-70.53332069157969, -33.39216758557276], [-70.53339585975063, -33.392166656619544], [-70.5334704740787, -33.39213419525702], [-70.53369265497248, -33.39194221382479], [-70.53372913109908, -33.391878684521615], [-70.53387835895056, -33.391813761370415], [-70.53432327046644, -33.39146132910246], [-70.53443546758366, -33.3914284024175], [-70.5347317033235, -33.39117242490759], [-70.53488092919417, -33.39110750059896], [-70.53521474602039, -33.39085105706388], [-70.53532694199347, -33.3908181296015], [-70.53554911543665, -33.390626145017194], [-70.53554856087926, -33.3905946126763], [-70.53566131098567, -33.3905932172631], [-70.535698339742, -33.39056121976378], [-70.53584867314744, -33.3905593590103], [-70.53600178014398, -33.39071515974516], [-70.53600233486755, -33.390746692078714], [-70.536231164265, -33.39093309429215], [-70.5363068861088, -33.390963695934296], [-70.53645722016412, -33.390961834423955], [-70.53649535858257, -33.390992901342926], [-70.53657052563042, -33.39099197049564], [-70.53660755420563, -33.39095997273159], [-70.53675788823331, -33.39095811085722], [-70.53679491672368, -33.39092611303944], [-70.53713316810558, -33.39092192305923], [-70.53713427837931, -33.390984987690565], [-70.53717297219328, -33.39104758670879], [-70.53732552716777, -33.39117185339342], [-70.53736588688665, -33.391329049275576], [-70.53748030365675, -33.39142224910956], [-70.53755880284888, -33.391610511494406], [-70.53767322019891, -33.3917037111299], [-70.53771358082426, -33.39186090686094], [-70.53786669343344, -33.39201670510173]]]}}, {"type": "Feature", "properties": {"codigo": "UEe2", "capa_cad": "UEe2", "lamina": "uso_suelo"}, "geometry": {"type": "Polygon", "coordinates": [[[-70.5390124773866, -33.38664083596248], [-70.53916280381007, -33.38663897138693], [-70.53931479772186, -33.38673170354458], [-70.53946512428033, -33.38672983859839], [-70.53988185849259, -33.386913902833875], [-70.53999460361783, -33.38691250361947], [-70.54033617620199, -33.38709749909182], [-70.54056277945843, -33.38715776429028], [-70.54067719387284, -33.38725096129493], [-70.54105468166127, -33.38734089122755], [-70.5412066787406, -33.38743362096431], [-70.54131942446635, -33.38743222052728], [-70.54166100178752, -33.3876172121978], [-70.54188816400803, -33.38770900716804], [-70.54200091005305, -33.38770760610179], [-70.5421153266932, -33.387800801707264], [-70.54253095728966, -33.3879217922001], [-70.54268351397872, -33.388046052293674], [-70.54283439969467, -33.38807571544843], [-70.54302453928602, -33.38819950779622], [-70.54317542536829, -33.38822917052452], [-70.54332742617937, -33.388321897540735], [-70.54344017293906, -33.38832049514441], [-70.54359217418109, -33.38841322182226], [-70.54370492104455, -33.38841181918205], [-70.54389506256742, -33.38853561013253], [-70.54400780957276, -33.38853420721265], [-70.5441973941413, -33.38862646545395], [-70.54453730872173, -33.388716852205214], [-70.54465172934093, -33.3888100453407], [-70.54465674963001, -33.389093835268056], [-70.54440426848271, -33.389696222110416], [-70.54440594169279, -33.38979081875192], [-70.54429542388264, -33.389918350939546], [-70.54422527713051, -33.390203076373496], [-70.54411643148926, -33.390425205059344], [-70.54411810443385, -33.390519801702574], [-70.54404405330598, -33.39058380153974], [-70.54397167486974, -33.39074239798157], [-70.54397390528203, -33.39086852684104], [-70.54375398051066, -33.39118665485946], [-70.54356606310108, -33.39118899278127], [-70.54265347375107, -33.39060109840247], [-70.54246444339647, -33.39054037014496], [-70.54231132550935, -33.3903845777048], [-70.54227095745595, -33.39022738365167], [-70.54204211752648, -33.390040992876514], [-70.54204100374854, -33.389977928381235], [-70.5418878876234, -33.389822135354734], [-70.54180938097163, -33.389633875878836], [-70.54150370801254, -33.38935382122955], [-70.54150259465243, -33.389290756711276], [-70.54131134146995, -33.389103897532074], [-70.54131022825929, -33.38904083300554], [-70.54096753299578, -33.38879277600941], [-70.54073758686098, -33.38854331805166], [-70.54073647408828, -33.38848025350238], [-70.54058336296164, -33.38832445868714], [-70.54050541686323, -33.3881677305023], [-70.54031416831101, -33.387980869621195], [-70.54031305586777, -33.387917805053604], [-70.54023677921242, -33.387855673521656], [-70.54012013984516, -33.387636346977146], [-70.53954751454458, -33.387138825962005], [-70.53939607554233, -33.3870776264247], [-70.53901470029072, -33.38676696520016], [-70.5390124773866, -33.38664083596248]]]}}, {"type": "Feature", "properties": {"codigo": "UEe3", "capa_cad": "UEe3", "lamina": "uso_suelo"}, "geometry": {"type": "Polygon", "coordinates": [[[-70.53881737367207, -33.42887411556285], [-70.53866944320808, -33.43114675912042], [-70.53769093096422, -33.433240470623666], [-70.5348287574029, -33.433023618833765], [-70.53418508939677, -33.43277927218954], [-70.523104848308, -33.43146506911399], [-70.5212772458144, -33.43233905921824], [-70.52048871192106, -33.43241180881075], [-70.51922289474292, -33.43315272293023], [-70.5168605519952, -33.43356011269465], [-70.5156109067181, -33.43307076718872], [-70.51485831820985, -33.433048424400425], [-70.51434010657945, -33.43352784096178], [-70.51446387008303, -33.43415711187985], [-70.51276956746737, -33.434051637286316], [-70.51099405063013, -33.43360019856029], [-70.50930030714268, -33.433526208620336], [-70.50827958810348, -33.43322323681781], [-70.5059896649793, -33.43347184339975], [-70.50628340047776, -33.43305826637738], [-70.50770901023292, -33.4328517057645], [-70.50819347254564, -33.432593501008604], [-70.50891118413506, -33.43277400456974], [-70.50965557902227, -33.43232339596168], [-70.51251440755365, -33.43235163659547], [-70.51367568158476, -33.4320851534111], [-70.51372094876781, -33.43252614870157], [-70.5142141541165, -33.43277244004986], [-70.51529967619302, -33.43247532753646], [-70.51715313755588, -33.433083446572134], [-70.51898959032938, -33.432714033708216], [-70.52025540336469, -33.43197312204423], [-70.52104393355798, -33.43190037403739], [-70.52141389427136, -33.43154890543974], [-70.52158649039202, -33.43066369308142], [-70.52206924595394, -33.430310838496986], [-70.52220533420407, -33.42948915154918], [-70.52329588141086, -33.427331101502155], [-70.53826037819387, -33.427146380508226], [-70.5384517117778, -33.42733324108489], [-70.53881737367207, -33.42887411556285]]]}}, {"type": "Feature", "properties": {"codigo": "UEe3", "capa_cad": "UEe3", "lamina": "uso_suelo"}, "geometry": {"type": "Polygon", "coordinates": [[[-70.52097101429395, -33.41909638418582], [-70.52137906882051, -33.41877598787383], [-70.52201819653607, -33.418768146313994], [-70.52224487164797, -33.418828442705916], [-70.52250804196598, -33.41882521238575], [-70.52292489877462, -33.41900932933874], [-70.52307528208283, -33.419007482676705], [-70.52322676678033, -33.41906870058826], [-70.52337715016975, -33.4190668535574], [-70.52341529678564, -33.419097924146094], [-70.52348993770282, -33.41906546816468], [-70.52390349192473, -33.4190603875145], [-70.52405497725634, -33.41912160439462], [-70.52450722981627, -33.4191791244528], [-70.52477315723833, -33.419333551073876], [-70.52511372619178, -33.41945552014493], [-70.52545595062546, -33.41967208527766], [-70.52553114276384, -33.4196711604192], [-70.52572077794598, -33.41976344508713], [-70.52587116235826, -33.41976159499915], [-70.52609894597437, -33.41988494885235], [-70.52636267086002, -33.41991324259363], [-70.52651471121283, -33.420005988694875], [-70.52666509598752, -33.42000413763266], [-70.52670324415777, -33.420035207160424], [-70.52700346168034, -33.419999972076425], [-70.52715274212954, -33.419935055791136], [-70.52752815134792, -33.419898893558724], [-70.52797488539149, -33.41964107772085], [-70.52827454838726, -33.41957430730801], [-70.52932668252961, -33.41952979897395], [-70.5294029802992, -33.41959193634153], [-70.52940629798903, -33.4197811300437], [-70.52936925487862, -33.419813125938035], [-70.5293714666382, -33.41993925507098], [-70.52824524036355, -33.42004775507626], [-70.52787314531844, -33.42027311331139], [-70.52753588327487, -33.42034034588583], [-70.52712508438198, -33.42050310038416], [-70.52644779716553, -33.42047989902469], [-70.52614426700488, -33.420325938846204], [-70.52584294458504, -33.42029810722402], [-70.52569090439165, -33.42020536029744], [-70.52554051920171, -33.42020721018847], [-70.5254642235327, -33.42014507038725], [-70.52493456757064, -33.41996234915109], [-70.52462993932214, -33.419745320421974], [-70.52413788347307, -33.4195621334809], [-70.5237984171886, -33.41950322643923], [-70.52312168857583, -33.41951153903656], [-70.52289446053732, -33.41941971194068], [-70.52259314198011, -33.419391872298874], [-70.52225202617194, -33.41923836380539], [-70.52210164240809, -33.419240209480655], [-70.52206349617975, -33.419209138477], [-70.52168808698687, -33.4192452841481], [-70.52135247353233, -33.419407097143434], [-70.52116449338315, -33.41940940285618], [-70.52101190961635, -33.41928511758624], [-70.52097101429395, -33.41909638418582]]]}}, {"type": "Feature", "properties": {"codigo": "UEe3", "capa_cad": "UEe3", "lamina": "uso_suelo"}, "geometry": {"type": "Polygon", "coordinates": [[[-70.48121839715866, -33.41658127074544], [-70.48140637466018, -33.41657902573085], [-70.48144450570756, -33.416610109689145], [-70.48159488774476, -33.416608313424796], [-70.48163301887028, -33.416639397322776], [-70.48182099646175, -33.4166371516765], [-70.48185912767813, -33.41666823550224], [-70.48193431873439, -33.416667337140176], [-70.48204817685199, -33.416729055484126], [-70.48216096350407, -33.416727707749914], [-70.48219909487841, -33.416758791466236], [-70.48234947712048, -33.41675699428017], [-70.48238760857298, -33.41678807793619], [-70.4826507775537, -33.41678493233867], [-70.48268890912254, -33.41681601589859], [-70.48272596868354, -33.41678403349403], [-70.48287635093321, -33.4167822356681], [-70.4829134104094, -33.416750253209635], [-70.4829886015004, -33.41674935420663], [-70.48302566092059, -33.41671737171598], [-70.48321363856144, -33.41671512395493], [-70.48328990205097, -33.41677729070729], [-70.4832925831632, -33.41693495554555], [-70.4832555237547, -33.41696693811474], [-70.48325659617994, -33.4170300040496], [-70.48321953671879, -33.417061986609056], [-70.48322436255903, -33.41734578331092], [-70.48326249457851, -33.41737686667934], [-70.48326356702546, -33.41743993260983], [-70.48330169910092, -33.41747101596422], [-70.48330223534006, -33.41750254892851], [-70.48337849960129, -33.417564715598004], [-70.4833843986041, -33.417911578178625], [-70.48334733882933, -33.4179435607809], [-70.48334841136067, -33.4180066267032], [-70.48331135153326, -33.41803860929572], [-70.48331188778744, -33.418070142256994], [-70.48120650441315, -33.418095303482254], [-70.48120168499983, -33.41781150655525], [-70.48116355349399, -33.4177804225402], [-70.48115819881365, -33.417465092598306], [-70.48123231960014, -33.41740112865399], [-70.48123124862309, -33.41733806266507], [-70.48126830895012, -33.41730608067791], [-70.4812645604675, -33.41708534971393], [-70.48122642926765, -33.417054265706554], [-70.48122535830895, -33.41699119971392], [-70.4811490960484, -33.416929031658505], [-70.48114481247752, -33.416676767670026], [-70.48121893262676, -33.41661280374403], [-70.48121839715866, -33.41658127074544]]]}}, {"type": "Feature", "properties": {"codigo": "UEe3", "capa_cad": "UEe3", "lamina": "uso_suelo"}, "geometry": {"type": "Polygon", "coordinates": [[[-70.48111375818436, -33.414847853431695], [-70.48126413720671, -33.414846057651474], [-70.48130119649807, -33.41481407567157], [-70.48148917018517, -33.41481183063583], [-70.48152730046371, -33.4148429145977], [-70.48321906328317, -33.414822695929125], [-70.48321959943861, -33.414854228908084], [-70.48333399220078, -33.4149474791064], [-70.48333989044131, -33.41529434184056], [-70.48330283172429, -33.41532632441237], [-70.48330390411704, -33.41538939036257], [-70.48326684534737, -33.41542137292462], [-70.48326738153224, -33.41545290589984], [-70.48116206127294, -33.415478064639096], [-70.4811239308336, -33.41544698057206], [-70.48111375818436, -33.414847853431695]]]}}, {"type": "Feature", "properties": {"codigo": "UEe3", "capa_cad": "UEe3", "lamina": "uso_suelo"}, "geometry": {"type": "Polygon", "coordinates": [[[-70.59794089981013, -33.41062237186981], [-70.597977913144, -33.41059035629802], [-70.59797675807546, -33.41052729370484], [-70.59808953055645, -33.41052584081538], [-70.59812654379445, -33.41049382520159], [-70.59816413460518, -33.41049334087153], [-70.59820114780156, -33.41046132523653], [-70.59827632939137, -33.41046035652065], [-70.59838794640943, -33.4103958407796], [-70.59846312793599, -33.4103948719522], [-70.59850014097857, -33.41036285623196], [-70.59861291321823, -33.410361402873065], [-70.59864992619028, -33.41032938711002], [-70.59876269837842, -33.41032793361625], [-70.59879971127991, -33.4102959178104], [-70.59887489270524, -33.41029494873603], [-70.59891190555062, -33.410262932898156], [-70.59906226833262, -33.4102609945696], [-70.59910043695965, -33.410292041239735], [-70.59925079977792, -33.41029010268121], [-70.59928896848278, -33.41032114929078], [-70.59962728488533, -33.41031678676055], [-70.59966545373138, -33.4103478332498], [-70.59992858874945, -33.41034443944957], [-70.59992974522046, -33.410407501984444], [-70.5999679142113, -33.41043854837577], [-70.59996849246264, -33.41047007964222], [-70.60004540883585, -33.41056370365001], [-70.6000465654009, -33.410626766179064], [-70.600275580589, -33.41081304408972], [-70.60031317149775, -33.41081255910447], [-70.60035134080344, -33.41084360536649], [-70.60050170448011, -33.41084166526384], [-70.60053987386362, -33.41087271146529], [-70.6006150557219, -33.41087174132174], [-70.60065206814235, -33.410839724979056], [-70.60080243179021, -33.41083778451214], [-70.60083944412564, -33.41080576811582], [-70.60098980770118, -33.41080382742356], [-70.60102797723496, -33.41083487347027], [-70.60102913452197, -33.41089793596624], [-70.60110605240264, -33.4109915592648], [-70.60111010314444, -33.411212277983715], [-70.60099732994291, -33.41121373364497], [-70.60096031750064, -33.41124575008982], [-70.60080995316146, -33.41124769076889], [-70.60077294063416, -33.41127970716011], [-70.60069775843021, -33.41128067740974], [-70.60058614210402, -33.4113451952039], [-70.60047336870181, -33.41134665039398], [-70.60043635600626, -33.411378666689174], [-70.60032358255253, -33.411380121744386], [-70.6002865697864, -33.41141213799676], [-70.60013620511094, -33.41141407786778], [-70.60009919225978, -33.411446094066555], [-70.59998641870031, -33.411447548817875], [-70.59994940577859, -33.41147956497381], [-70.59979904096215, -33.41148150443964], [-70.59976202795538, -33.411513520541966], [-70.59957407184223, -33.4115159445641], [-70.59953590249872, -33.4114848980666], [-70.59953185569675, -33.41126417918741], [-70.59949368648171, -33.411233132671974], [-70.59949253028961, -33.41117007013205], [-70.59899633334041, -33.410766464255694], [-70.59895874242731, -33.41076694884137], [-70.5989205736339, -33.41073590213458], [-70.59877021002323, -33.410737840315626], [-70.59873204130766, -33.410706793548314], [-70.59861926862821, -33.410708247028694], [-70.59858225548963, -33.41074026278581], [-70.59843189184657, -33.41074220055705], [-70.59839487862298, -33.41077421626056], [-70.59831969676712, -33.41077518505628], [-70.59828268348743, -33.410807200727774], [-70.59801954686229, -33.41081059107855], [-70.59798137837122, -33.41077954407351], [-70.59794378743385, -33.410780028351844], [-70.59794089981013, -33.41062237186981]]]}}, {"type": "Feature", "properties": {"codigo": "UEe3", "capa_cad": "UEe3", "lamina": "uso_suelo"}, "geometry": {"type": "Polygon", "coordinates": [[[-70.48364147678333, -33.40428347999656], [-70.48365112659975, -33.404851074448636], [-70.48361407228688, -33.40488305703996], [-70.48357648186432, -33.4048835065964], [-70.4835394275099, -33.40491548916642], [-70.48184785698344, -33.40493570693671], [-70.48183661253486, -33.4042735128718], [-70.48360335054004, -33.40425239652696], [-70.48364147678333, -33.40428347999656]]]}}, {"type": "Feature", "properties": {"codigo": "UEe3", "capa_cad": "UEe3", "lamina": "uso_suelo"}, "geometry": {"type": "Polygon", "coordinates": [[[-70.52908350086875, -33.40351091279655], [-70.52991101242537, -33.403532249354626], [-70.53013820526901, -33.40362406478704], [-70.5306274162169, -33.40364956883753], [-70.5315008187209, -33.40414341599609], [-70.53218905180893, -33.40479723979025], [-70.53226699925128, -33.404953972798225], [-70.53249585943907, -33.40514038065524], [-70.53295635242324, -33.40567085651748], [-70.53307743191056, -33.406142447401734], [-70.53308186386856, -33.40639470578363], [-70.53315926040666, -33.40651990580983], [-70.53313552078798, -33.407308677739024], [-70.5330305049882, -33.40775152355968], [-70.53296695717565, -33.40841463076775], [-70.5328575076743, -33.40860521812421], [-70.53278952657544, -33.40901606691182], [-70.53250042655847, -33.40968196073385], [-70.53242635093473, -33.40974595415231], [-70.53235559805589, -33.40999914126873], [-70.5320620619904, -33.41041277583652], [-70.53094979560113, -33.411309604484565], [-70.5306142302883, -33.41147144139111], [-70.53012552841795, -33.41147747088339], [-70.5293615184757, -33.41079303205821], [-70.52936041298481, -33.410729967398694], [-70.5289026762213, -33.41035714043421], [-70.5288999133752, -33.41019947873924], [-70.52926864755013, -33.40978492435344], [-70.52945107870315, -33.409467283605224], [-70.52973633177285, -33.408580669884095], [-70.52967828673934, -33.4074144369155], [-70.52940243995818, -33.40669243747093], [-70.5289358849842, -33.405815092072146], [-70.52896739755533, -33.405467772785535], [-70.52911112660706, -33.405087531123016], [-70.5291050487601, -33.40474067512735], [-70.52902765961976, -33.404615472325744], [-70.52898399284126, -33.4042690795952], [-70.52901274253512, -33.40376409838374], [-70.52908350086875, -33.40351091279655]]]}}, {"type": "Feature", "properties": {"codigo": "UEe3", "capa_cad": "UEe3", "lamina": "uso_suelo"}, "geometry": {"type": "Polygon", "coordinates": [[[-70.56584963104328, -33.399109914463466], [-70.56696760216106, -33.39855963615731], [-70.56715553334257, -33.39855726234146], [-70.56757917521021, -33.39911961170683], [-70.56815146986484, -33.399585463654525], [-70.57012526116029, -33.40063282310969], [-70.57261566485009, -33.40113744046738], [-70.58148019514957, -33.40484095535657], [-70.58182535216275, -33.40521502087726], [-70.58610612708316, -33.40698961228895], [-70.58670755931695, -33.406981920622215], [-70.58694800676027, -33.40779885403145], [-70.5813424113312, -33.40553656683967], [-70.58073413318614, -33.40516585316259], [-70.57915882509097, -33.405375150276505], [-70.576745153824, -33.404964308722725], [-70.57545859433891, -33.40450757149503], [-70.57011717194113, -33.40227295078481], [-70.5696980349445, -33.40196286547098], [-70.569245849091, -33.4019055083454], [-70.56784434320866, -33.401323988588075], [-70.56658641251603, -33.400362171977825], [-70.56593159258225, -33.399487347745804], [-70.56584963104328, -33.399109914463466]]]}}, {"type": "Feature", "properties": {"codigo": "UEe3", "capa_cad": "UEe3", "lamina": "uso_suelo"}, "geometry": {"type": "Polygon", "coordinates": [[[-70.53329473689601, -33.392830229691036], [-70.53438523750475, -33.39284828775535], [-70.53535965791333, -33.392678537551696], [-70.53742790203198, -33.392716005056286], [-70.53879760791011, -33.39364520031101], [-70.53922160182344, -33.394239185183146], [-70.53950193403779, -33.39521342106692], [-70.53977059284433, -33.395525478707825], [-70.53986348787895, -33.40079136265794], [-70.5397624070923, -33.40145493898996], [-70.53951264062694, -33.402214977824414], [-70.53842278935662, -33.40437315852792], [-70.53827243234599, -33.404375023077], [-70.5384520402239, -33.40389970892724], [-70.53840944836261, -33.403616385000475], [-70.53818058011328, -33.40342998825887], [-70.53772729140958, -33.4033094513659], [-70.53646965070892, -33.40234732085426], [-70.53523132184166, -33.40034414581804], [-70.53495157262711, -33.399401432472544], [-70.53476906599082, -33.39757441846999], [-70.53379560855139, -33.39566256666984], [-70.53304936495952, -33.393842516321996], [-70.53303773697061, -33.39318033669525], [-70.53329473689601, -33.392830229691036]], [[-70.53568751049767, -33.39421990038137], [-70.53546366472453, -33.39431728838998], [-70.5351674209031, -33.39457326776647], [-70.53509945898253, -33.39498411809455], [-70.53502650629318, -33.39511117745278], [-70.53512219367995, -33.3962769432895], [-70.53531955094635, -33.39681066718271], [-70.53540248797849, -33.39725118925142], [-70.53552079358043, -33.39756511679411], [-70.53552356705904, -33.3977227783216], [-70.53568112465766, -33.39813083735209], [-70.53575740746179, -33.398192971421985], [-70.53583646449066, -33.39841276692802], [-70.53595144414867, -33.39853750014584], [-70.53595366363382, -33.39866362932287], [-70.53614714725526, -33.398976625373], [-70.53634396246935, -33.39947881477339], [-70.5365739264629, -33.39972827998646], [-70.53669057445185, -33.39994760924556], [-70.53715050827516, -33.400446537748905], [-70.53719031728983, -33.40057220108165], [-70.53757230410973, -33.40091439796527], [-70.53783652972649, -33.40097420117534], [-70.53802391303495, -33.400940339077636], [-70.53832072482614, -33.40071588500182], [-70.53835664515327, -33.40062082216753], [-70.53827626590079, -33.39819330458942], [-70.53823812361976, -33.39816223836107], [-70.53818497850766, -33.39727980094814], [-70.53802741102872, -33.39687174533536], [-70.53800741055693, -33.3957365834227], [-70.53804444053007, -33.39570458521078], [-70.53799852181818, -33.39523206694691], [-70.53780392959848, -33.39485600898346], [-70.5374988054632, -33.39460747713863], [-70.53734790991425, -33.394577807795415], [-70.5369305883145, -33.39436220386004], [-70.53666638344376, -33.394302398067964], [-70.53647679379365, -33.39421012852301], [-70.53613741988002, -33.3941512524487], [-70.53610038982043, -33.394183250100184], [-70.53568751049767, -33.39421990038137]]]}}, {"type": "Feature", "properties": {"codigo": "UEe3", "capa_cad": "UEe3", "lamina": "uso_suelo"}, "geometry": {"type": "Polygon", "coordinates": [[[-70.5134633434551, -33.387333560838776], [-70.51361367286283, -33.38733172717489], [-70.51365180179609, -33.38736280140976], [-70.51380213124104, -33.38736096751619], [-70.51384026025222, -33.38739204169075], [-70.51425366629542, -33.387386997413905], [-70.51429179547351, -33.3874180714447], [-70.51470520155348, -33.38741302566039], [-70.51474333089848, -33.387444099547416], [-70.51538223121727, -33.387436298607284], [-70.51542036080541, -33.387467372279005], [-70.51557069030724, -33.38746553623826], [-70.51560881997331, -33.38749660984968], [-70.51572156712885, -33.387495232663916], [-70.51575969686016, -33.387526306226924], [-70.51591002643978, -33.38752446977231], [-70.51594815624905, -33.38755554327499], [-70.51598573865454, -33.38755508412098], [-70.51599121300173, -33.38787041055401], [-70.51602934299491, -33.38790148402499], [-70.5160457669803, -33.38884746320152], [-70.51600873148558, -33.3888794550265], [-70.51601146882754, -33.38903711820974], [-70.51597443324216, -33.389069110026156], [-70.51598428762094, -33.389636697457796], [-70.5159472517797, -33.389668689270565], [-70.51595053655778, -33.38985788507125], [-70.51587536976288, -33.389858803402234], [-70.51576371436138, -33.389923246084415], [-70.51565096407364, -33.389924623396475], [-70.51553930841615, -33.38998906588306], [-70.51542655803169, -33.389990442993636], [-70.5153895218345, -33.39002243464813], [-70.51516402095615, -33.390025188497155], [-70.51516237940479, -33.38993059056565], [-70.51512424879424, -33.389899516854314], [-70.51512315445976, -33.38983645156437], [-70.51504634624052, -33.38974277145428], [-70.51504470483421, -33.38964817351331], [-70.51500657439149, -33.38961709975977], [-70.51500548015369, -33.389554034463515], [-70.51488999492682, -33.38939774782158], [-70.51488890078231, -33.38933468251969], [-70.51477451012038, -33.389241461056656], [-70.51477341606575, -33.389178395749816], [-70.51465902573435, -33.38908517416876], [-70.51465793176959, -33.38902210885695], [-70.51446673499471, -33.388835206635584], [-70.51446618808652, -33.38880367397569], [-70.51435070485155, -33.38864738675818], [-70.5143496111276, -33.38858432143291], [-70.51419709239437, -33.38846002538737], [-70.51419654559132, -33.38842849272163], [-70.51412028641623, -33.388366344621595], [-70.51408106335225, -33.38827220521635], [-70.51400480439753, -33.38821005703768], [-70.51400371094147, -33.388146991697845], [-70.5138511934727, -33.38802269518314], [-70.51385010013534, -33.387959629836914], [-70.51373571240498, -33.38786640731393], [-70.51373461915747, -33.38780334196276], [-70.51365836086379, -33.38774119354805], [-70.51361913859999, -33.387647053965615], [-70.51354288052664, -33.387584905472245], [-70.51354233397792, -33.3875533727925], [-70.51346552952282, -33.387459691565816], [-70.5134633434551, -33.387333560838776]]]}}, {"type": "Feature", "properties": {"codigo": "UEe3", "capa_cad": "UEe3", "lamina": "uso_suelo"}, "geometry": {"type": "Polygon", "coordinates": [[[-70.51475833006641, -33.383974588147595], [-70.51494623448538, -33.38397229428147], [-70.51498436236143, -33.384003368151056], [-70.51502194325539, -33.384002909331784], [-70.51506007117126, -33.38403398317681], [-70.51509765207706, -33.38403352433426], [-70.51517390801556, -33.38409567196258], [-70.51521148894591, -33.384095213084805], [-70.51532587309511, -33.38418843439673], [-70.51536345406274, -33.384187975471825], [-70.51547729131535, -33.38424966396601], [-70.51555245329715, -33.38424874601166], [-70.51570496629583, -33.384373040625555], [-70.51574254733627, -33.384372581583634], [-70.51578067566643, -33.384403655193616], [-70.51578122295786, -33.38443518785668], [-70.51589560815425, -33.38452840860864], [-70.51589615548974, -33.38455994126941], [-70.51620118398836, -33.384808529379576], [-70.51623876520752, -33.38480807018215], [-70.51627689390456, -33.38483914362713], [-70.51631447513556, -33.38483868440642], [-70.51639073263641, -33.38490083123466], [-70.51642831389196, -33.38490037197873], [-70.51646644269577, -33.38493144536196], [-70.51661676776031, -33.384929608176805], [-70.51665489664204, -33.38496068149973], [-70.51669247791875, -33.38496022216308], [-70.51699751005027, -33.385208808196204], [-70.51699805779768, -33.3852403408374], [-70.51703618695055, -33.385271414033944], [-70.51703673471322, -33.38530294667428], [-70.51711299312912, -33.38536509302805], [-70.51711408871465, -33.385428158305324], [-70.51715221799209, -33.38545923146183], [-70.51715495704289, -33.3856168946485], [-70.5171179232909, -33.38564888677049], [-70.51711901889178, -33.38571195204474], [-70.51708198508723, -33.38574394415704], [-70.51708362845686, -33.38583854206828], [-70.51704659458709, -33.38587053417129], [-70.51689626793322, -33.385872371922545], [-70.51689462476439, -33.385777774003586], [-70.51685649543178, -33.385746700770795], [-70.516855400019, -33.38568363548923], [-70.51677859381647, -33.3855899563404], [-70.51677749846644, -33.38552689105495], [-70.51673936928722, -33.38549581778067], [-70.51673882162788, -33.38546428513699], [-70.51616688740957, -33.38499818449569], [-70.51612930610737, -33.38499864367365], [-70.51601492003391, -33.38490542316846], [-70.51597733876896, -33.384905882299286], [-70.51590108154763, -33.3848437352088], [-70.51586350030725, -33.3848441943044], [-70.51586295297763, -33.3848126616446], [-70.51525289954512, -33.38431548289909], [-70.51521531852072, -33.38431594179207], [-70.51517719042435, -33.384284868001146], [-70.5151396094118, -33.38428532687083], [-70.51506335332583, -33.384223179227256], [-70.51502577233784, -33.38422363806172], [-70.51498764434822, -33.38419256420905], [-70.51495006337208, -33.384193023020224], [-70.51491193542229, -33.38416194914302], [-70.51487435445802, -33.3841624079309], [-70.51479809866517, -33.384100260114735], [-70.51476051772545, -33.38410071886741], [-70.51475833006641, -33.383974588147595]]]}}, {"type": "Feature", "properties": {"codigo": "UEe3", "capa_cad": "UEe3", "lamina": "uso_suelo"}, "geometry": {"type": "Polygon", "coordinates": [[[-70.49318375551749, -33.37966284416976], [-70.49457527196603, -33.379709172415794], [-70.49543009129268, -33.38133892772071], [-70.49729179707342, -33.380307216054646], [-70.49697873062283, -33.37958558493916], [-70.49979988328614, -33.379709219374426], [-70.494058506358, -33.38245933048709], [-70.49283936655073, -33.38370404255255], [-70.49315133707391, -33.384362618208876], [-70.50382768602796, -33.384422929709615], [-70.5113187538076, -33.3807048916015], [-70.5136362408224, -33.382127457599616], [-70.5131254153595, -33.383016789761356], [-70.51411398809931, -33.38366705826147], [-70.51258027563587, -33.38409577435084], [-70.51223122054994, -33.38564545757618], [-70.50831020302564, -33.38279155614872], [-70.50230421121373, -33.38545064462373], [-70.49488439977681, -33.3845940683726], [-70.49305314827748, -33.38521536553338], [-70.49372835165144, -33.389528145757495], [-70.49828191769255, -33.38982017862307], [-70.49407901441045, -33.39024933115998], [-70.49281533355507, -33.39329232779579], [-70.4989336877717, -33.39712944809893], [-70.50090483504195, -33.40025955438119], [-70.50471971582222, -33.401285680284545], [-70.50764072315829, -33.400619430503404], [-70.50975984144759, -33.40141368176448], [-70.50693362537204, -33.401038032665376], [-70.50427680597925, -33.401764141573615], [-70.50245626127285, -33.40084002299325], [-70.50106874537272, -33.401046055172834], [-70.50127411054785, -33.408613010613564], [-70.50498148334435, -33.40992427602392], [-70.50923812688781, -33.410377186552964], [-70.51192739994542, -33.41151138872642], [-70.51209526004098, -33.4125185982085], [-70.51554198614225, -33.413958875810714], [-70.52094063824299, -33.41304123631289], [-70.52479333748303, -33.414034726884964], [-70.52528877408642, -33.41226244255805], [-70.52652761071481, -33.41429724719446], [-70.52933663301059, -33.415808061023434], [-70.52057185034391, -33.41345576723649], [-70.51716455043146, -33.414285970890376], [-70.51693539042554, -33.416244203840236], [-70.5177468266878, -33.41749584442927], [-70.5162995685392, -33.41644121365359], [-70.5162263470337, -33.41439206084272], [-70.51431671759963, -33.414856938867096], [-70.51272764729848, -33.41862949582312], [-70.51150337790585, -33.41959059817109], [-70.512200211999, -33.41857284929328], [-70.51181168277847, -33.4178521839705], [-70.50736723715615, -33.41960939738069], [-70.50297073430946, -33.417612701341554], [-70.50108661321288, -33.41738320437507], [-70.50430079010113, -33.416240388548744], [-70.50490671979298, -33.414309142977714], [-70.50515726174251, -33.417933117752234], [-70.50795896534781, -33.41903449817245], [-70.51254336122912, -33.41667631238177], [-70.51422620327064, -33.41397494588651], [-70.51225383197409, -33.41298975354429], [-70.50701417571952, -33.412233503462836], [-70.50318900758126, -33.41063987523392], [-70.50285936518385, -33.411148498287524], [-70.50413961371524, -33.413435348105224], [-70.50006882170902, -33.41067764760813], [-70.49841605391245, -33.40858448887366], [-70.4993403400538, -33.405482465585095], [-70.49797433657173, -33.40256580788093], [-70.4967955515213, -33.401791551637785], [-70.49699566447006, -33.400306786321046], [-70.49623471037481, -33.39977979653123], [-70.49682259947949, -33.398984220325694], [-70.4927160565405, -33.39408200814145], [-70.49312555827895, -33.39164854400451], [-70.49161086223111, -33.39100443380682], [-70.49168105718168, -33.38851197248567], [-70.48912689366385, -33.38422174097313], [-70.49034125208017, -33.38269326646189], [-70.4924306861424, -33.38178504942914], [-70.49318375551749, -33.37966284416976]], [[-70.50593924972735, -33.41095344831835], [-70.5059430597516, -33.41117417701409], [-70.50598119680568, -33.41120525327582], [-70.5059822854205, -33.411268318614525], [-70.50621110848817, -33.41145477591085], [-70.50632443151409, -33.411484939062454], [-70.50647643648564, -33.411577710867526], [-70.50655162230987, -33.411576797707454], [-70.50674122062414, -33.41166911257717], [-70.50681640651796, -33.41166819925445], [-70.50708173597822, -33.41179113286984], [-70.50715692196536, -33.411790219337824], [-70.50719505971516, -33.41182129520358], [-70.50734543173022, -33.41181946795521], [-70.50738356955807, -33.41185054376062], [-70.50745875558596, -33.411849630044266], [-70.50749689346642, -33.411880705813154], [-70.50764726556294, -33.411878878196106], [-70.50768540352145, -33.411909953904654], [-70.5078357756553, -33.41190812605773], [-70.50787391369188, -33.41193920170591], [-70.50806187890373, -33.41193691658143], [-70.5081000170311, -33.41196799215733], [-70.50813706498253, -33.411936002451945], [-70.50828743712997, -33.41193417405634], [-70.50832557533369, -33.41196524956066], [-70.50855113360572, -33.41196250655411], [-70.50858927191295, -33.41199358197422], [-70.50873964412824, -33.41199175302776], [-70.50877778251353, -33.41202282838749], [-70.50926649228488, -33.41201688289835], [-70.50930463086276, -33.41204795809035], [-70.50937981699414, -33.41204704320507], [-70.50941795562463, -33.412078118360576], [-70.50956832792811, -33.41207628840567], [-70.50960646663664, -33.41210736350081], [-70.50964405972312, -33.4121069059717], [-70.5096811071468, -33.41207491581996], [-70.50983147942651, -33.41207308554627], [-70.50986852676536, -33.41204109534069], [-70.50990611981872, -33.412040637732964], [-70.51012840319507, -33.41184869621476], [-70.51012731155983, -33.411785631002516], [-70.51016435866875, -33.41175364071361], [-70.5101610837071, -33.41156444507505], [-70.51012294505291, -33.411533370146735], [-70.51012185343467, -33.41147030493111], [-70.50981674540925, -33.41122170503806], [-70.50970342164858, -33.41119154510087], [-70.5097028759977, -33.4111600124853], [-70.50943590836998, -33.41094248665461], [-70.50939831578151, -33.41094294410665], [-70.5093601776703, -33.410911868925496], [-70.5092849925163, -33.41091278377156], [-70.5091329858818, -33.41082001545078], [-70.50898261571292, -33.410821844817605], [-70.50894447779937, -33.410790769502356], [-70.50849336736393, -33.41079625636674], [-70.50845522963024, -33.41076518089569], [-70.50830485950884, -33.41076700943845], [-70.50826672185322, -33.41073593390706], [-70.50811635176915, -33.410737762219945], [-70.50796434663289, -33.41064499242074], [-70.50781397668455, -33.410646820362786], [-70.50777583925205, -33.410615744673464], [-70.50728713699168, -33.410621684072005], [-70.50724899975177, -33.41059060821498], [-70.50694825992983, -33.410594262177725], [-70.50691012281887, -33.410563186212606], [-70.50683493788036, -33.41056409956558], [-70.5067978899985, -33.41059608888586], [-70.50645955760345, -33.41060019831315], [-70.50642250956464, -33.41063218752536], [-70.50627213953156, -33.41063401359811], [-70.50623509140793, -33.41066600275651], [-70.50619749888314, -33.410666459235394], [-70.50597520948469, -33.410858393900895], [-70.50597629808088, -33.41092145924331], [-70.50593924972735, -33.41095344831835]]]}}, {"type": "Feature", "properties": {"codigo": "UEe4", "capa_cad": "UEe4", "lamina": "uso_suelo"}, "geometry": {"type": "Polygon", "coordinates": [[[-70.60166467232472, -33.40865048207757], [-70.6023800394195, -33.40870432041613], [-70.60253213668084, -33.40879697167078], [-70.60298379591165, -33.408822674429544], [-70.6031740634094, -33.40894637031379], [-70.60355054339486, -33.40897304262451], [-70.6037789817008, -33.40912778280376], [-70.60408028233027, -33.409155425493324], [-70.60449841254366, -33.409402327202464], [-70.60487489473746, -33.40942899541975], [-70.60506516615308, -33.409552688271226], [-70.60540405881501, -33.40957984126595], [-70.60544745124072, -33.40989466659755], [-70.60563830476559, -33.41004988968797], [-70.6057586205972, -33.41045833516775], [-70.60598822751076, -33.410676133355445], [-70.60599287099063, -33.4109283827284], [-70.60618488881445, -33.41114666719196], [-70.60622886560263, -33.41149302323084], [-70.60638155233471, -33.41161720061883], [-70.60638677771914, -33.41190098106473], [-70.60654062672897, -33.41208822053583], [-70.60658867037931, -33.41265529441625], [-70.60678069364093, -33.412873577740555], [-70.6067917283599, -33.413472669538024], [-70.60694558113381, -33.41365990835221], [-70.60699420958404, -33.414258512971514], [-70.60714806424015, -33.41444575145722], [-70.60719669474435, -33.41504435586953], [-70.6073505512827, -33.415231594026736], [-70.60743735784868, -33.41586124214776], [-70.60781909941875, -33.41617168060563], [-70.60782200550005, -33.416329336183395], [-70.60755885345142, -33.41633274726107], [-70.6073309703564, -33.41620954610588], [-70.60675836127308, -33.41574388562029], [-70.60641363737533, -33.415401425672805], [-70.60637081855883, -33.41511813227807], [-70.6056455303989, -33.41452828899847], [-70.60559852158596, -33.41197426464472], [-70.6054446747605, -33.41178702393503], [-70.60543481048106, -33.41125099393459], [-70.60535672740036, -33.41109431111083], [-70.60512770099399, -33.41090804293825], [-70.60486340488733, -33.41084838543815], [-70.60430070183892, -33.4109187421027], [-70.60415207763133, -33.41101528041111], [-70.60373915702895, -33.41105215865079], [-70.60362754335394, -33.41111667910907], [-70.60332623601974, -33.411089035525656], [-70.60328632719447, -33.4109633965782], [-70.60313364589176, -33.41083921520072], [-70.6030914199327, -33.41058745130588], [-70.60274673124253, -33.41024497985268], [-70.6027039275257, -33.40996168453435], [-70.60216839596015, -33.40946398350205], [-70.60212559460405, -33.40918068788238], [-70.60166698763075, -33.40877660707398], [-70.60166467232472, -33.40865048207757]]]}}, {"type": "Feature", "properties": {"codigo": "UEe4", "capa_cad": "UEe4", "lamina": "uso_suelo"}, "geometry": {"type": "Polygon", "coordinates": [[[-70.4836269388238, -33.405639849566825], [-70.48363819743804, -33.406302042948376], [-70.48198419118512, -33.406321813722734], [-70.48197294511114, -33.40565961984685], [-70.4836269388238, -33.405639849566825]]]}}, {"type": "Feature", "properties": {"codigo": "UEe5", "capa_cad": "UEe5", "lamina": "uso_suelo"}, "geometry": {"type": "Polygon", "coordinates": [[[-70.57015839070216, -33.425453512712615], [-70.57016293315552, -33.4257057658716], [-70.56982455224055, -33.42571004979047], [-70.56978638668276, -33.425678994074566], [-70.56963599519281, -33.425680897694534], [-70.56959782971299, -33.4256498419181], [-70.56948503612436, -33.42565126947761], [-70.56948163075657, -33.42546207954617], [-70.56963202188032, -33.425460176124304], [-70.56966905203294, -33.425428168587366], [-70.57012022514581, -33.425422457098435], [-70.57015839070216, -33.425453512712615]]]}}, {"type": "Feature", "properties": {"codigo": "UEe5", "capa_cad": "UEe5", "lamina": "uso_suelo"}, "geometry": {"type": "Polygon", "coordinates": [[[-70.57424353599366, -33.41843164129786], [-70.57424751991498, -33.41865236262939], [-70.57421049427458, -33.41868437143418], [-70.5742116325204, -33.41874743467103], [-70.57417460682746, -33.41877944346621], [-70.574175175939, -33.41881097508479], [-70.57413815020621, -33.41884298386995], [-70.5741392884066, -33.418906047107384], [-70.57410226262127, -33.418938055882926], [-70.57410283171009, -33.418969587501785], [-70.57402764190658, -33.418970541782905], [-70.57399061605247, -33.41900255052679], [-70.57395302113493, -33.419003027639455], [-70.57387896931631, -33.41906704507431], [-70.57372858952156, -33.41906895332453], [-70.57372802056587, -33.419037421700494], [-70.57368985668731, -33.41900636710925], [-70.57368871880749, -33.4189433038592], [-70.57365055498502, -33.41891224925378], [-70.5736477103733, -33.41875459112202], [-70.57368473625604, -33.4187225824787], [-70.57368416732366, -33.41869105085224], [-70.57375821898229, -33.418627033535145], [-70.57375708106942, -33.41856397028331], [-70.57379410683262, -33.41853196160992], [-70.57379183096674, -33.41840583510581], [-70.57382885665201, -33.41837382642361], [-70.5740544245306, -33.418370963849945], [-70.5740925882468, -33.41840201833638], [-70.57413018290283, -33.41840154118896], [-70.5741683466589, -33.41843259565077], [-70.57424353599366, -33.41843164129786]]]}}, {"type": "Feature", "properties": {"codigo": "UEe5", "capa_cad": "UEe5", "lamina": "uso_suelo"}, "geometry": {"type": "Polygon", "coordinates": [[[-70.58329466654986, -33.41781180461239], [-70.58352023194487, -33.41780892486987], [-70.58355839865621, -33.41783997635363], [-70.58370877561914, -33.41783805624972], [-70.58378510922473, -33.41790015908351], [-70.58382270348861, -33.41789967900515], [-70.58386087034482, -33.41793073039105], [-70.5838984646205, -33.417930250289345], [-70.58393663151656, -33.41796130165057], [-70.58397422580403, -33.41796082152552], [-70.58401239273992, -33.41799187286209], [-70.58404998703918, -33.4179913927137], [-70.58408815401492, -33.418022444025624], [-70.58420093694542, -33.41802100347625], [-70.58423910398638, -33.418052054739576], [-70.58427669830745, -33.41805157452172], [-70.58427956205153, -33.41820923186255], [-70.58424254040051, -33.41824124355149], [-70.58424368587902, -33.41830430648744], [-70.58416964244472, -33.41836832983569], [-70.58417021515996, -33.418399861304216], [-70.58398224278557, -33.418402262140276], [-70.58394407567425, -33.418371210801375], [-70.58386888674364, -33.418372171032175], [-70.58383071968485, -33.418341119656645], [-70.5837931252309, -33.41834159974301], [-70.58375495821197, -33.418310548342845], [-70.58367976932675, -33.41831150845749], [-70.58364160236033, -33.41828045702069], [-70.58356641349692, -33.41828141706587], [-70.58349007969632, -33.41821931410637], [-70.58345248528863, -33.41821979408797], [-70.58341431844175, -33.4181887425772], [-70.58337672404588, -33.41818922253545], [-70.58333855723883, -33.41815817100004], [-70.58326336846977, -33.41815913085846], [-70.58325821706177, -33.417875347500036], [-70.58329523893676, -33.41784333609711], [-70.58329466654986, -33.41781180461239]]]}}, {"type": "Feature", "properties": {"codigo": "UEe5", "capa_cad": "UEe5", "lamina": "uso_suelo"}, "geometry": {"type": "Polygon", "coordinates": [[[-70.59022486499556, -33.41636697457169], [-70.59026245848133, -33.41636649256125], [-70.5902994770798, -33.41633447915434], [-70.59060022481802, -33.416330622574456], [-70.59063839328986, -33.41636167183066], [-70.59078876718822, -33.41635974321963], [-70.59082693573794, -33.41639079241529], [-70.59086452922297, -33.416390310222106], [-70.59090269781251, -33.41642135939311], [-70.5910530717944, -33.416419430458674], [-70.59109124046184, -33.41645047956915], [-70.59112883396776, -33.41644999729511], [-70.59116700267502, -33.4164810463809], [-70.59131737674046, -33.416479117123075], [-70.59135554552559, -33.41651016614834], [-70.59135899717047, -33.41669935435383], [-70.59132197882502, -33.41673136806834], [-70.59132543042607, -33.41692055627017], [-70.59125139350154, -33.41698458367281], [-70.59125254399167, -33.41704764640703], [-70.59091420010883, -33.417051986869005], [-70.59083786237801, -33.41698988854403], [-70.59080026863413, -33.416990370736734], [-70.59076209982214, -33.41695932154323], [-70.59061172488843, -33.41696125015235], [-70.59057355615431, -33.4169302008983], [-70.59038558753043, -33.41693261134371], [-70.59034741888688, -33.41690156201715], [-70.5903098251721, -33.416902044060116], [-70.59027165656838, -33.416870994708916], [-70.59012128175105, -33.416872922719065], [-70.59011783276738, -33.416683734405005], [-70.59015485155055, -33.41665172103729], [-70.59015312703276, -33.41655712687919], [-70.59019014575073, -33.41652511350228], [-70.59018899605131, -33.416462050730175], [-70.59022601471676, -33.416430037343666], [-70.59022486499556, -33.41636697457169]]]}}, {"type": "Feature", "properties": {"codigo": "UEe5", "capa_cad": "UEe5", "lamina": "uso_suelo"}, "geometry": {"type": "Polygon", "coordinates": [[[-70.53277821557003, -33.416932524402824], [-70.53315416313485, -33.416927877798585], [-70.53319231214624, -33.4169589453173], [-70.533305096437, -33.41695755107815], [-70.53334324551369, -33.41698861854837], [-70.53349362460685, -33.416986759355666], [-70.53353177376154, -33.41701782676546], [-70.53360696332835, -33.4170168970769], [-70.5336091809799, -33.41714302601653], [-70.53357214054407, -33.41717502310376], [-70.53357269494639, -33.41720655533862], [-70.5335356544707, -33.41723855241579], [-70.53353620886118, -33.41727008465088], [-70.53285950064924, -33.417278449877855], [-70.53282135160788, -33.41724738225891], [-70.53274616181473, -33.41724831147695], [-70.53274228310153, -33.417027585745295], [-70.53277932379147, -33.416995588898345], [-70.53277821557003, -33.416932524402824]]]}}, {"type": "Feature", "properties": {"codigo": "UEe5", "capa_cad": "UEe5", "lamina": "uso_suelo"}, "geometry": {"type": "Polygon", "coordinates": [[[-70.53920301203884, -33.41663218564631], [-70.53946617364339, -33.4166289195399], [-70.53950432468947, -33.416659985057535], [-70.53969229730173, -33.41665765172307], [-70.53973044843855, -33.41668871716832], [-70.53988082656359, -33.41668685024801], [-70.5399189777784, -33.41671791563284], [-70.54006935594043, -33.41671604848258], [-70.54010750723324, -33.41674711380694], [-70.54033307452656, -33.41674431266829], [-70.5403712259228, -33.41677537790833], [-70.54059679326119, -33.416772576288096], [-70.54063494476082, -33.41680364144383], [-70.54071013389212, -33.41680270745544], [-70.54074828544434, -33.41683377257461], [-70.5407566403667, -33.41730675451112], [-70.5407196025733, -33.417338753659585], [-70.54068702058777, -33.41762300982108], [-70.54064998263836, -33.41765500895177], [-70.54065165355267, -33.417749605333945], [-70.54061461553799, -33.41778160445535], [-70.54061684338502, -33.41790773296411], [-70.54057980529234, -33.41793973207661], [-70.54058259005707, -33.418097392710706], [-70.54054555187369, -33.418129391814695], [-70.54054889354373, -33.41831858457235], [-70.54051185525691, -33.41835058366823], [-70.54051352606551, -33.41844518004593], [-70.54047648771339, -33.41847717913254], [-70.54047871541948, -33.41860330763533], [-70.54044167698936, -33.41863530671303], [-70.54044501849823, -33.418824499464485], [-70.5404079799647, -33.418856498534076], [-70.5404107645157, -33.41901415915758], [-70.54037372589144, -33.41904615821865], [-70.54037651040056, -33.41920381883987], [-70.54033947168558, -33.41923581789243], [-70.54034058546989, -33.41929888214051], [-70.54030354670233, -33.4193308811834], [-70.54030688799975, -33.41952007392592], [-70.54026984912876, -33.4195520729607], [-70.54027040600198, -33.41958360508424], [-70.54012225019558, -33.4197116011204], [-70.54012280701882, -33.41974313324531], [-70.53978388770192, -33.41971580242737], [-70.53966998687045, -33.419654138394336], [-70.53951960361564, -33.419656005204686], [-70.53948145120998, -33.41962493974391], [-70.53936866379793, -33.41962633969627], [-70.53933051145756, -33.41959527418702], [-70.53921772407585, -33.41959667400105], [-70.5391795718008, -33.419565608443285], [-70.53902918866389, -33.41956747465479], [-70.53899103646685, -33.41953640903658], [-70.5388030575898, -33.419538741485006], [-70.53876490548349, -33.41950767579443], [-70.53857692664836, -33.41951000789844], [-70.53846302690015, -33.41944834272258], [-70.53831264391471, -33.419450208059715], [-70.538274492017, -33.41941914221169], [-70.53823689628119, -33.419419608505564], [-70.53823133497272, -33.41910428695242], [-70.53826837443307, -33.4190722885084], [-70.53826726215634, -33.41900922419652], [-70.5383043015641, -33.41897722574284], [-70.53830152082386, -33.418819564962114], [-70.53833856014091, -33.41878756649992], [-70.53833633551345, -33.41866143787384], [-70.53837337475248, -33.418629439402736], [-70.53837170625285, -33.41853484293258], [-70.5384087454266, -33.418502844452206], [-70.53844355981741, -33.4183447173352], [-70.53848059888597, -33.41831271883549], [-70.53848004268649, -33.418281186678904], [-70.5385170817152, -33.418249188169106], [-70.53851596929339, -33.41818612385623], [-70.53855300826952, -33.41815412533676], [-70.53855078338545, -33.418027996710514], [-70.53858782228356, -33.417995998182164], [-70.53858670982129, -33.41793293386879], [-70.53869727000847, -33.41780540606757], [-70.53869615747513, -33.417742341755506], [-70.53873319620105, -33.41771034318731], [-70.5387315273694, -33.417615746719115], [-70.53880560466352, -33.41755174955367], [-70.53880504836262, -33.41752021739804], [-70.53887856919722, -33.41742468803656], [-70.53887745654889, -33.41736162372601], [-70.53891449505007, -33.41732962510828], [-70.53891226971294, -33.41720349648669], [-70.53898634653211, -33.41713949922297], [-70.5389852338179, -33.417076434912715], [-70.53902227216133, -33.41704443626597], [-70.53902004669246, -33.41691830764497], [-70.53909412319616, -33.41685431032322], [-70.53912893579975, -33.416696183027625], [-70.53920301203884, -33.41663218564631]]]}}, {"type": "Feature", "properties": {"codigo": "UEe5", "capa_cad": "UEe5", "lamina": "uso_suelo"}, "geometry": {"type": "Polygon", "coordinates": [[[-70.58453907354672, -33.415935123900276], [-70.58472704055491, -33.41593272237627], [-70.58476520683122, -33.41596377350914], [-70.58480280024287, -33.41596329315823], [-70.58484096655903, -33.41599434426644], [-70.584916153405, -33.41599338350653], [-70.58495431977369, -33.416024434578155], [-70.58510469350568, -33.416022512873894], [-70.58510526650791, -33.41605404434007], [-70.58514343296893, -33.41608509535041], [-70.58514572504458, -33.416211221210474], [-70.58507168400811, -33.416275245046315], [-70.58507283000056, -33.41633830797695], [-70.58503580941623, -33.41637031988006], [-70.58503695538687, -33.41643338281081], [-70.58499993475002, -33.41646539470432], [-70.58500050772399, -33.41649692616984], [-70.5849634870473, -33.41652893805335], [-70.58496463297257, -33.4165920009847], [-70.58492761224336, -33.41662401285859], [-70.58492875814682, -33.416687075790065], [-70.58462800835207, -33.41669091865705], [-70.58458984179373, -33.4166598674934], [-70.58455224807807, -33.41666034778858], [-70.58451408155956, -33.416629296600256], [-70.5844764878557, -33.41662977687209], [-70.58443832137702, -33.416598725659114], [-70.58440072768494, -33.4165992059076], [-70.58439958216697, -33.4165361429591], [-70.58436141575707, -33.416505091719976], [-70.58435855205009, -33.41634743434205], [-70.58439557288216, -33.416315422634], [-70.5843938546306, -33.41622082820641], [-70.58446789613717, -33.41615680476149], [-70.58446675058987, -33.41609374181053], [-70.58450377127706, -33.416061730073245], [-70.58450262570796, -33.41599866712241], [-70.58453964634262, -33.41596665537553], [-70.58453907354672, -33.415935123900276]]]}}, {"type": "Feature", "properties": {"codigo": "UEe5", "capa_cad": "UEe5", "lamina": "uso_suelo"}, "geometry": {"type": "Polygon", "coordinates": [[[-70.5908409512285, -33.41509752365436], [-70.59106650878032, -33.41509463039737], [-70.59110467685265, -33.4151256795271], [-70.59114226978751, -33.4151251972658], [-70.59118043789965, -33.415156246370856], [-70.59125562379204, -33.41515528179018], [-70.5912937919567, -33.4151863308586], [-70.59144416378142, -33.415184401512775], [-70.59148233202396, -33.41521545052068], [-70.59163270388508, -33.415213520944846], [-70.59167087220548, -33.41524456989221], [-70.59167605046207, -33.41552835221259], [-70.59145049185588, -33.41553124661078], [-70.59141232348131, -33.41550019759837], [-70.59126195110998, -33.41550212692162], [-70.5912237828133, -33.415471077848665], [-70.59114859664763, -33.41547204241806], [-70.59111042840345, -33.41544099330848], [-70.59107283533196, -33.41544147556414], [-70.59103466712759, -33.41541042642988], [-70.59088429488338, -33.41541235529083], [-70.59080795865758, -33.41535025688856], [-70.59080565847165, -33.41522413135764], [-70.59084267639658, -33.41519211780311], [-70.5908409512285, -33.41509752365436]]]}}, {"type": "Feature", "properties": {"codigo": "UEe5", "capa_cad": "UEe5", "lamina": "uso_suelo"}, "geometry": {"type": "Polygon", "coordinates": [[[-70.59174970417546, -33.413382771549976], [-70.59186420685243, -33.41347591833981], [-70.59186996078816, -33.413791232088634], [-70.59183294382629, -33.41382324592805], [-70.59183409459882, -33.41388630867659], [-70.59179707758443, -33.41391832250642], [-70.59179937908955, -33.414044448003075], [-70.59165131055765, -33.41417250322477], [-70.59120020031767, -33.41417829131501], [-70.59119904999052, -33.414115228549974], [-70.59116088234322, -33.41408417943234], [-70.59115283035614, -33.413642740047855], [-70.59122686462152, -33.41357871275266], [-70.59122628946095, -33.4135471813676], [-70.59133734061737, -33.41345114034797], [-70.59133676541965, -33.41341960896394], [-70.59144954200366, -33.4134181619998], [-70.5914865589454, -33.413386148273766], [-70.59174970417546, -33.413382771549976]]]}}, {"type": "Feature", "properties": {"codigo": "UEe5", "capa_cad": "UEe5", "lamina": "uso_suelo"}, "geometry": {"type": "Polygon", "coordinates": [[[-70.57378462533136, -33.409669660450895], [-70.57378690043309, -33.40979578713326], [-70.57371285602507, -33.40985980433524], [-70.5737139935305, -33.409922867677004], [-70.57356590428722, -33.41005090195915], [-70.5735664729905, -33.41008243363139], [-70.57352945059914, -33.41011444217628], [-70.57353058798302, -33.41017750552101], [-70.5734565430681, -33.41024152258114], [-70.57326858729677, -33.410243906672086], [-70.57323042755428, -33.41021285177964], [-70.57319283641004, -33.41021332855173], [-70.57315467670738, -33.41018227363463], [-70.57304190330743, -33.410183703846755], [-70.57303906073656, -33.41002604544673], [-70.57307608327781, -33.40999403704364], [-70.57307494623029, -33.40993097368324], [-70.57314899118062, -33.40986695684741], [-70.57314785408587, -33.409803893487926], [-70.57318487649495, -33.40977188505519], [-70.57318430793622, -33.40974035337558], [-70.57322133030546, -33.409708344932824], [-70.57322076173494, -33.40967681325346], [-70.57325778406435, -33.40964480480066], [-70.57325664690059, -33.409581741442246], [-70.57329366917747, -33.409549732979826], [-70.57355680515485, -33.40954639518055], [-70.57359496470794, -33.40957744998093], [-70.57363255557098, -33.40957697309498], [-70.57367071516389, -33.40960802787069], [-70.57370830603875, -33.4096075509614], [-70.57378462533136, -33.409669660450895]]]}}, {"type": "Feature", "properties": {"codigo": "UEe5", "capa_cad": "UEe5", "lamina": "uso_suelo"}, "geometry": {"type": "Polygon", "coordinates": [[[-70.48369026473901, -33.407152984723645], [-70.48369294559626, -33.40731064977819], [-70.48365589028991, -33.40734263239817], [-70.48366125193964, -33.40765796249832], [-70.48351088546713, -33.407659760844176], [-70.48347382994861, -33.40769174341395], [-70.48279718039772, -33.40769983352103], [-70.48275905290427, -33.407668749841335], [-70.48272199709761, -33.40770073219414], [-70.48200775558016, -33.40770926731755], [-70.48196962835422, -33.40767818338757], [-70.48193203669979, -33.40767863247883], [-70.4819213259706, -33.40704797176951], [-70.48353775468485, -33.40702865102555], [-70.48369026473901, -33.407152984723645]]]}}, {"type": "Feature", "properties": {"codigo": "UEe5", "capa_cad": "UEe5", "lamina": "uso_suelo"}, "geometry": {"type": "Polygon", "coordinates": [[[-70.56148176328176, -33.40503122053209], [-70.56197042181488, -33.405025068572755], [-70.56200744650793, -33.404993063392816], [-70.562308159262, -33.40498927652911], [-70.56231436911033, -33.40533612706917], [-70.5623525229004, -33.4053671855195], [-70.56236212039353, -33.40590322721056], [-70.56240027445637, -33.40593428563576], [-70.56241495384229, -33.40675411399097], [-70.56237792858303, -33.40678611930119], [-70.56238583293623, -33.40722756529683], [-70.56234880747215, -33.407259570602164], [-70.56212326704971, -33.407262411061716], [-70.56200880342664, -33.407169235553724], [-70.56197121339123, -33.40716970888797], [-70.56193305891718, -33.40713865034801], [-70.56189546889358, -33.407139123658936], [-70.56178100567234, -33.40704594792712], [-70.56174341568597, -33.40704642119083], [-70.56170526134586, -33.40701536257625], [-70.56166767137128, -33.40701583581663], [-70.56159136279787, -33.40695371852556], [-70.5615537728478, -33.40695419173066], [-70.5615532085519, -33.40692265986101], [-70.56147690014133, -33.40686054249387], [-70.56147238603685, -33.40660828751886], [-70.56150941156675, -33.40657628247063], [-70.56150602594913, -33.406387091234656], [-70.56154305137572, -33.40635508617839], [-70.56154079426412, -33.40622895868593], [-70.56157781961281, -33.406196953620814], [-70.56157386961249, -33.40597623050525], [-70.5615357158144, -33.40594517181801], [-70.56153458727968, -33.40588210806772], [-70.56149643353764, -33.405851049366326], [-70.56149417653656, -33.40572492186081], [-70.56145602287944, -33.4056938631438], [-70.56145489441306, -33.40563079938855], [-70.56141674081198, -33.40559974065742], [-70.56141391973364, -33.4054420812627], [-70.56137576623193, -33.40541102251521], [-70.5613706884763, -33.405127235587486], [-70.5614077134386, -33.40509523057944], [-70.56140714923522, -33.405063698698136], [-70.56144473837374, -33.40506322556099], [-70.56148176328176, -33.40503122053209]]]}}, {"type": "Feature", "properties": {"codigo": "UEe5", "capa_cad": "UEe5", "lamina": "uso_suelo"}, "geometry": {"type": "Polygon", "coordinates": [[[-70.52709410162379, -33.38650423251009], [-70.5271322348149, -33.38653530247974], [-70.52713278624859, -33.38656683496551], [-70.52747598631858, -33.38684646411682], [-70.52747653788286, -33.386877996595956], [-70.5279341415658, -33.3872508338625], [-70.52793745200754, -33.387440028681894], [-70.52790042159026, -33.387472023923436], [-70.52790097332085, -33.387503556393135], [-70.52775285132984, -33.38763153725643], [-70.52771526909719, -33.387631999974545], [-70.52749308521066, -33.38782397089131], [-70.52745550289065, -33.387824433533105], [-70.52690003868719, -33.38830435901818], [-70.52674970853354, -33.3883062088222], [-70.5267115746748, -33.38827513876167], [-70.52667399214695, -33.38827560117231], [-70.52652145703391, -33.38815132075601], [-70.52652035454255, -33.388088255782414], [-70.5262152858488, -33.38783969433135], [-70.52621473471976, -33.38780816183856], [-70.52594780113729, -33.38759066990003], [-70.52591021889056, -33.387591132071066], [-70.52587208564282, -33.387560061731634], [-70.52586933065483, -33.38740239923362], [-70.52598042404645, -33.387306415234534], [-70.52601800616944, -33.387305953045704], [-70.52624019213404, -33.38711398470068], [-70.52623908988912, -33.38705091970828], [-70.52646127472518, -33.386858950991915], [-70.52649885664718, -33.386858488662924], [-70.52664697927125, -33.38673050926656], [-70.52668456113474, -33.38673004688291], [-70.52694377458201, -33.38650608246152], [-70.52709410162379, -33.38650423251009]]]}}]}